slug,date,opponent,home_away,competition
aaron-bolger,2026-09-04T18:45:00Z,Drogheda United,A,FAI Cup
aaron-bolger,2026-09-11T18:45:00Z,Bohemian FC,H,Premier Division
aaron-bolger,2026-09-14T18:45:00Z,Sligo Rovers,A,Premier Division
aaron-bolger,2026-09-18T18:45:00Z,Derry City,A,Premier Division
aaron-bolger,2026-09-25T18:45:00Z,Shelbourne,H,Premier Division
aaron-bolger,2026-10-09T18:45:00Z,Waterford FC,A,Premier Division
aaron-brennan,2026-09-04T18:45:00Z,Sligo Rovers,H,FAI Cup
aaron-brennan,2026-09-11T18:45:00Z,Dundalk,H,Premier Division
aaron-brennan,2026-09-14T18:45:00Z,Derry City,H,Premier Division
aaron-brennan,2026-09-18T19:00:00Z,Shamrock Rovers,A,Premier Division
aaron-brennan,2026-10-09T18:45:00Z,Galway United FC,H,Premier Division
aaron-greene,2026-08-30T15:00:00Z,Derry City,A,Premier Division
aaron-greene,2026-09-04T19:00:00Z,Shelbourne,H,Premier Division
aaron-greene,2026-09-04T19:00:00Z,Bohemian FC,H,Premier Division
aaron-greene,2026-09-11T19:00:00Z,St. Patrick's Athletic,A,Premier Division
aaron-greene,2026-09-18T19:00:00Z,Waterford FC,H,Premier Division
aaron-greene,2026-10-09T19:00:00Z,Drogheda United,H,Premier Division
aaron-keogh,2026-09-06T15:00:00Z,Derry City,A,FAI Cup
aaron-keogh,2026-09-11T18:45:00Z,Waterford FC,A,Premier Division
aaron-keogh,2026-09-14T18:45:00Z,St. Patrick's Athletic,H,Premier Division
aaron-keogh,2026-09-18T18:45:00Z,Shelbourne,H,Premier Division
aaron-keogh,2026-10-09T18:45:00Z,Bohemian FC,H,Premier Division
aaron-maguire,2026-08-31T13:00:00Z,Birmingham U21,H,Premier League 2
aaron-maguire,2026-09-08T18:00:00Z,Exeter,A,EFL Trophy Southern Grp. A
aaron-maguire,2026-09-11T18:00:00Z,Derby County U21,A,Premier League 2
aaron-maguire,2026-09-19T12:00:00Z,Manchester City U21,H,Premier League 2
aaron-molloy,2026-08-29T23:00:00Z,Colorado Springs Switchbacks FC,H,USL Championship
aaron-molloy,2026-09-05T23:00:00Z,Sporting JAX,A,USL Championship
aaron-molloy,2026-09-13T02:00:00Z,Oakland Roots SC,A,USL Championship
aaron-molloy,2026-09-19T23:00:00Z,Orange County SC,H,USL Championship
aaron-molloy,2026-09-27T02:00:00Z,Monterey Bay FC,A,USL Championship
aaron-molloy,2026-10-03T23:00:00Z,El Paso Locomotive FC,H,USL Championship
aaron-molloy,2026-10-09T23:30:00Z,FC Tulsa,H,USL Championship
aaron-okpolokpo,2026-08-31T16:00:00Z,AC Oulu,A,Veikkausliiga
adam-banim,2026-09-05T15:00:00Z,Bohemian FC,H,FAI Cup
adam-banim,2026-09-11T19:00:00Z,Shamrock Rovers,H,Premier Division
adam-banim,2026-09-14T18:45:00Z,Dundalk,A,Premier Division
adam-banim,2026-09-19T18:45:00Z,Sligo Rovers,A,Premier Division
adam-banim,2026-10-09T18:45:00Z,Derry City,A,Premier Division
adam-brennan,2026-08-30T15:00:00Z,Derry City,A,Premier Division
adam-brennan,2026-09-04T19:00:00Z,Shelbourne,H,Premier Division
adam-brennan,2026-09-04T19:00:00Z,Bohemian FC,H,Premier Division
adam-brennan,2026-09-11T19:00:00Z,St. Patrick's Athletic,A,Premier Division
adam-brennan,2026-09-18T19:00:00Z,Waterford FC,H,Premier Division
adam-brennan,2026-10-09T19:00:00Z,Drogheda United,H,Premier Division
adam-deans,2026-09-05T15:00:00Z,Bohemian FC,H,FAI Cup
adam-deans,2026-09-11T19:00:00Z,Shamrock Rovers,H,Premier Division
adam-deans,2026-09-14T18:45:00Z,Dundalk,A,Premier Division
adam-deans,2026-09-19T18:45:00Z,Sligo Rovers,A,Premier Division
adam-deans,2026-10-09T18:45:00Z,Derry City,A,Premier Division
adam-mcdonnell,2026-09-04T19:00:00Z,Shamrock Rovers,A,Premier Division
adam-mcdonnell,2026-09-05T15:00:00Z,St. Patrick's Athletic,A,FAI Cup
adam-mcdonnell,2026-09-11T18:45:00Z,Galway United FC,A,Premier Division
adam-mcdonnell,2026-09-18T19:00:00Z,Drogheda United,H,Premier Division
adam-mcdonnell,2026-10-09T18:45:00Z,Dundalk,A,Premier Division
adam-ohalloran,2026-09-04T18:45:00Z,Drogheda United,A,FAI Cup
adam-ohalloran,2026-09-11T18:45:00Z,Bohemian FC,H,Premier Division
adam-ohalloran,2026-09-14T18:45:00Z,Sligo Rovers,A,Premier Division
adam-ohalloran,2026-09-18T18:45:00Z,Derry City,A,Premier Division
adam-ohalloran,2026-09-25T18:45:00Z,Shelbourne,H,Premier Division
adam-ohalloran,2026-10-09T18:45:00Z,Waterford FC,A,Premier Division
adam-oreilly,2026-08-30T15:00:00Z,Shamrock Rovers,H,Premier Division
adam-oreilly,2026-09-06T15:00:00Z,Dundalk,H,FAI Cup
adam-oreilly,2026-09-11T18:45:00Z,Shelbourne,A,Premier Division
adam-oreilly,2026-09-14T18:45:00Z,Waterford FC,A,Premier Division
adam-oreilly,2026-09-18T18:45:00Z,Galway United FC,H,Premier Division
adam-oreilly,2026-10-09T18:45:00Z,St. Patrick's Athletic,H,Premier Division
ade-solanke,2026-08-31T12:00:00Z,Middlesbrough U21,H,Premier League 2
ade-solanke,2026-09-12T11:00:00Z,Southampton U21,A,Premier League 2
ade-solanke,2026-09-21T18:00:00Z,Stoke City U21,H,Premier League 2
ademipo-odubeko,2026-09-04T19:00:00Z,Shamrock Rovers,A,Premier Division
ademipo-odubeko,2026-09-11T18:45:00Z,Derry City,H,Premier Division
ademipo-odubeko,2026-09-14T18:45:00Z,Drogheda United,H,Premier Division
ademipo-odubeko,2026-09-18T18:45:00Z,Dundalk,A,Premier Division
ademipo-odubeko,2026-09-25T18:45:00Z,Galway United FC,A,Premier Division
ademipo-odubeko,2026-10-09T18:45:00Z,Sligo Rovers,H,Premier Division
aidan-gabbidon,2026-09-04T18:45:00Z,Waterford FC,A,FAI Cup
aidan-gabbidon,2026-09-11T18:45:00Z,Drogheda United,A,Premier Division
aidan-gabbidon,2026-09-14T18:45:00Z,Galway United FC,H,Premier Division
aidan-gabbidon,2026-09-19T18:45:00Z,St. Patrick's Athletic,H,Premier Division
aidan-gabbidon,2026-10-09T18:45:00Z,Shelbourne,A,Premier Division
aidan-keena,2026-09-05T15:00:00Z,Bohemian FC,H,FAI Cup
aidan-keena,2026-09-11T19:00:00Z,Shamrock Rovers,H,Premier Division
aidan-keena,2026-09-14T18:45:00Z,Dundalk,A,Premier Division
aidan-keena,2026-09-19T18:45:00Z,Sligo Rovers,A,Premier Division
aidan-keena,2026-10-09T18:45:00Z,Derry City,A,Premier Division
ajibola-oluwabiyi,2026-09-04T18:45:00Z,Treaty United,A,First Division
ajibola-oluwabiyi,2026-09-11T18:45:00Z,Finn Harps,H,First Division
ajibola-oluwabiyi,2026-09-18T18:45:00Z,Cobh Ramblers,H,First Division
ajibola-oluwabiyi,2026-09-25T18:45:00Z,Kerry FC,A,First Division
ajibola-oluwabiyi,2026-10-02T18:45:00Z,Longford Town,H,First Division
ajibola-oluwabiyi,2026-10-09T18:45:00Z,Bray Wanderers,A,First Division
alan-reynolds,2026-09-04T19:00:00Z,Shamrock Rovers,A,Premier Division
alan-reynolds,2026-09-05T15:00:00Z,St. Patrick's Athletic,A,FAI Cup
alan-reynolds,2026-09-11T18:45:00Z,Galway United FC,A,Premier Division
alan-reynolds,2026-09-18T19:00:00Z,Drogheda United,H,Premier Division
alan-reynolds,2026-10-09T18:45:00Z,Dundalk,A,Premier Division
alan-zborowski,2026-09-04T18:45:00Z,UCD,H,First Division
alan-zborowski,2026-09-11T18:45:00Z,Cork City,A,First Division
alan-zborowski,2026-09-18T18:45:00Z,Wexford FC,A,First Division
alan-zborowski,2026-09-25T18:45:00Z,Athlone Town,H,First Division
alan-zborowski,2026-10-02T18:45:00Z,Bray Wanderers,A,First Division
alan-zborowski,2026-10-09T18:45:00Z,Kerry FC,H,First Division
alex-murphy,2026-08-30T11:30:00Z,St. Pauli,A,2. Bundesliga
alex-murphy,2026-09-05T11:00:00Z,Darmstadt,H,2. Bundesliga
alex-murphy,2026-09-12T11:00:00Z,Magdeburg,A,2. Bundesliga
alex-murphy,2026-09-19T11:00:00Z,Eintracht Braunschweig,H,2. Bundesliga
alex-murphy,2026-10-10T11:30:00Z,FC Heidenheim,A,2. Bundesliga
alex-nolan,2026-09-04T18:45:00Z,Waterford FC,A,FAI Cup
alex-nolan,2026-09-11T18:45:00Z,Drogheda United,A,Premier Division
alex-nolan,2026-09-14T18:45:00Z,Galway United FC,H,Premier Division
alex-nolan,2026-09-19T18:45:00Z,St. Patrick's Athletic,H,Premier Division
alex-nolan,2026-10-09T18:45:00Z,Shelbourne,A,Premier Division
alex-noonan,2026-08-30T15:00:00Z,Derry City,A,Premier Division
alex-noonan,2026-09-04T19:00:00Z,Shelbourne,H,Premier Division
alex-noonan,2026-09-04T19:00:00Z,Bohemian FC,H,Premier Division
alex-noonan,2026-09-11T19:00:00Z,St. Patrick's Athletic,A,Premier Division
alex-noonan,2026-09-18T19:00:00Z,Waterford FC,H,Premier Division
alex-noonan,2026-10-09T19:00:00Z,Drogheda United,H,Premier Division
ali-reghba,2026-08-30T18:15:00Z,Nafta,A,Prva Liga
ali-reghba,2026-09-06T15:30:00Z,Mura,H,Prva Liga
ali-reghba,2026-09-13T18:15:00Z,Radomlje,A,Prva Liga
ali-reghba,2026-09-19T16:00:00Z,Aluminij,H,Prva Liga
andrew-omobamidele,2026-08-29T15:15:00Z,Lens,H,Ligue 1
andrew-omobamidele,2026-09-06T13:00:00Z,Troyes,A,Ligue 1
andrew-omobamidele,2026-09-12T15:15:00Z,Monaco,H,Ligue 1
andrew-omobamidele,2026-09-19T15:00:00Z,Paris FC,A,Ligue 1
andrew-omobamidele,2026-10-10T15:00:00Z,Nice,A,Ligue 1
andrew-quinn,2026-09-04T18:45:00Z,Galway United FC,H,FAI Cup
andrew-quinn,2026-09-11T18:45:00Z,Sligo Rovers,H,Premier Division
andrew-quinn,2026-09-14T18:45:00Z,Shelbourne,A,Premier Division
andrew-quinn,2026-09-18T19:00:00Z,Bohemian FC,A,Premier Division
andrew-quinn,2026-10-09T19:00:00Z,Shamrock Rovers,A,Premier Division
anselmo-garcia-macnulty,2026-08-30T11:30:00Z,Holstein Kiel,H,2. Bundesliga
anselmo-garcia-macnulty,2026-09-06T11:30:00Z,Hertha BSC,A,2. Bundesliga
anselmo-garcia-macnulty,2026-09-12T11:00:00Z,Kaiserslautern,H,2. Bundesliga
anselmo-garcia-macnulty,2026-09-18T16:30:00Z,Greuther Fürth,A,2. Bundesliga
anselmo-garcia-macnulty,2026-10-10T11:30:00Z,Hannover 96,H,2. Bundesliga
anthony-breslin,2026-09-05T15:00:00Z,Bohemian FC,H,FAI Cup
anthony-breslin,2026-09-11T19:00:00Z,Shamrock Rovers,H,Premier Division
anthony-breslin,2026-09-14T18:45:00Z,Dundalk,A,Premier Division
anthony-breslin,2026-09-19T18:45:00Z,Sligo Rovers,A,Premier Division
anthony-breslin,2026-10-09T18:45:00Z,Derry City,A,Premier Division
anthony-oconnor,2026-09-04T18:45:00Z,Drogheda United,A,FAI Cup
anthony-oconnor,2026-09-11T18:45:00Z,Bohemian FC,H,Premier Division
anthony-oconnor,2026-09-14T18:45:00Z,Sligo Rovers,A,Premier Division
anthony-oconnor,2026-09-18T18:45:00Z,Derry City,A,Premier Division
anthony-oconnor,2026-09-25T18:45:00Z,Shelbourne,H,Premier Division
anthony-oconnor,2026-10-09T18:45:00Z,Waterford FC,A,Premier Division
aodh-dervin,2026-09-06T15:00:00Z,Derry City,A,FAI Cup
aodh-dervin,2026-09-11T18:45:00Z,Waterford FC,A,Premier Division
aodh-dervin,2026-09-14T18:45:00Z,St. Patrick's Athletic,H,Premier Division
aodh-dervin,2026-09-18T18:45:00Z,Shelbourne,H,Premier Division
aodh-dervin,2026-10-09T18:45:00Z,Bohemian FC,H,Premier Division
arlo-doherty,2026-09-04T18:45:00Z,Sligo Rovers,H,FAI Cup
arlo-doherty,2026-09-11T18:45:00Z,Dundalk,H,Premier Division
arlo-doherty,2026-09-14T18:45:00Z,Derry City,H,Premier Division
arlo-doherty,2026-09-18T19:00:00Z,Shamrock Rovers,A,Premier Division
arlo-doherty,2026-10-09T18:45:00Z,Galway United FC,H,Premier Division
armstrong-oko-flex,2026-08-30T16:00:00Z,Botev Plovdiv,A,First Professional League
armstrong-oko-flex,2026-09-02T17:00:00Z,Slavia Sofia,A,First Professional League
armstrong-oko-flex,2026-09-05T18:15:00Z,CSKA 1948,H,First Professional League
armstrong-oko-flex,2026-09-09T16:00:00Z,CSKA Sofia,H,Super Cup
armstrong-oko-flex,2026-09-12T16:00:00Z,Botev Vratsa,A,First Professional League
armstrong-oko-flex,2026-09-17T19:00:00Z,Milan,H,Europa League
armstrong-oko-flex,2026-09-17T19:00:00Z,Salzburg,H,Europa League
armstrong-oko-flex,2026-09-17T19:00:00Z,Jagiellonia Białystok,H,Europa League
armstrong-oko-flex,2026-09-17T19:00:00Z,Lillestrøm,H,Europa League
armstrong-oko-flex,2026-09-17T19:00:00Z,Marseille,A,Europa League
armstrong-oko-flex,2026-09-17T19:00:00Z,NEC Nijmegen,A,Europa League
armstrong-oko-flex,2026-09-17T19:00:00Z,Sunderland,A,Europa League
armstrong-oko-flex,2026-09-17T19:00:00Z,Viktoria Plzeň,A,Europa League
armstrong-oko-flex,2026-09-19T16:00:00Z,Ludogorets Razgrad,H,First Professional League
barry-coffey,2026-08-29T23:00:00Z,Birmingham Legion FC,H,USL Championship
barry-coffey,2026-09-02T23:00:00Z,Charleston Battery,A,USL Championship
barry-coffey,2026-09-05T23:00:00Z,Detroit City FC,A,USL Championship
barry-coffey,2026-09-08T23:00:00Z,Colorado Springs Switchbacks FC,H,USL Cup
barry-coffey,2026-09-12T23:00:00Z,Tampa Bay Rowdies,H,USL Championship
barry-coffey,2026-09-16T22:00:00Z,Sporting JAX,H,USL Championship
barry-coffey,2026-09-20T02:30:00Z,Las Vegas Lights FC,A,USL Championship
barry-coffey,2026-09-25T23:00:00Z,Louisville City FC,H,USL Championship
barry-coffey,2026-10-03T23:00:00Z,Charleston Battery,H,USL Championship
barry-cotter,2026-08-30T15:00:00Z,Shamrock Rovers,H,Premier Division
barry-cotter,2026-09-06T15:00:00Z,Dundalk,H,FAI Cup
barry-cotter,2026-09-11T18:45:00Z,Shelbourne,A,Premier Division
barry-cotter,2026-09-14T18:45:00Z,Waterford FC,A,Premier Division
barry-cotter,2026-09-18T18:45:00Z,Galway United FC,H,Premier Division
barry-cotter,2026-10-09T18:45:00Z,St. Patrick's Athletic,H,Premier Division
ben-mahon,2026-08-30T15:00:00Z,Derry City,A,Premier Division
ben-mahon,2026-09-04T19:00:00Z,Shelbourne,H,Premier Division
ben-mahon,2026-09-04T19:00:00Z,Bohemian FC,H,Premier Division
ben-mahon,2026-09-11T19:00:00Z,St. Patrick's Athletic,A,Premier Division
ben-mahon,2026-09-18T19:00:00Z,Waterford FC,H,Premier Division
ben-mahon,2026-10-09T19:00:00Z,Drogheda United,H,Premier Division
ben-mccormack,2026-09-04T18:45:00Z,Cork City,H,First Division
ben-mccormack,2026-09-11T18:45:00Z,Kerry FC,A,First Division
ben-mccormack,2026-09-18T18:45:00Z,Treaty United,H,First Division
ben-mccormack,2026-09-25T18:45:00Z,UCD,A,First Division
ben-mccormack,2026-10-02T18:45:00Z,Cobh Ramblers,H,First Division
ben-mccormack,2026-10-09T18:45:00Z,Wexford FC,H,First Division
billy-canny,2026-09-05T15:00:00Z,Bohemian FC,H,FAI Cup
billy-canny,2026-09-11T19:00:00Z,Shamrock Rovers,H,Premier Division
billy-canny,2026-09-14T18:45:00Z,Dundalk,A,Premier Division
billy-canny,2026-09-19T18:45:00Z,Sligo Rovers,A,Premier Division
billy-canny,2026-10-09T18:45:00Z,Derry City,A,Premier Division
billy-hayes,2026-09-05T15:00:00Z,Bohemian FC,H,FAI Cup
billy-hayes,2026-09-11T19:00:00Z,Shamrock Rovers,H,Premier Division
billy-hayes,2026-09-14T18:45:00Z,Dundalk,A,Premier Division
billy-hayes,2026-09-19T18:45:00Z,Sligo Rovers,A,Premier Division
billy-hayes,2026-10-09T18:45:00Z,Derry City,A,Premier Division
billy-oneill,2026-09-04T18:45:00Z,Cork City,H,First Division
billy-oneill,2026-09-11T18:45:00Z,Kerry FC,A,First Division
billy-oneill,2026-09-18T18:45:00Z,Treaty United,H,First Division
billy-oneill,2026-09-25T18:45:00Z,UCD,A,First Division
billy-oneill,2026-10-02T18:45:00Z,Cobh Ramblers,H,First Division
billy-oneill,2026-10-09T18:45:00Z,Wexford FC,H,First Division
billy-regan,2026-09-04T18:45:00Z,Wexford FC,H,First Division
billy-regan,2026-09-12T18:30:00Z,Longford Town,A,First Division
billy-regan,2026-09-18T18:45:00Z,Bray Wanderers,A,First Division
billy-regan,2026-09-25T18:45:00Z,Finn Harps,H,First Division
billy-regan,2026-10-02T18:45:00Z,UCD,H,First Division
billy-regan,2026-10-09T18:45:00Z,Athlone Town,A,First Division
bobby-keohan,2026-09-04T18:45:00Z,Sligo Rovers,H,FAI Cup
bobby-keohan,2026-09-11T18:45:00Z,Dundalk,H,Premier Division
bobby-keohan,2026-09-14T18:45:00Z,Derry City,H,Premier Division
bobby-keohan,2026-09-18T19:00:00Z,Shamrock Rovers,A,Premier Division
bobby-keohan,2026-10-09T18:45:00Z,Galway United FC,H,Premier Division
brandon-kavanagh,2026-09-04T18:45:00Z,Galway United FC,H,FAI Cup
brandon-kavanagh,2026-09-11T18:45:00Z,Sligo Rovers,H,Premier Division
brandon-kavanagh,2026-09-14T18:45:00Z,Shelbourne,A,Premier Division
brandon-kavanagh,2026-09-18T19:00:00Z,Bohemian FC,A,Premier Division
brandon-kavanagh,2026-10-09T19:00:00Z,Shamrock Rovers,A,Premier Division
brandon-ly,2026-08-30T11:00:00Z,Cong An Ho Chí Minh City,H,Super Cup
brandon-ly,2026-09-05T12:15:00Z,Hong Linh Ha Tinh,H,V-League
brandon-ly,2026-09-10T12:15:00Z,Viettel,A,V-League
brandon-ly,2026-09-15T10:00:00Z,Gamba Osaka,A,AFC Champions League Elite East
brandon-ly,2026-09-20T11:00:00Z,Trường Tươi Đồng Nai,A,V-League
brandon-ly,2026-10-08T00:00:00Z,Lion City Sailors FC,A,ASEAN Club Championship
brian-maher,2026-08-30T15:00:00Z,Shamrock Rovers,H,Premier Division
brian-maher,2026-09-06T15:00:00Z,Dundalk,H,FAI Cup
brian-maher,2026-09-11T18:45:00Z,Shelbourne,A,Premier Division
brian-maher,2026-09-14T18:45:00Z,Waterford FC,A,Premier Division
brian-maher,2026-09-18T18:45:00Z,Galway United FC,H,Premier Division
brian-maher,2026-10-09T18:45:00Z,St. Patrick's Athletic,H,Premier Division
bridel-bosakani,2026-09-04T18:45:00Z,Athlone Town,H,First Division
bridel-bosakani,2026-09-11T18:45:00Z,Wexford FC,A,First Division
bridel-bosakani,2026-09-18T18:45:00Z,Longford Town,H,First Division
bridel-bosakani,2026-09-25T18:45:00Z,Treaty United,A,First Division
bridel-bosakani,2026-10-02T18:45:00Z,Kerry FC,H,First Division
bridel-bosakani,2026-10-09T18:45:00Z,Cork City,A,First Division
brody-lee,2026-09-04T18:45:00Z,Bray Wanderers,A,First Division
brody-lee,2026-09-11T18:45:00Z,Cobh Ramblers,H,First Division
brody-lee,2026-09-18T18:45:00Z,UCD,H,First Division
brody-lee,2026-09-26T18:30:00Z,Longford Town,A,First Division
brody-lee,2026-10-02T18:45:00Z,Athlone Town,A,First Division
brody-lee,2026-10-09T18:45:00Z,Finn Harps,H,First Division
brooklyn-lyons-foster,2026-08-30T15:00:00Z,Shamrock Rovers,H,Premier Division
brooklyn-lyons-foster,2026-09-06T15:00:00Z,Dundalk,H,FAI Cup
brooklyn-lyons-foster,2026-09-11T18:45:00Z,Shelbourne,A,Premier Division
brooklyn-lyons-foster,2026-09-14T18:45:00Z,Waterford FC,A,Premier Division
brooklyn-lyons-foster,2026-09-18T18:45:00Z,Galway United FC,H,Premier Division
brooklyn-lyons-foster,2026-10-09T18:45:00Z,St. Patrick's Athletic,H,Premier Division
brooks-lennon,2026-08-30T20:30:00Z,New England,H,Major League Soccer
brooks-lennon,2026-09-05T23:30:00Z,Colorado,H,Major League Soccer
brooks-lennon,2026-09-09T23:30:00Z,DC United,A,Major League Soccer
brooks-lennon,2026-09-12T23:30:00Z,NY Red Bulls,H,Major League Soccer
brooks-lennon,2026-09-16T23:00:00Z,Orlando,H,US Open Cup
brooks-lennon,2026-09-19T23:30:00Z,Montreal,A,Major League Soccer
brooks-lennon,2026-09-27T23:00:00Z,Inter Miami CF,H,Major League Soccer
callum-downey,2026-08-30T15:00:00Z,Shamrock Rovers,H,Premier Division
callum-downey,2026-09-06T15:00:00Z,Dundalk,H,FAI Cup
callum-downey,2026-09-11T18:45:00Z,Shelbourne,A,Premier Division
callum-downey,2026-09-14T18:45:00Z,Waterford FC,A,Premier Division
callum-downey,2026-09-18T18:45:00Z,Galway United FC,H,Premier Division
callum-downey,2026-10-09T18:45:00Z,St. Patrick's Athletic,H,Premier Division
callum-honohan,2026-09-04T18:45:00Z,UCD,H,First Division
callum-honohan,2026-09-11T18:45:00Z,Cork City,A,First Division
callum-honohan,2026-09-18T18:45:00Z,Wexford FC,A,First Division
callum-honohan,2026-09-25T18:45:00Z,Athlone Town,H,First Division
callum-honohan,2026-10-02T18:45:00Z,Bray Wanderers,A,First Division
callum-honohan,2026-10-09T18:45:00Z,Kerry FC,H,First Division
callum-lynch,2026-09-04T18:45:00Z,Waterford FC,A,FAI Cup
callum-lynch,2026-09-11T18:45:00Z,Drogheda United,A,Premier Division
callum-lynch,2026-09-14T18:45:00Z,Galway United FC,H,Premier Division
callum-lynch,2026-09-19T18:45:00Z,St. Patrick's Athletic,H,Premier Division
callum-lynch,2026-10-09T18:45:00Z,Shelbourne,A,Premier Division
calum-donnelly,2026-09-04T18:45:00Z,Galway United FC,H,FAI Cup
calum-donnelly,2026-09-11T18:45:00Z,Sligo Rovers,H,Premier Division
calum-donnelly,2026-09-14T18:45:00Z,Shelbourne,A,Premier Division
calum-donnelly,2026-09-18T19:00:00Z,Bohemian FC,A,Premier Division
calum-donnelly,2026-10-09T19:00:00Z,Shamrock Rovers,A,Premier Division
carl-mchugh,2026-09-04T18:45:00Z,Waterford FC,A,FAI Cup
carl-mchugh,2026-09-11T18:45:00Z,Drogheda United,A,Premier Division
carl-mchugh,2026-09-14T18:45:00Z,Galway United FC,H,Premier Division
carl-mchugh,2026-09-19T18:45:00Z,St. Patrick's Athletic,H,Premier Division
carl-mchugh,2026-10-09T18:45:00Z,Shelbourne,A,Premier Division
charles-akinrintoyo,2026-09-04T18:45:00Z,Cobh Ramblers,A,First Division
charles-akinrintoyo,2026-09-11T18:45:00Z,Athlone Town,H,First Division
charles-akinrintoyo,2026-09-18T18:45:00Z,Cork City,A,First Division
charles-akinrintoyo,2026-09-25T18:45:00Z,Bray Wanderers,H,First Division
charles-akinrintoyo,2026-10-02T18:45:00Z,Treaty United,A,First Division
charles-akinrintoyo,2026-10-09T18:45:00Z,Longford Town,H,First Division
charlie-mcgarvey,2026-09-04T18:45:00Z,Waterford FC,A,FAI Cup
charlie-mcgarvey,2026-09-11T18:45:00Z,Drogheda United,A,Premier Division
charlie-mcgarvey,2026-09-14T18:45:00Z,Galway United FC,H,Premier Division
charlie-mcgarvey,2026-09-19T18:45:00Z,St. Patrick's Athletic,H,Premier Division
charlie-mcgarvey,2026-10-09T18:45:00Z,Shelbourne,A,Premier Division
chris-forrester,2026-09-05T15:00:00Z,Bohemian FC,H,FAI Cup
chris-forrester,2026-09-11T19:00:00Z,Shamrock Rovers,H,Premier Division
chris-forrester,2026-09-14T18:45:00Z,Dundalk,A,Premier Division
chris-forrester,2026-09-19T18:45:00Z,Sligo Rovers,A,Premier Division
chris-forrester,2026-10-09T18:45:00Z,Derry City,A,Premier Division
christopher-conlan,2026-09-04T19:00:00Z,Shamrock Rovers,A,Premier Division
christopher-conlan,2026-09-05T15:00:00Z,St. Patrick's Athletic,A,FAI Cup
christopher-conlan,2026-09-11T18:45:00Z,Galway United FC,A,Premier Division
christopher-conlan,2026-09-18T19:00:00Z,Drogheda United,H,Premier Division
christopher-conlan,2026-10-09T18:45:00Z,Dundalk,A,Premier Division
christy-grogan,2026-08-30T15:00:00Z,Shamrock Rovers,H,Premier Division
christy-grogan,2026-09-06T15:00:00Z,Dundalk,H,FAI Cup
christy-grogan,2026-09-11T18:45:00Z,Shelbourne,A,Premier Division
christy-grogan,2026-09-14T18:45:00Z,Waterford FC,A,Premier Division
christy-grogan,2026-09-18T18:45:00Z,Galway United FC,H,Premier Division
christy-grogan,2026-10-09T18:45:00Z,St. Patrick's Athletic,H,Premier Division
cian-barrett,2026-09-04T18:45:00Z,Sligo Rovers,H,FAI Cup
cian-barrett,2026-09-11T18:45:00Z,Dundalk,H,Premier Division
cian-barrett,2026-09-14T18:45:00Z,Derry City,H,Premier Division
cian-barrett,2026-09-18T19:00:00Z,Shamrock Rovers,A,Premier Division
cian-barrett,2026-10-09T18:45:00Z,Galway United FC,H,Premier Division
cian-byrne,2026-09-04T19:00:00Z,Shamrock Rovers,A,Premier Division
cian-byrne,2026-09-05T15:00:00Z,St. Patrick's Athletic,A,FAI Cup
cian-byrne,2026-09-11T18:45:00Z,Galway United FC,A,Premier Division
cian-byrne,2026-09-18T19:00:00Z,Drogheda United,H,Premier Division
cian-byrne,2026-10-09T18:45:00Z,Dundalk,A,Premier Division
cian-dillon,2026-09-06T15:00:00Z,Derry City,A,FAI Cup
cian-dillon,2026-09-11T18:45:00Z,Waterford FC,A,Premier Division
cian-dillon,2026-09-14T18:45:00Z,St. Patrick's Athletic,H,Premier Division
cian-dillon,2026-09-18T18:45:00Z,Shelbourne,H,Premier Division
cian-dillon,2026-10-09T18:45:00Z,Bohemian FC,H,Premier Division
cian-kavanagh,2026-09-04T18:45:00Z,Waterford FC,A,FAI Cup
cian-kavanagh,2026-09-11T18:45:00Z,Drogheda United,A,Premier Division
cian-kavanagh,2026-09-14T18:45:00Z,Galway United FC,H,Premier Division
cian-kavanagh,2026-09-19T18:45:00Z,St. Patrick's Athletic,H,Premier Division
cian-kavanagh,2026-10-09T18:45:00Z,Shelbourne,A,Premier Division
cian-oconnor,2026-09-04T18:45:00Z,Galway United FC,H,FAI Cup
cian-oconnor,2026-09-11T18:45:00Z,Sligo Rovers,H,Premier Division
cian-oconnor,2026-09-14T18:45:00Z,Shelbourne,A,Premier Division
cian-oconnor,2026-09-18T19:00:00Z,Bohemian FC,A,Premier Division
cian-oconnor,2026-10-09T19:00:00Z,Shamrock Rovers,A,Premier Division
cian-spaight,2026-09-06T15:00:00Z,Derry City,A,FAI Cup
cian-spaight,2026-09-11T18:45:00Z,Waterford FC,A,Premier Division
cian-spaight,2026-09-14T18:45:00Z,St. Patrick's Athletic,H,Premier Division
cian-spaight,2026-09-18T18:45:00Z,Shelbourne,H,Premier Division
cian-spaight,2026-10-09T18:45:00Z,Bohemian FC,H,Premier Division
ciaran-kilduff,2026-09-06T15:00:00Z,Derry City,A,FAI Cup
ciaran-kilduff,2026-09-11T18:45:00Z,Waterford FC,A,Premier Division
ciaran-kilduff,2026-09-14T18:45:00Z,St. Patrick's Athletic,H,Premier Division
ciaran-kilduff,2026-09-18T18:45:00Z,Shelbourne,H,Premier Division
ciaran-kilduff,2026-10-09T18:45:00Z,Bohemian FC,H,Premier Division
ciaran-mullan,2026-08-30T15:00:00Z,Shamrock Rovers,H,Premier Division
ciaran-mullan,2026-09-06T15:00:00Z,Dundalk,H,FAI Cup
ciaran-mullan,2026-09-11T18:45:00Z,Shelbourne,A,Premier Division
ciaran-mullan,2026-09-14T18:45:00Z,Waterford FC,A,Premier Division
ciaran-mullan,2026-09-18T18:45:00Z,Galway United FC,H,Premier Division
ciaran-mullan,2026-10-09T18:45:00Z,St. Patrick's Athletic,H,Premier Division
cillian-murphy,2026-09-04T18:45:00Z,Bray Wanderers,A,First Division
cillian-murphy,2026-09-11T18:45:00Z,Cobh Ramblers,H,First Division
cillian-murphy,2026-09-18T18:45:00Z,UCD,H,First Division
cillian-murphy,2026-09-26T18:30:00Z,Longford Town,A,First Division
cillian-murphy,2026-10-02T18:45:00Z,Athlone Town,A,First Division
cillian-murphy,2026-10-09T18:45:00Z,Finn Harps,H,First Division
colm-horgan,2026-09-04T18:45:00Z,Drogheda United,A,FAI Cup
colm-horgan,2026-09-11T18:45:00Z,Bohemian FC,H,Premier Division
colm-horgan,2026-09-14T18:45:00Z,Sligo Rovers,A,Premier Division
colm-horgan,2026-09-18T18:45:00Z,Derry City,A,Premier Division
colm-horgan,2026-09-25T18:45:00Z,Shelbourne,H,Premier Division
colm-horgan,2026-10-09T18:45:00Z,Waterford FC,A,Premier Division
colm-whelan,2026-09-04T19:00:00Z,Shamrock Rovers,A,Premier Division
colm-whelan,2026-09-05T15:00:00Z,St. Patrick's Athletic,A,FAI Cup
colm-whelan,2026-09-11T18:45:00Z,Galway United FC,A,Premier Division
colm-whelan,2026-09-18T19:00:00Z,Drogheda United,H,Premier Division
colm-whelan,2026-10-09T18:45:00Z,Dundalk,A,Premier Division
conal-mcdermott,2026-08-30T15:00:00Z,Shamrock Rovers,H,Premier Division
conal-mcdermott,2026-09-06T15:00:00Z,Dundalk,H,FAI Cup
conal-mcdermott,2026-09-11T18:45:00Z,Shelbourne,A,Premier Division
conal-mcdermott,2026-09-14T18:45:00Z,Waterford FC,A,Premier Division
conal-mcdermott,2026-09-18T18:45:00Z,Galway United FC,H,Premier Division
conal-mcdermott,2026-10-09T18:45:00Z,St. Patrick's Athletic,H,Premier Division
conall-alfred,2026-09-06T15:00:00Z,Derry City,A,FAI Cup
conall-alfred,2026-09-11T18:45:00Z,Waterford FC,A,Premier Division
conall-alfred,2026-09-14T18:45:00Z,St. Patrick's Athletic,H,Premier Division
conall-alfred,2026-09-18T18:45:00Z,Shelbourne,H,Premier Division
conall-alfred,2026-10-09T18:45:00Z,Bohemian FC,H,Premier Division
conan-noonan,2026-09-04T18:45:00Z,Sligo Rovers,H,FAI Cup
conan-noonan,2026-09-11T18:45:00Z,Dundalk,H,Premier Division
conan-noonan,2026-09-14T18:45:00Z,Derry City,H,Premier Division
conan-noonan,2026-09-18T19:00:00Z,Shamrock Rovers,A,Premier Division
conan-noonan,2026-10-09T18:45:00Z,Galway United FC,H,Premier Division
connor-barratt,2026-09-04T18:45:00Z,Drogheda United,A,FAI Cup
connor-barratt,2026-09-11T18:45:00Z,Bohemian FC,H,Premier Division
connor-barratt,2026-09-14T18:45:00Z,Sligo Rovers,A,Premier Division
connor-barratt,2026-09-18T18:45:00Z,Derry City,A,Premier Division
connor-barratt,2026-09-25T18:45:00Z,Shelbourne,H,Premier Division
connor-barratt,2026-10-09T18:45:00Z,Waterford FC,A,Premier Division
connor-whittaker,2026-09-04T18:45:00Z,Drogheda United,A,FAI Cup
connor-whittaker,2026-09-11T18:45:00Z,Bohemian FC,H,Premier Division
connor-whittaker,2026-09-14T18:45:00Z,Sligo Rovers,A,Premier Division
connor-whittaker,2026-09-18T18:45:00Z,Derry City,A,Premier Division
connor-whittaker,2026-09-25T18:45:00Z,Shelbourne,H,Premier Division
connor-whittaker,2026-10-09T18:45:00Z,Waterford FC,A,Premier Division
conor-cannon,2026-09-04T18:45:00Z,Waterford FC,A,FAI Cup
conor-cannon,2026-09-11T18:45:00Z,Drogheda United,A,Premier Division
conor-cannon,2026-09-14T18:45:00Z,Galway United FC,H,Premier Division
conor-cannon,2026-09-19T18:45:00Z,St. Patrick's Athletic,H,Premier Division
conor-cannon,2026-10-09T18:45:00Z,Shelbourne,A,Premier Division
conor-carty,2026-09-01T18:45:00Z,Hartlepool United,H,National League
conor-carty,2026-09-05T11:30:00Z,Aldershot Town,A,National League
conor-carty,2026-09-08T18:00:00Z,Wolverhampton Wanderers U21,H,National League Cup Group A
conor-carty,2026-09-12T14:00:00Z,Hornchurch,H,National League
conor-carty,2026-09-15T18:45:00Z,Wealdstone,A,National League
conor-carty,2026-09-19T14:00:00Z,Sutton United,H,National League
conor-carty,2026-09-26T14:00:00Z,Worthing,A,National League
conor-carty,2026-09-29T18:45:00Z,Boston United,H,National League
conor-carty,2026-10-03T14:00:00Z,Solihull Moors,A,National League
conor-carty,2026-10-10T14:00:00Z,Gateshead FC,H,National League
conor-gleeson,2026-09-04T18:45:00Z,Drogheda United,A,FAI Cup
conor-gleeson,2026-09-11T18:45:00Z,Bohemian FC,H,Premier Division
conor-gleeson,2026-09-14T18:45:00Z,Sligo Rovers,A,Premier Division
conor-gleeson,2026-09-18T18:45:00Z,Derry City,A,Premier Division
conor-gleeson,2026-09-25T18:45:00Z,Shelbourne,H,Premier Division
conor-gleeson,2026-10-09T18:45:00Z,Waterford FC,A,Premier Division
conor-james-mccormack,2026-09-04T18:45:00Z,Drogheda United,A,FAI Cup
conor-james-mccormack,2026-09-11T18:45:00Z,Bohemian FC,H,Premier Division
conor-james-mccormack,2026-09-14T18:45:00Z,Sligo Rovers,A,Premier Division
conor-james-mccormack,2026-09-18T18:45:00Z,Derry City,A,Premier Division
conor-james-mccormack,2026-09-25T18:45:00Z,Shelbourne,H,Premier Division
conor-james-mccormack,2026-10-09T18:45:00Z,Waterford FC,A,Premier Division
conor-kane,2026-09-04T18:45:00Z,Galway United FC,H,FAI Cup
conor-kane,2026-09-11T18:45:00Z,Sligo Rovers,H,Premier Division
conor-kane,2026-09-14T18:45:00Z,Shelbourne,A,Premier Division
conor-kane,2026-09-18T19:00:00Z,Bohemian FC,A,Premier Division
conor-kane,2026-10-09T19:00:00Z,Shamrock Rovers,A,Premier Division
conor-kearns,2026-09-06T15:00:00Z,Derry City,A,FAI Cup
conor-kearns,2026-09-11T18:45:00Z,Waterford FC,A,Premier Division
conor-kearns,2026-09-14T18:45:00Z,St. Patrick's Athletic,H,Premier Division
conor-kearns,2026-09-18T18:45:00Z,Shelbourne,H,Premier Division
conor-kearns,2026-10-09T18:45:00Z,Bohemian FC,H,Premier Division
conor-keeley,2026-09-04T18:45:00Z,Galway United FC,H,FAI Cup
conor-keeley,2026-09-11T18:45:00Z,Sligo Rovers,H,Premier Division
conor-keeley,2026-09-14T18:45:00Z,Shelbourne,A,Premier Division
conor-keeley,2026-09-18T19:00:00Z,Bohemian FC,A,Premier Division
conor-keeley,2026-10-09T19:00:00Z,Shamrock Rovers,A,Premier Division
conor-okeeffe,2026-09-06T15:00:00Z,Derry City,A,FAI Cup
conor-okeeffe,2026-09-11T18:45:00Z,Waterford FC,A,Premier Division
conor-okeeffe,2026-09-14T18:45:00Z,St. Patrick's Athletic,H,Premier Division
conor-okeeffe,2026-09-18T18:45:00Z,Shelbourne,H,Premier Division
conor-okeeffe,2026-10-09T18:45:00Z,Bohemian FC,H,Premier Division
conor-reynolds,2026-09-04T18:45:00Z,Waterford FC,A,FAI Cup
conor-reynolds,2026-09-11T18:45:00Z,Drogheda United,A,Premier Division
conor-reynolds,2026-09-14T18:45:00Z,Galway United FC,H,Premier Division
conor-reynolds,2026-09-19T18:45:00Z,St. Patrick's Athletic,H,Premier Division
conor-reynolds,2026-10-09T18:45:00Z,Shelbourne,A,Premier Division
conor-walsh,2026-09-04T19:00:00Z,Shamrock Rovers,A,Premier Division
conor-walsh,2026-09-11T18:45:00Z,Derry City,H,Premier Division
conor-walsh,2026-09-14T18:45:00Z,Drogheda United,H,Premier Division
conor-walsh,2026-09-18T18:45:00Z,Dundalk,A,Premier Division
conor-walsh,2026-09-25T18:45:00Z,Galway United FC,A,Premier Division
conor-walsh,2026-10-09T18:45:00Z,Sligo Rovers,H,Premier Division
corrie-ndaba,2026-08-31T16:30:00Z,Roma,H,Serie A
corrie-ndaba,2026-09-07T16:30:00Z,Cagliari,A,Serie A
corrie-ndaba,2026-09-13T13:00:00Z,Monza,H,Serie A
corrie-ndaba,2026-09-20T18:45:00Z,Milan,A,Serie A
cory-osullivan,2026-08-30T15:00:00Z,Derry City,A,Premier Division
cory-osullivan,2026-09-04T19:00:00Z,Shelbourne,H,Premier Division
cory-osullivan,2026-09-04T19:00:00Z,Bohemian FC,H,Premier Division
cory-osullivan,2026-09-11T19:00:00Z,St. Patrick's Athletic,A,Premier Division
cory-osullivan,2026-09-18T19:00:00Z,Waterford FC,H,Premier Division
cory-osullivan,2026-10-09T19:00:00Z,Drogheda United,H,Premier Division
daire-patton,2026-09-04T18:45:00Z,Waterford FC,A,FAI Cup
daire-patton,2026-09-11T18:45:00Z,Drogheda United,A,Premier Division
daire-patton,2026-09-14T18:45:00Z,Galway United FC,H,Premier Division
daire-patton,2026-09-19T18:45:00Z,St. Patrick's Athletic,H,Premier Division
daire-patton,2026-10-09T18:45:00Z,Shelbourne,A,Premier Division
daithi-folan,2026-09-06T15:00:00Z,Derry City,A,FAI Cup
daithi-folan,2026-09-11T18:45:00Z,Waterford FC,A,Premier Division
daithi-folan,2026-09-14T18:45:00Z,St. Patrick's Athletic,H,Premier Division
daithi-folan,2026-09-18T18:45:00Z,Shelbourne,H,Premier Division
daithi-folan,2026-10-09T18:45:00Z,Bohemian FC,H,Premier Division
daniel-chukwu,2026-09-05T15:00:00Z,Bohemian FC,H,FAI Cup
daniel-chukwu,2026-09-11T19:00:00Z,Shamrock Rovers,H,Premier Division
daniel-chukwu,2026-09-14T18:45:00Z,Dundalk,A,Premier Division
daniel-chukwu,2026-09-19T18:45:00Z,Sligo Rovers,A,Premier Division
daniel-chukwu,2026-10-09T18:45:00Z,Derry City,A,Premier Division
daniel-cleary,2026-08-30T15:00:00Z,Derry City,A,Premier Division
daniel-cleary,2026-09-04T19:00:00Z,Shelbourne,H,Premier Division
daniel-cleary,2026-09-04T19:00:00Z,Bohemian FC,H,Premier Division
daniel-cleary,2026-09-11T19:00:00Z,St. Patrick's Athletic,A,Premier Division
daniel-cleary,2026-09-18T19:00:00Z,Waterford FC,H,Premier Division
daniel-cleary,2026-10-09T19:00:00Z,Drogheda United,H,Premier Division
daniel-grant,2026-08-30T15:00:00Z,Derry City,A,Premier Division
daniel-grant,2026-09-04T19:00:00Z,Shelbourne,H,Premier Division
daniel-grant,2026-09-04T19:00:00Z,Bohemian FC,H,Premier Division
daniel-grant,2026-09-11T19:00:00Z,St. Patrick's Athletic,A,Premier Division
daniel-grant,2026-09-18T19:00:00Z,Waterford FC,H,Premier Division
daniel-grant,2026-10-09T19:00:00Z,Drogheda United,H,Premier Division
daniel-kelly,2026-09-04T19:00:00Z,Shamrock Rovers,A,Premier Division
daniel-kelly,2026-09-11T18:45:00Z,Derry City,H,Premier Division
daniel-kelly,2026-09-14T18:45:00Z,Drogheda United,H,Premier Division
daniel-kelly,2026-09-18T18:45:00Z,Dundalk,A,Premier Division
daniel-kelly,2026-09-25T18:45:00Z,Galway United FC,A,Premier Division
daniel-kelly,2026-10-09T18:45:00Z,Sligo Rovers,H,Premier Division
daniel-mandroiu,2026-08-30T15:00:00Z,Derry City,A,Premier Division
daniel-mandroiu,2026-09-04T19:00:00Z,Shelbourne,H,Premier Division
daniel-mandroiu,2026-09-04T19:00:00Z,Bohemian FC,H,Premier Division
daniel-mandroiu,2026-09-11T19:00:00Z,St. Patrick's Athletic,A,Premier Division
daniel-mandroiu,2026-09-18T19:00:00Z,Waterford FC,H,Premier Division
daniel-mandroiu,2026-10-09T19:00:00Z,Drogheda United,H,Premier Division
daniel-mare,2026-09-04T18:45:00Z,Galway United FC,H,FAI Cup
daniel-mare,2026-09-11T18:45:00Z,Sligo Rovers,H,Premier Division
daniel-mare,2026-09-14T18:45:00Z,Shelbourne,A,Premier Division
daniel-mare,2026-09-18T19:00:00Z,Bohemian FC,A,Premier Division
daniel-mare,2026-10-09T19:00:00Z,Shamrock Rovers,A,Premier Division
daniel-ring,2026-09-04T19:00:00Z,Shamrock Rovers,A,Premier Division
daniel-ring,2026-09-11T18:45:00Z,Derry City,H,Premier Division
daniel-ring,2026-09-14T18:45:00Z,Drogheda United,H,Premier Division
daniel-ring,2026-09-18T18:45:00Z,Dundalk,A,Premier Division
daniel-ring,2026-09-25T18:45:00Z,Galway United FC,A,Premier Division
daniel-ring,2026-10-09T18:45:00Z,Sligo Rovers,H,Premier Division
daniel-rogers,2026-09-05T15:00:00Z,Bohemian FC,H,FAI Cup
daniel-rogers,2026-09-11T19:00:00Z,Shamrock Rovers,H,Premier Division
daniel-rogers,2026-09-14T18:45:00Z,Dundalk,A,Premier Division
daniel-rogers,2026-09-19T18:45:00Z,Sligo Rovers,A,Premier Division
daniel-rogers,2026-10-09T18:45:00Z,Derry City,A,Premier Division
dara-mccormick,2026-09-04T18:45:00Z,UCD,H,First Division
dara-mccormick,2026-09-11T18:45:00Z,Cork City,A,First Division
dara-mccormick,2026-09-18T18:45:00Z,Wexford FC,A,First Division
dara-mccormick,2026-09-25T18:45:00Z,Athlone Town,H,First Division
dara-mccormick,2026-10-02T18:45:00Z,Bray Wanderers,A,First Division
dara-mccormick,2026-10-09T18:45:00Z,Kerry FC,H,First Division
dara-mcguinness,2026-09-04T18:45:00Z,Drogheda United,A,FAI Cup
dara-mcguinness,2026-09-11T18:45:00Z,Bohemian FC,H,Premier Division
dara-mcguinness,2026-09-14T18:45:00Z,Sligo Rovers,A,Premier Division
dara-mcguinness,2026-09-18T18:45:00Z,Derry City,A,Premier Division
dara-mcguinness,2026-09-25T18:45:00Z,Shelbourne,H,Premier Division
dara-mcguinness,2026-10-09T18:45:00Z,Waterford FC,A,Premier Division
dare-kareem,2026-09-04T18:45:00Z,Wexford FC,H,First Division
dare-kareem,2026-09-12T18:30:00Z,Longford Town,A,First Division
dare-kareem,2026-09-18T18:45:00Z,Bray Wanderers,A,First Division
dare-kareem,2026-09-25T18:45:00Z,Finn Harps,H,First Division
dare-kareem,2026-10-02T18:45:00Z,UCD,H,First Division
dare-kareem,2026-10-09T18:45:00Z,Athlone Town,A,First Division
darragh-brunton,2026-09-05T15:00:00Z,Bohemian FC,H,FAI Cup
darragh-brunton,2026-09-11T19:00:00Z,Shamrock Rovers,H,Premier Division
darragh-brunton,2026-09-14T18:45:00Z,Dundalk,A,Premier Division
darragh-brunton,2026-09-19T18:45:00Z,Sligo Rovers,A,Premier Division
darragh-brunton,2026-10-09T18:45:00Z,Derry City,A,Premier Division
darragh-burns,2026-08-30T15:00:00Z,Shamrock Rovers,H,Premier Division
darragh-burns,2026-09-06T15:00:00Z,Dundalk,H,FAI Cup
darragh-burns,2026-09-11T18:45:00Z,Shelbourne,A,Premier Division
darragh-burns,2026-09-14T18:45:00Z,Waterford FC,A,Premier Division
darragh-burns,2026-09-18T18:45:00Z,Galway United FC,H,Premier Division
darragh-burns,2026-10-09T18:45:00Z,St. Patrick's Athletic,H,Premier Division
darragh-markey,2026-08-30T15:00:00Z,Shamrock Rovers,H,Premier Division
darragh-markey,2026-09-06T15:00:00Z,Dundalk,H,FAI Cup
darragh-markey,2026-09-11T18:45:00Z,Shelbourne,A,Premier Division
darragh-markey,2026-09-14T18:45:00Z,Waterford FC,A,Premier Division
darragh-markey,2026-09-18T18:45:00Z,Galway United FC,H,Premier Division
darragh-markey,2026-10-09T18:45:00Z,St. Patrick's Athletic,H,Premier Division
darragh-nugent,2026-09-05T15:00:00Z,Bohemian FC,H,FAI Cup
darragh-nugent,2026-09-11T19:00:00Z,Shamrock Rovers,H,Premier Division
darragh-nugent,2026-09-14T18:45:00Z,Dundalk,A,Premier Division
darragh-nugent,2026-09-19T18:45:00Z,Sligo Rovers,A,Premier Division
darragh-nugent,2026-10-09T18:45:00Z,Derry City,A,Premier Division
darragh-power,2026-09-04T19:00:00Z,Shamrock Rovers,A,Premier Division
darragh-power,2026-09-05T15:00:00Z,St. Patrick's Athletic,A,FAI Cup
darragh-power,2026-09-11T18:45:00Z,Galway United FC,A,Premier Division
darragh-power,2026-09-18T19:00:00Z,Drogheda United,H,Premier Division
darragh-power,2026-10-09T18:45:00Z,Dundalk,A,Premier Division
daryl-horgan,2026-09-06T15:00:00Z,Derry City,A,FAI Cup
daryl-horgan,2026-09-11T18:45:00Z,Waterford FC,A,Premier Division
daryl-horgan,2026-09-14T18:45:00Z,St. Patrick's Athletic,H,Premier Division
daryl-horgan,2026-09-18T18:45:00Z,Shelbourne,H,Premier Division
daryl-horgan,2026-10-09T18:45:00Z,Bohemian FC,H,Premier Division
david-eguaibor,2026-08-31T14:00:00Z,Harrogate Town,A,National League
david-eguaibor,2026-09-05T14:00:00Z,Solihull Moors,H,National League
david-eguaibor,2026-09-08T18:00:00Z,Derby County U21,H,National League Cup Group A
david-eguaibor,2026-09-12T14:00:00Z,Forest Green,A,National League
david-eguaibor,2026-09-16T18:45:00Z,Kidderminster Harriers,A,National League
david-eguaibor,2026-09-19T14:00:00Z,Southend,H,National League
david-eguaibor,2026-09-26T14:00:00Z,Wealdstone,A,National League
david-eguaibor,2026-09-29T18:45:00Z,Altrincham,H,National League
david-eguaibor,2026-10-03T14:00:00Z,Worthing,H,National League
david-eguaibor,2026-10-10T14:00:00Z,FC Halifax Town,A,National League
david-ezeh,2026-08-31T16:00:00Z,Ilves,A,Veikkausliiga
david-ezeh,2026-09-05T15:00:00Z,FC Inter Turku,A,Cup
david-hurley,2026-09-04T18:45:00Z,Drogheda United,A,FAI Cup
david-hurley,2026-09-11T18:45:00Z,Bohemian FC,H,Premier Division
david-hurley,2026-09-14T18:45:00Z,Sligo Rovers,A,Premier Division
david-hurley,2026-09-18T18:45:00Z,Derry City,A,Premier Division
david-hurley,2026-09-25T18:45:00Z,Shelbourne,H,Premier Division
david-hurley,2026-10-09T18:45:00Z,Waterford FC,A,Premier Division
david-jonathan,2026-09-04T18:45:00Z,Waterford FC,A,FAI Cup
david-jonathan,2026-09-11T18:45:00Z,Drogheda United,A,Premier Division
david-jonathan,2026-09-14T18:45:00Z,Galway United FC,H,Premier Division
david-jonathan,2026-09-19T18:45:00Z,St. Patrick's Athletic,H,Premier Division
david-jonathan,2026-10-09T18:45:00Z,Shelbourne,A,Premier Division
dawson-devoy,2026-09-04T19:00:00Z,Shamrock Rovers,A,Premier Division
dawson-devoy,2026-09-05T15:00:00Z,St. Patrick's Athletic,A,FAI Cup
dawson-devoy,2026-09-11T18:45:00Z,Galway United FC,A,Premier Division
dawson-devoy,2026-09-18T19:00:00Z,Drogheda United,H,Premier Division
dawson-devoy,2026-10-09T18:45:00Z,Dundalk,A,Premier Division
dayle-rooney,2026-09-04T19:00:00Z,Shamrock Rovers,A,Premier Division
dayle-rooney,2026-09-05T15:00:00Z,St. Patrick's Athletic,A,FAI Cup
dayle-rooney,2026-09-11T18:45:00Z,Galway United FC,A,Premier Division
dayle-rooney,2026-09-18T19:00:00Z,Drogheda United,H,Premier Division
dayle-rooney,2026-10-09T18:45:00Z,Dundalk,A,Premier Division
dean-mcmenamy,2026-09-04T18:45:00Z,Sligo Rovers,H,FAI Cup
dean-mcmenamy,2026-09-11T18:45:00Z,Dundalk,H,Premier Division
dean-mcmenamy,2026-09-14T18:45:00Z,Derry City,H,Premier Division
dean-mcmenamy,2026-09-18T19:00:00Z,Shamrock Rovers,A,Premier Division
dean-mcmenamy,2026-10-09T18:45:00Z,Galway United FC,H,Premier Division
donal-oconnor,2026-08-31T12:00:00Z,Sunderland U21,H,Premier League 2
donal-oconnor,2026-09-13T12:00:00Z,Everton U21,H,Premier League 2
donal-oconnor,2026-09-18T18:00:00Z,Manchester United U21,A,Premier League 2
donal-oconnor,2026-09-22T18:30:00Z,Bromley,A,EFL Trophy Southern Grp. H
donal-oconnor,2026-10-06T18:00:00Z,MK Dons,A,EFL Trophy Southern Grp. H
donnacha-sammon,2026-09-04T18:45:00Z,Drogheda United,A,FAI Cup
donnacha-sammon,2026-09-11T18:45:00Z,Bohemian FC,H,Premier Division
donnacha-sammon,2026-09-14T18:45:00Z,Sligo Rovers,A,Premier Division
donnacha-sammon,2026-09-18T18:45:00Z,Derry City,A,Premier Division
donnacha-sammon,2026-09-25T18:45:00Z,Shelbourne,H,Premier Division
donnacha-sammon,2026-10-09T18:45:00Z,Waterford FC,A,Premier Division
dylan-connolly,2026-09-04T18:45:00Z,Drogheda United,A,FAI Cup
dylan-connolly,2026-09-11T18:45:00Z,Bohemian FC,H,Premier Division
dylan-connolly,2026-09-14T18:45:00Z,Sligo Rovers,A,Premier Division
dylan-connolly,2026-09-18T18:45:00Z,Derry City,A,Premier Division
dylan-connolly,2026-09-25T18:45:00Z,Shelbourne,H,Premier Division
dylan-connolly,2026-10-09T18:45:00Z,Waterford FC,A,Premier Division
dylan-watts,2026-08-30T15:00:00Z,Derry City,A,Premier Division
dylan-watts,2026-09-04T19:00:00Z,Shelbourne,H,Premier Division
dylan-watts,2026-09-04T19:00:00Z,Bohemian FC,H,Premier Division
dylan-watts,2026-09-11T19:00:00Z,St. Patrick's Athletic,A,Premier Division
dylan-watts,2026-09-18T19:00:00Z,Waterford FC,H,Premier Division
dylan-watts,2026-10-09T19:00:00Z,Drogheda United,H,Premier Division
ed-mcjannett,2026-08-29T19:00:00Z,Potenza,H,Serie C Grp. C
ed-mcjannett,2026-09-07T18:30:00Z,Catania,A,Serie C Grp. C
ed-mcjannett,2026-09-12T13:00:00Z,Cavese,H,Serie C Grp. C
ed-mcjannett,2026-09-15T16:30:00Z,Giugliano,A,Serie C Grp. C
ed-mcjannett,2026-09-19T12:30:00Z,Scafatese,H,Serie C Grp. C
ed-mcjannett,2026-09-26T15:30:00Z,Bari,A,Serie C Grp. C
ed-mcjannett,2026-10-04T12:30:00Z,Foggia,H,Serie C Grp. C
edward-mccarthy,2026-09-04T18:45:00Z,Drogheda United,A,FAI Cup
edward-mccarthy,2026-09-11T18:45:00Z,Bohemian FC,H,Premier Division
edward-mccarthy,2026-09-14T18:45:00Z,Sligo Rovers,A,Premier Division
edward-mccarthy,2026-09-18T18:45:00Z,Derry City,A,Premier Division
edward-mccarthy,2026-09-25T18:45:00Z,Shelbourne,H,Premier Division
edward-mccarthy,2026-10-09T18:45:00Z,Waterford FC,A,Premier Division
edward-mcginty,2026-08-30T15:00:00Z,Derry City,A,Premier Division
edward-mcginty,2026-09-04T19:00:00Z,Shelbourne,H,Premier Division
edward-mcginty,2026-09-04T19:00:00Z,Bohemian FC,H,Premier Division
edward-mcginty,2026-09-11T19:00:00Z,St. Patrick's Athletic,A,Premier Division
edward-mcginty,2026-09-18T19:00:00Z,Waterford FC,H,Premier Division
edward-mcginty,2026-10-09T19:00:00Z,Drogheda United,H,Premier Division
edwin-agbaje,2026-09-04T18:45:00Z,Galway United FC,H,FAI Cup
edwin-agbaje,2026-09-11T18:45:00Z,Sligo Rovers,H,Premier Division
edwin-agbaje,2026-09-14T18:45:00Z,Shelbourne,A,Premier Division
edwin-agbaje,2026-09-18T19:00:00Z,Bohemian FC,A,Premier Division
edwin-agbaje,2026-10-09T19:00:00Z,Shamrock Rovers,A,Premier Division
egor-vassenin,2026-09-06T15:00:00Z,Derry City,A,FAI Cup
egor-vassenin,2026-09-11T18:45:00Z,Waterford FC,A,Premier Division
egor-vassenin,2026-09-14T18:45:00Z,St. Patrick's Athletic,H,Premier Division
egor-vassenin,2026-09-18T18:45:00Z,Shelbourne,H,Premier Division
egor-vassenin,2026-10-09T18:45:00Z,Bohemian FC,H,Premier Division
emmanuel-osadebe,2026-08-31T14:00:00Z,Wealdstone,H,National League
emmanuel-osadebe,2026-09-05T14:00:00Z,Barrow,A,National League
emmanuel-osadebe,2026-09-08T18:00:00Z,Birmingham U21,H,National League Cup Group D
emmanuel-osadebe,2026-09-12T14:00:00Z,Scunthorpe,H,National League
emmanuel-osadebe,2026-09-15T18:45:00Z,Eastleigh,H,National League
emmanuel-osadebe,2026-09-19T14:00:00Z,FC Halifax Town,A,National League
emmanuel-osadebe,2026-09-26T14:00:00Z,Forest Green,H,National League
emmanuel-osadebe,2026-09-30T18:45:00Z,Tamworth,A,National League
emmanuel-osadebe,2026-10-03T14:00:00Z,Kidderminster Harriers,A,National League
emmanuel-osadebe,2026-10-09T18:45:00Z,Boreham Wood,H,National League
emre-topcu,2026-09-05T18:30:00Z,Kerry FC,H,First Division
emre-topcu,2026-09-12T18:30:00Z,Treaty United,H,First Division
emre-topcu,2026-09-18T18:45:00Z,Finn Harps,A,First Division
emre-topcu,2026-09-26T18:30:00Z,Cork City,H,First Division
emre-topcu,2026-10-02T18:45:00Z,Wexford FC,A,First Division
emre-topcu,2026-10-09T18:45:00Z,UCD,A,First Division
enda-minogue,2026-09-06T15:00:00Z,Derry City,A,FAI Cup
enda-minogue,2026-09-11T18:45:00Z,Waterford FC,A,Premier Division
enda-minogue,2026-09-14T18:45:00Z,St. Patrick's Athletic,H,Premier Division
enda-minogue,2026-09-18T18:45:00Z,Shelbourne,H,Premier Division
enda-minogue,2026-10-09T18:45:00Z,Bohemian FC,H,Premier Division
enda-stevens,2026-08-30T15:00:00Z,Derry City,A,Premier Division
enda-stevens,2026-09-04T19:00:00Z,Shelbourne,H,Premier Division
enda-stevens,2026-09-04T19:00:00Z,Bohemian FC,H,Premier Division
enda-stevens,2026-09-11T19:00:00Z,St. Patrick's Athletic,A,Premier Division
enda-stevens,2026-09-18T19:00:00Z,Waterford FC,H,Premier Division
enda-stevens,2026-10-09T19:00:00Z,Drogheda United,H,Premier Division
eoghan-curran,2026-08-30T15:00:00Z,Shamrock Rovers,H,Premier Division
eoghan-curran,2026-09-06T15:00:00Z,Dundalk,H,FAI Cup
eoghan-curran,2026-09-11T18:45:00Z,Shelbourne,A,Premier Division
eoghan-curran,2026-09-14T18:45:00Z,Waterford FC,A,Premier Division
eoghan-curran,2026-09-18T18:45:00Z,Galway United FC,H,Premier Division
eoghan-curran,2026-10-09T18:45:00Z,St. Patrick's Athletic,H,Premier Division
eoin-doyle,2026-09-04T18:45:00Z,Drogheda United,A,FAI Cup
eoin-doyle,2026-09-11T18:45:00Z,Bohemian FC,H,Premier Division
eoin-doyle,2026-09-14T18:45:00Z,Sligo Rovers,A,Premier Division
eoin-doyle,2026-09-18T18:45:00Z,Derry City,A,Premier Division
eoin-doyle,2026-09-25T18:45:00Z,Shelbourne,H,Premier Division
eoin-doyle,2026-10-09T18:45:00Z,Waterford FC,A,Premier Division
eoin-farrell,2026-08-31T14:00:00Z,Caernarfon,A,Premier League
eoin-farrell,2026-09-05T16:15:00Z,Barry Town,H,Premier League
eoin-farrell,2026-09-11T18:45:00Z,Airbus UK Broughton,A,Premier League
eoin-farrell,2026-09-15T18:45:00Z,Flint Town United,H,Premier League
eoin-farrell,2026-09-19T16:30:00Z,Llandudno FC,H,Premier League
eoin-farrell,2026-09-26T13:30:00Z,Trefelin BGC,A,Premier League
eoin-farrell,2026-10-03T13:30:00Z,Cambrian United,H,Premier League
eoin-farrell,2026-10-09T18:45:00Z,Holywell Town,A,Premier League
ethan-hall,2026-09-06T15:00:00Z,Derry City,A,FAI Cup
ethan-hall,2026-09-11T18:45:00Z,Waterford FC,A,Premier Division
ethan-hall,2026-09-14T18:45:00Z,St. Patrick's Athletic,H,Premier Division
ethan-hall,2026-09-18T18:45:00Z,Shelbourne,H,Premier Division
ethan-hall,2026-10-09T18:45:00Z,Bohemian FC,H,Premier Division
ethan-obrien,2026-09-04T18:45:00Z,Galway United FC,H,FAI Cup
ethan-obrien,2026-09-11T18:45:00Z,Sligo Rovers,H,Premier Division
ethan-obrien,2026-09-14T18:45:00Z,Shelbourne,A,Premier Division
ethan-obrien,2026-09-18T19:00:00Z,Bohemian FC,A,Premier Division
ethan-obrien,2026-10-09T19:00:00Z,Shamrock Rovers,A,Premier Division
evan-caffrey,2026-09-04T19:00:00Z,Shamrock Rovers,A,Premier Division
evan-caffrey,2026-09-11T18:45:00Z,Derry City,H,Premier Division
evan-caffrey,2026-09-14T18:45:00Z,Drogheda United,H,Premier Division
evan-caffrey,2026-09-18T18:45:00Z,Dundalk,A,Premier Division
evan-caffrey,2026-09-25T18:45:00Z,Galway United FC,A,Premier Division
evan-caffrey,2026-10-09T18:45:00Z,Sligo Rovers,H,Premier Division
evan-mclaughlin,2026-09-04T18:45:00Z,Sligo Rovers,H,FAI Cup
evan-mclaughlin,2026-09-11T18:45:00Z,Dundalk,H,Premier Division
evan-mclaughlin,2026-09-14T18:45:00Z,Derry City,H,Premier Division
evan-mclaughlin,2026-09-18T19:00:00Z,Shamrock Rovers,A,Premier Division
evan-mclaughlin,2026-10-09T18:45:00Z,Galway United FC,H,Premier Division
festy-ebosele,2026-09-05T14:00:00Z,Konyaspor,H,Super Lig
festy-ebosele,2026-09-13T17:00:00Z,Beşiktaş,A,Super Lig
festy-ebosele,2026-09-20T17:00:00Z,Samsunspor,H,Super Lig
finn-mcdonnell,2026-09-04T19:00:00Z,Shamrock Rovers,A,Premier Division
finn-mcdonnell,2026-09-05T15:00:00Z,St. Patrick's Athletic,A,FAI Cup
finn-mcdonnell,2026-09-11T18:45:00Z,Galway United FC,A,Premier Division
finn-mcdonnell,2026-09-18T19:00:00Z,Drogheda United,H,Premier Division
finn-mcdonnell,2026-10-09T18:45:00Z,Dundalk,A,Premier Division
finn-mcgreevy,2026-08-31T13:00:00Z,Tottenham Hotspur U21,A,Premier League 2
finn-mcgreevy,2026-09-08T18:00:00Z,Sutton United,A,National League Cup Group D
finn-mcgreevy,2026-09-11T18:00:00Z,Norwich City U21,A,Premier League 2
finn-mcgreevy,2026-09-18T12:00:00Z,Arsenal U21,H,Premier League 2
finn-moylan,2026-09-04T19:00:00Z,Shamrock Rovers,A,Premier Division
finn-moylan,2026-09-11T18:45:00Z,Derry City,H,Premier Division
finn-moylan,2026-09-14T18:45:00Z,Drogheda United,H,Premier Division
finn-moylan,2026-09-18T18:45:00Z,Dundalk,A,Premier Division
finn-moylan,2026-09-25T18:45:00Z,Galway United FC,A,Premier Division
finn-moylan,2026-10-09T18:45:00Z,Sligo Rovers,H,Premier Division
flynn-ryan,2026-09-04T18:45:00Z,Cork City,H,First Division
flynn-ryan,2026-09-11T18:45:00Z,Kerry FC,A,First Division
flynn-ryan,2026-09-18T18:45:00Z,Treaty United,H,First Division
flynn-ryan,2026-09-25T18:45:00Z,UCD,A,First Division
flynn-ryan,2026-10-02T18:45:00Z,Cobh Ramblers,H,First Division
flynn-ryan,2026-10-09T18:45:00Z,Wexford FC,H,First Division
francely-lomboto,2026-09-04T18:45:00Z,Drogheda United,A,FAI Cup
francely-lomboto,2026-09-11T18:45:00Z,Bohemian FC,H,Premier Division
francely-lomboto,2026-09-14T18:45:00Z,Sligo Rovers,A,Premier Division
francely-lomboto,2026-09-18T18:45:00Z,Derry City,A,Premier Division
francely-lomboto,2026-09-25T18:45:00Z,Shelbourne,H,Premier Division
francely-lomboto,2026-10-09T18:45:00Z,Waterford FC,A,Premier Division
gabriel-kelly,2026-09-08T18:00:00Z,Wealdstone,A,National League Cup Group A
gabriel-kelly,2026-09-11T18:00:00Z,Wolverhampton Wanderers U21,H,Premier League 2
gabriel-kelly,2026-09-21T18:00:00Z,AFC Bournemouth Academy,A,Premier League 2
gareth-mcelroy,2026-09-04T18:45:00Z,Waterford FC,A,FAI Cup
gareth-mcelroy,2026-09-11T18:45:00Z,Drogheda United,A,Premier Division
gareth-mcelroy,2026-09-14T18:45:00Z,Galway United FC,H,Premier Division
gareth-mcelroy,2026-09-19T18:45:00Z,St. Patrick's Athletic,H,Premier Division
gareth-mcelroy,2026-10-09T18:45:00Z,Shelbourne,A,Premier Division
gary-oneil,2026-08-30T15:00:00Z,Derry City,A,Premier Division
gary-oneil,2026-09-04T19:00:00Z,Shelbourne,H,Premier Division
gary-oneil,2026-09-04T19:00:00Z,Bohemian FC,H,Premier Division
gary-oneil,2026-09-11T19:00:00Z,St. Patrick's Athletic,A,Premier Division
gary-oneil,2026-09-18T19:00:00Z,Waterford FC,H,Premier Division
gary-oneil,2026-10-09T19:00:00Z,Drogheda United,H,Premier Division
gavan-holohan,2026-08-31T14:00:00Z,Hornchurch,H,National League
gavan-holohan,2026-09-05T14:00:00Z,Tamworth,A,National League
gavan-holohan,2026-09-08T18:00:00Z,West Bromwich Albion U21,H,National League Cup Group D
gavan-holohan,2026-09-12T14:00:00Z,Wealdstone,H,National League
gavan-holohan,2026-09-15T18:45:00Z,Woking,H,National League
gavan-holohan,2026-09-19T14:00:00Z,Forest Green,A,National League
gavan-holohan,2026-09-26T14:00:00Z,AFC Fylde,H,National League
gavan-holohan,2026-09-29T18:45:00Z,FC Halifax Town,A,National League
gavan-holohan,2026-10-03T14:00:00Z,Yeovil,A,National League
gavan-holohan,2026-10-10T14:00:00Z,Southend,H,National League
gavin-mcateer,2026-09-04T18:45:00Z,Athlone Town,H,First Division
gavin-mcateer,2026-09-11T18:45:00Z,Wexford FC,A,First Division
gavin-mcateer,2026-09-18T18:45:00Z,Longford Town,H,First Division
gavin-mcateer,2026-09-25T18:45:00Z,Treaty United,A,First Division
gavin-mcateer,2026-10-02T18:45:00Z,Kerry FC,H,First Division
gavin-mcateer,2026-10-09T18:45:00Z,Cork City,A,First Division
gideon-tetteh,2026-09-04T18:45:00Z,Treaty United,A,First Division
gideon-tetteh,2026-09-11T18:45:00Z,Finn Harps,H,First Division
gideon-tetteh,2026-09-18T18:45:00Z,Cobh Ramblers,H,First Division
gideon-tetteh,2026-09-25T18:45:00Z,Kerry FC,A,First Division
gideon-tetteh,2026-10-02T18:45:00Z,Longford Town,H,First Division
gideon-tetteh,2026-10-09T18:45:00Z,Bray Wanderers,A,First Division
glory-nzingo,2026-09-05T15:00:00Z,Bohemian FC,H,FAI Cup
glory-nzingo,2026-09-11T19:00:00Z,Shamrock Rovers,H,Premier Division
glory-nzingo,2026-09-14T18:45:00Z,Dundalk,A,Premier Division
glory-nzingo,2026-09-19T18:45:00Z,Sligo Rovers,A,Premier Division
glory-nzingo,2026-10-09T18:45:00Z,Derry City,A,Premier Division
goodness-ogbonna,2026-09-04T18:45:00Z,Cobh Ramblers,A,First Division
goodness-ogbonna,2026-09-11T18:45:00Z,Athlone Town,H,First Division
goodness-ogbonna,2026-09-18T18:45:00Z,Cork City,A,First Division
goodness-ogbonna,2026-09-25T18:45:00Z,Bray Wanderers,H,First Division
goodness-ogbonna,2026-10-02T18:45:00Z,Treaty United,A,First Division
goodness-ogbonna,2026-10-09T18:45:00Z,Longford Town,H,First Division
grady-mcdonnell,2026-09-08T18:00:00Z,Scunthorpe,A,National League Cup Group A
grady-mcdonnell,2026-09-14T18:00:00Z,Burnley U21,H,Premier League 2
grady-mcdonnell,2026-09-18T18:00:00Z,West Bromwich Albion U21,A,Premier League 2
grady-mcdonnell,2026-09-22T18:00:00Z,Burton,A,EFL Trophy Northern Grp. F
grady-mcdonnell,2026-10-06T18:00:00Z,Wealdstone,A,National League Cup Group A
graham-burke,2026-08-30T15:00:00Z,Derry City,A,Premier Division
graham-burke,2026-09-04T19:00:00Z,Shelbourne,H,Premier Division
graham-burke,2026-09-04T19:00:00Z,Bohemian FC,H,Premier Division
graham-burke,2026-09-11T19:00:00Z,St. Patrick's Athletic,A,Premier Division
graham-burke,2026-09-18T19:00:00Z,Waterford FC,H,Premier Division
graham-burke,2026-10-09T19:00:00Z,Drogheda United,H,Premier Division
graham-coughlan,2026-09-04T18:45:00Z,Sligo Rovers,H,FAI Cup
graham-coughlan,2026-09-11T18:45:00Z,Dundalk,H,Premier Division
graham-coughlan,2026-09-14T18:45:00Z,Derry City,H,Premier Division
graham-coughlan,2026-09-18T19:00:00Z,Shamrock Rovers,A,Premier Division
graham-coughlan,2026-10-09T18:45:00Z,Galway United FC,H,Premier Division
graham-kelly,2026-09-04T18:45:00Z,Cork City,H,First Division
graham-kelly,2026-09-11T18:45:00Z,Kerry FC,A,First Division
graham-kelly,2026-09-18T18:45:00Z,Treaty United,H,First Division
graham-kelly,2026-09-25T18:45:00Z,UCD,A,First Division
graham-kelly,2026-10-02T18:45:00Z,Cobh Ramblers,H,First Division
graham-kelly,2026-10-09T18:45:00Z,Wexford FC,H,First Division
guilherme-rego-priosti,2026-09-04T18:45:00Z,Athlone Town,H,First Division
guilherme-rego-priosti,2026-09-11T18:45:00Z,Wexford FC,A,First Division
guilherme-rego-priosti,2026-09-18T18:45:00Z,Longford Town,H,First Division
guilherme-rego-priosti,2026-09-25T18:45:00Z,Treaty United,A,First Division
guilherme-rego-priosti,2026-10-02T18:45:00Z,Kerry FC,H,First Division
guilherme-rego-priosti,2026-10-09T18:45:00Z,Cork City,A,First Division
harry-groome,2026-09-06T15:00:00Z,Derry City,A,FAI Cup
harry-groome,2026-09-11T18:45:00Z,Waterford FC,A,Premier Division
harry-groome,2026-09-14T18:45:00Z,St. Patrick's Athletic,H,Premier Division
harry-groome,2026-09-18T18:45:00Z,Shelbourne,H,Premier Division
harry-groome,2026-10-09T18:45:00Z,Bohemian FC,H,Premier Division
harry-vaughan,2026-09-04T19:00:00Z,Shamrock Rovers,A,Premier Division
harry-vaughan,2026-09-05T15:00:00Z,St. Patrick's Athletic,A,FAI Cup
harry-vaughan,2026-09-11T18:45:00Z,Galway United FC,A,Premier Division
harry-vaughan,2026-09-18T19:00:00Z,Drogheda United,H,Premier Division
harry-vaughan,2026-10-09T18:45:00Z,Dundalk,A,Premier Division
harvey-boddy,2026-08-31T14:00:00Z,Boreham Wood,H,National League
harvey-boddy,2026-09-05T14:00:00Z,AFC Fylde,A,National League
harvey-boddy,2026-09-08T18:30:00Z,Norwich City U21,H,National League Cup Group B
harvey-boddy,2026-09-12T11:30:00Z,Barrow,H,National League
harvey-boddy,2026-09-15T18:45:00Z,Hornchurch,H,National League
harvey-boddy,2026-09-19T11:30:00Z,Hartlepool United,A,National League
harvey-boddy,2026-09-26T14:00:00Z,FC Halifax Town,H,National League
harvey-boddy,2026-09-29T18:45:00Z,Yeovil,A,National League
harvey-boddy,2026-10-03T14:00:00Z,Gateshead FC,A,National League
harvey-boddy,2026-10-10T14:00:00Z,Solihull Moors,H,National League
harvey-neville,2026-08-29T23:00:00Z,Brooklyn,A,USL Championship
harvey-neville,2026-09-05T23:00:00Z,Lexington SC,H,USL Championship
harvey-neville,2026-09-12T23:00:00Z,Rhode Island FC,H,USL Championship
harvey-neville,2026-09-16T22:00:00Z,Hartford Athletic,A,USL Championship
harvey-neville,2026-09-25T23:30:00Z,Loudoun United FC,H,USL Championship
harvey-neville,2026-09-30T23:00:00Z,Miami FC,A,USL Championship
harvey-neville,2026-10-02T23:30:00Z,Louisville City FC,H,USL Championship
harvey-warren,2026-09-06T15:00:00Z,Derry City,A,FAI Cup
harvey-warren,2026-09-11T18:45:00Z,Waterford FC,A,Premier Division
harvey-warren,2026-09-14T18:45:00Z,St. Patrick's Athletic,H,Premier Division
harvey-warren,2026-09-18T18:45:00Z,Shelbourne,H,Premier Division
harvey-warren,2026-10-09T18:45:00Z,Bohemian FC,H,Premier Division
hugh-martin,2026-09-04T19:00:00Z,Shamrock Rovers,A,Premier Division
hugh-martin,2026-09-05T15:00:00Z,St. Patrick's Athletic,A,FAI Cup
hugh-martin,2026-09-11T18:45:00Z,Galway United FC,A,Premier Division
hugh-martin,2026-09-18T19:00:00Z,Drogheda United,H,Premier Division
hugh-martin,2026-10-09T18:45:00Z,Dundalk,A,Premier Division
hugh-parker,2026-08-31T14:00:00Z,Carlisle,A,National League
hugh-parker,2026-09-05T14:00:00Z,Harrogate Town,H,National League
hugh-parker,2026-09-08T18:00:00Z,Nottingham Forest U21,H,National League Cup Group A
hugh-parker,2026-09-12T14:00:00Z,Sutton United,A,National League
hugh-parker,2026-09-16T18:45:00Z,Boreham Wood,H,National League
hugh-parker,2026-09-19T16:30:00Z,Hornchurch,A,National League
hugh-parker,2026-09-26T14:00:00Z,Hartlepool United,H,National League
hugh-parker,2026-09-29T18:45:00Z,Barrow,A,National League
hugh-parker,2026-10-03T14:00:00Z,Forest Green,H,National League
hugh-parker,2026-10-10T14:00:00Z,AFC Fylde,A,National League
ike-orazi,2026-09-05T12:00:00Z,Guingamp,H,Ligue 2
ike-orazi,2026-09-11T18:00:00Z,Nancy,A,Ligue 2
ike-orazi,2026-09-18T18:00:00Z,Montpellier,H,Ligue 2
ike-orazi,2026-10-10T12:00:00Z,Nantes,A,Ligue 2
jack-byrne,2026-08-30T15:00:00Z,Derry City,A,Premier Division
jack-byrne,2026-09-04T19:00:00Z,Shelbourne,H,Premier Division
jack-byrne,2026-09-04T19:00:00Z,Bohemian FC,H,Premier Division
jack-byrne,2026-09-11T19:00:00Z,St. Patrick's Athletic,A,Premier Division
jack-byrne,2026-09-18T19:00:00Z,Waterford FC,H,Premier Division
jack-byrne,2026-10-09T19:00:00Z,Drogheda United,H,Premier Division
jack-henry-francis,2026-09-04T19:00:00Z,Shamrock Rovers,A,Premier Division
jack-henry-francis,2026-09-11T18:45:00Z,Derry City,H,Premier Division
jack-henry-francis,2026-09-14T18:45:00Z,Drogheda United,H,Premier Division
jack-henry-francis,2026-09-18T18:45:00Z,Dundalk,A,Premier Division
jack-henry-francis,2026-09-25T18:45:00Z,Galway United FC,A,Premier Division
jack-henry-francis,2026-10-09T18:45:00Z,Sligo Rovers,H,Premier Division
jack-moorhouse,2026-08-31T13:00:00Z,Leicester City U21,H,Premier League 2
jack-moorhouse,2026-09-12T18:00:00Z,Manchester City U21,A,Premier League 2
jack-moorhouse,2026-09-18T18:00:00Z,Brentford Academy,H,Premier League 2
jad-hakiki,2026-09-04T18:45:00Z,Waterford FC,A,FAI Cup
jad-hakiki,2026-09-11T18:45:00Z,Drogheda United,A,Premier Division
jad-hakiki,2026-09-14T18:45:00Z,Galway United FC,H,Premier Division
jad-hakiki,2026-09-19T18:45:00Z,St. Patrick's Athletic,H,Premier Division
jad-hakiki,2026-10-09T18:45:00Z,Shelbourne,A,Premier Division
jake-mulraney,2026-08-30T15:00:00Z,Derry City,A,Premier Division
jake-mulraney,2026-09-04T19:00:00Z,Shelbourne,H,Premier Division
jake-mulraney,2026-09-04T19:00:00Z,Bohemian FC,H,Premier Division
jake-mulraney,2026-09-11T19:00:00Z,St. Patrick's Athletic,A,Premier Division
jake-mulraney,2026-09-18T19:00:00Z,Waterford FC,H,Premier Division
jake-mulraney,2026-10-09T19:00:00Z,Drogheda United,H,Premier Division
james-abankwah,2026-08-29T16:30:00Z,Monza,A,Serie A
james-abankwah,2026-09-02T16:00:00Z,Venezia,H,Coppa Italia
james-abankwah,2026-09-07T18:45:00Z,Lazio,H,Serie A
james-abankwah,2026-09-14T18:45:00Z,Inter,A,Serie A
james-abankwah,2026-09-19T13:00:00Z,Cagliari,H,Serie A
james-bailey,2026-09-05T18:30:00Z,Kerry FC,H,First Division
james-bailey,2026-09-12T18:30:00Z,Treaty United,H,First Division
james-bailey,2026-09-18T18:45:00Z,Finn Harps,A,First Division
james-bailey,2026-09-26T18:30:00Z,Cork City,H,First Division
james-bailey,2026-10-02T18:45:00Z,Wexford FC,A,First Division
james-bailey,2026-10-09T18:45:00Z,UCD,A,First Division
james-bolger,2026-09-04T18:45:00Z,Galway United FC,H,FAI Cup
james-bolger,2026-09-11T18:45:00Z,Sligo Rovers,H,Premier Division
james-bolger,2026-09-14T18:45:00Z,Shelbourne,A,Premier Division
james-bolger,2026-09-18T19:00:00Z,Bohemian FC,A,Premier Division
james-bolger,2026-10-09T19:00:00Z,Shamrock Rovers,A,Premier Division
james-brown,2026-09-05T15:00:00Z,Bohemian FC,H,FAI Cup
james-brown,2026-09-11T19:00:00Z,Shamrock Rovers,H,Premier Division
james-brown,2026-09-14T18:45:00Z,Dundalk,A,Premier Division
james-brown,2026-09-19T18:45:00Z,Sligo Rovers,A,Premier Division
james-brown,2026-10-09T18:45:00Z,Derry City,A,Premier Division
james-clarke,2026-08-30T15:00:00Z,Shamrock Rovers,H,Premier Division
james-clarke,2026-09-06T15:00:00Z,Dundalk,H,FAI Cup
james-clarke,2026-09-11T18:45:00Z,Shelbourne,A,Premier Division
james-clarke,2026-09-14T18:45:00Z,Waterford FC,A,Premier Division
james-clarke,2026-09-18T18:45:00Z,Galway United FC,H,Premier Division
james-clarke,2026-10-09T18:45:00Z,St. Patrick's Athletic,H,Premier Division
james-mcclean,2026-08-30T15:00:00Z,Shamrock Rovers,H,Premier Division
james-mcclean,2026-09-06T15:00:00Z,Dundalk,H,FAI Cup
james-mcclean,2026-09-11T18:45:00Z,Shelbourne,A,Premier Division
james-mcclean,2026-09-14T18:45:00Z,Waterford FC,A,Premier Division
james-mcclean,2026-09-18T18:45:00Z,Galway United FC,H,Premier Division
james-mcclean,2026-10-09T18:45:00Z,St. Patrick's Athletic,H,Premier Division
james-mcmanus,2026-09-04T18:45:00Z,Waterford FC,A,FAI Cup
james-mcmanus,2026-09-11T18:45:00Z,Drogheda United,A,Premier Division
james-mcmanus,2026-09-14T18:45:00Z,Galway United FC,H,Premier Division
james-mcmanus,2026-09-19T18:45:00Z,St. Patrick's Athletic,H,Premier Division
james-mcmanus,2026-10-09T18:45:00Z,Shelbourne,A,Premier Division
james-morahan,2026-09-04T18:45:00Z,Drogheda United,A,FAI Cup
james-morahan,2026-09-11T18:45:00Z,Bohemian FC,H,Premier Division
james-morahan,2026-09-14T18:45:00Z,Sligo Rovers,A,Premier Division
james-morahan,2026-09-18T18:45:00Z,Derry City,A,Premier Division
james-morahan,2026-09-25T18:45:00Z,Shelbourne,H,Premier Division
james-morahan,2026-10-09T18:45:00Z,Waterford FC,A,Premier Division
james-roche,2026-09-04T19:00:00Z,Shamrock Rovers,A,Premier Division
james-roche,2026-09-11T18:45:00Z,Derry City,H,Premier Division
james-roche,2026-09-14T18:45:00Z,Drogheda United,H,Premier Division
james-roche,2026-09-18T18:45:00Z,Dundalk,A,Premier Division
james-roche,2026-09-25T18:45:00Z,Galway United FC,A,Premier Division
james-roche,2026-10-09T18:45:00Z,Sligo Rovers,H,Premier Division
jamie-brennan,2026-09-04T18:45:00Z,Galway United FC,H,FAI Cup
jamie-brennan,2026-09-11T18:45:00Z,Sligo Rovers,H,Premier Division
jamie-brennan,2026-09-14T18:45:00Z,Shelbourne,A,Premier Division
jamie-brennan,2026-09-18T19:00:00Z,Bohemian FC,A,Premier Division
jamie-brennan,2026-10-09T19:00:00Z,Shamrock Rovers,A,Premier Division
jamie-lennon,2026-09-05T15:00:00Z,Bohemian FC,H,FAI Cup
jamie-lennon,2026-09-11T19:00:00Z,Shamrock Rovers,H,Premier Division
jamie-lennon,2026-09-14T18:45:00Z,Dundalk,A,Premier Division
jamie-lennon,2026-09-19T18:45:00Z,Sligo Rovers,A,Premier Division
jamie-lennon,2026-10-09T18:45:00Z,Derry City,A,Premier Division
jamie-odonnell,2026-09-04T18:45:00Z,Waterford FC,A,FAI Cup
jamie-odonnell,2026-09-11T18:45:00Z,Drogheda United,A,Premier Division
jamie-odonnell,2026-09-14T18:45:00Z,Galway United FC,H,Premier Division
jamie-odonnell,2026-09-19T18:45:00Z,St. Patrick's Athletic,H,Premier Division
jamie-odonnell,2026-10-09T18:45:00Z,Shelbourne,A,Premier Division
jason-mcclelland,2026-09-05T15:00:00Z,Bohemian FC,H,FAI Cup
jason-mcclelland,2026-09-11T19:00:00Z,Shamrock Rovers,H,Premier Division
jason-mcclelland,2026-09-14T18:45:00Z,Dundalk,A,Premier Division
jason-mcclelland,2026-09-19T18:45:00Z,Sligo Rovers,A,Premier Division
jason-mcclelland,2026-10-09T18:45:00Z,Derry City,A,Premier Division
jevon-mills,2026-08-31T14:00:00Z,AFC Fylde,H,National League
jevon-mills,2026-09-05T14:00:00Z,Gateshead FC,A,National League
jevon-mills,2026-09-08T18:00:00Z,Leeds United U21,H,National League Cup Group C
jevon-mills,2026-09-12T14:00:00Z,Aldershot Town,H,National League
jevon-mills,2026-09-15T18:45:00Z,Barrow,H,National League
jevon-mills,2026-09-18T18:45:00Z,Yeovil,A,National League
jevon-mills,2026-09-26T14:00:00Z,Boreham Wood,H,National League
jevon-mills,2026-09-29T18:45:00Z,Woking,A,National League
jevon-mills,2026-10-03T14:00:00Z,FC Halifax Town,H,National League
jevon-mills,2026-10-06T18:00:00Z,Newcastle United U21,H,National League Cup Group C
jevon-mills,2026-10-10T14:00:00Z,Worthing,A,National League
jimmy-keohane,2026-09-04T18:45:00Z,Drogheda United,A,FAI Cup
jimmy-keohane,2026-09-11T18:45:00Z,Bohemian FC,H,Premier Division
jimmy-keohane,2026-09-14T18:45:00Z,Sligo Rovers,A,Premier Division
jimmy-keohane,2026-09-18T18:45:00Z,Derry City,A,Premier Division
jimmy-keohane,2026-09-25T18:45:00Z,Shelbourne,H,Premier Division
jimmy-keohane,2026-10-09T18:45:00Z,Waterford FC,A,Premier Division
joe-byrne,2026-08-29T23:30:00Z,Atlanta United,A,Major League Soccer
joe-byrne,2026-09-05T23:30:00Z,Houston,H,Major League Soccer
joe-byrne,2026-09-09T23:30:00Z,Montreal,A,Major League Soccer
joe-byrne,2026-09-12T23:30:00Z,Cincinnati,A,Major League Soccer
joe-byrne,2026-09-19T23:30:00Z,DC United,A,Major League Soccer
joe-byrne,2026-09-26T23:30:00Z,Chicago,H,Major League Soccer
joe-carroll-byrne,2026-09-05T15:00:00Z,Bohemian FC,H,FAI Cup
joe-carroll-byrne,2026-09-11T19:00:00Z,Shamrock Rovers,H,Premier Division
joe-carroll-byrne,2026-09-14T18:45:00Z,Dundalk,A,Premier Division
joe-carroll-byrne,2026-09-19T18:45:00Z,Sligo Rovers,A,Premier Division
joe-carroll-byrne,2026-10-09T18:45:00Z,Derry City,A,Premier Division
joe-redmond,2026-09-05T15:00:00Z,Bohemian FC,H,FAI Cup
joe-redmond,2026-09-11T19:00:00Z,Shamrock Rovers,H,Premier Division
joe-redmond,2026-09-14T18:45:00Z,Dundalk,A,Premier Division
joe-redmond,2026-09-19T18:45:00Z,Sligo Rovers,A,Premier Division
joe-redmond,2026-10-09T18:45:00Z,Derry City,A,Premier Division
joe-shaughnessy,2026-09-15T10:00:00Z,Kashima Antlers,A,AFC Champions League Elite East
john-mahon,2026-09-04T18:45:00Z,Sligo Rovers,H,FAI Cup
john-mahon,2026-09-11T18:45:00Z,Dundalk,H,Premier Division
john-mahon,2026-09-14T18:45:00Z,Derry City,H,Premier Division
john-mahon,2026-09-18T19:00:00Z,Shamrock Rovers,A,Premier Division
john-mahon,2026-10-09T18:45:00Z,Galway United FC,H,Premier Division
john-martin,2026-09-04T19:00:00Z,Shamrock Rovers,A,Premier Division
john-martin,2026-09-11T18:45:00Z,Derry City,H,Premier Division
john-martin,2026-09-14T18:45:00Z,Drogheda United,H,Premier Division
john-martin,2026-09-18T18:45:00Z,Dundalk,A,Premier Division
john-martin,2026-09-25T18:45:00Z,Galway United FC,A,Premier Division
john-martin,2026-10-09T18:45:00Z,Sligo Rovers,H,Premier Division
john-osullivan,2026-08-30T15:00:00Z,Derry City,A,Premier Division
john-osullivan,2026-09-04T19:00:00Z,Shelbourne,H,Premier Division
john-osullivan,2026-09-04T19:00:00Z,Bohemian FC,H,Premier Division
john-osullivan,2026-09-11T19:00:00Z,St. Patrick's Athletic,A,Premier Division
john-osullivan,2026-09-18T19:00:00Z,Waterford FC,H,Premier Division
john-osullivan,2026-10-09T19:00:00Z,Drogheda United,H,Premier Division
john-patrick,2026-09-05T12:00:00Z,Guingamp,H,Ligue 2
john-patrick,2026-09-11T18:00:00Z,Nancy,A,Ligue 2
john-patrick,2026-09-18T18:00:00Z,Montpellier,H,Ligue 2
john-patrick,2026-10-10T12:00:00Z,Nantes,A,Ligue 2
john-ross-wilson,2026-09-06T15:00:00Z,Derry City,A,FAI Cup
john-ross-wilson,2026-09-11T18:45:00Z,Waterford FC,A,Premier Division
john-ross-wilson,2026-09-14T18:45:00Z,St. Patrick's Athletic,H,Premier Division
john-ross-wilson,2026-09-18T18:45:00Z,Shelbourne,H,Premier Division
john-ross-wilson,2026-10-09T18:45:00Z,Bohemian FC,H,Premier Division
john-russell,2026-09-04T19:00:00Z,Shamrock Rovers,A,Premier Division
john-russell,2026-09-11T18:45:00Z,Derry City,H,Premier Division
john-russell,2026-09-14T18:45:00Z,Drogheda United,H,Premier Division
john-russell,2026-09-18T18:45:00Z,Dundalk,A,Premier Division
john-russell,2026-09-25T18:45:00Z,Galway United FC,A,Premier Division
john-russell,2026-10-09T18:45:00Z,Sligo Rovers,H,Premier Division
jon-gallagher,2026-08-30T02:30:00Z,Portland,A,Major League Soccer
jon-gallagher,2026-09-06T00:30:00Z,San Jose,H,Major League Soccer
jon-gallagher,2026-09-10T00:30:00Z,Colorado,H,Major League Soccer
jon-gallagher,2026-09-13T22:30:00Z,Vancouver,A,Major League Soccer
jon-gallagher,2026-09-20T00:30:00Z,Dallas,A,Major League Soccer
jon-gallagher,2026-09-27T00:30:00Z,San Diego FC,H,Major League Soccer
jonathan-afolabi,2026-08-30T15:00:00Z,Derry City,A,Premier Division
jonathan-afolabi,2026-09-04T19:00:00Z,Shelbourne,H,Premier Division
jonathan-afolabi,2026-09-04T19:00:00Z,Bohemian FC,H,Premier Division
jonathan-afolabi,2026-09-11T19:00:00Z,St. Patrick's Athletic,A,Premier Division
jonathan-afolabi,2026-09-18T19:00:00Z,Waterford FC,H,Premier Division
jonathan-afolabi,2026-10-09T19:00:00Z,Drogheda United,H,Premier Division
jonathan-lunney,2026-09-04T19:00:00Z,Shamrock Rovers,A,Premier Division
jonathan-lunney,2026-09-11T18:45:00Z,Derry City,H,Premier Division
jonathan-lunney,2026-09-14T18:45:00Z,Drogheda United,H,Premier Division
jonathan-lunney,2026-09-18T18:45:00Z,Dundalk,A,Premier Division
jonathan-lunney,2026-09-25T18:45:00Z,Galway United FC,A,Premier Division
jonathan-lunney,2026-10-09T18:45:00Z,Sligo Rovers,H,Premier Division
josh-adam,2026-09-04T19:00:00Z,Shamrock Rovers,A,Premier Division
josh-adam,2026-09-05T15:00:00Z,St. Patrick's Athletic,A,FAI Cup
josh-adam,2026-09-11T18:45:00Z,Galway United FC,A,Premier Division
josh-adam,2026-09-18T19:00:00Z,Drogheda United,H,Premier Division
josh-adam,2026-10-09T18:45:00Z,Dundalk,A,Premier Division
josh-cullen,2026-09-04T18:45:00Z,Athlone Town,H,First Division
josh-cullen,2026-09-11T18:45:00Z,Wexford FC,A,First Division
josh-cullen,2026-09-18T18:45:00Z,Longford Town,H,First Division
josh-cullen,2026-09-25T18:45:00Z,Treaty United,A,First Division
josh-cullen,2026-10-02T18:45:00Z,Kerry FC,H,First Division
josh-cullen,2026-10-09T18:45:00Z,Cork City,A,First Division
josh-harpur,2026-09-04T19:00:00Z,Shamrock Rovers,A,Premier Division
josh-harpur,2026-09-05T15:00:00Z,St. Patrick's Athletic,A,FAI Cup
josh-harpur,2026-09-11T18:45:00Z,Galway United FC,A,Premier Division
josh-harpur,2026-09-18T19:00:00Z,Drogheda United,H,Premier Division
josh-harpur,2026-10-09T18:45:00Z,Dundalk,A,Premier Division
josh-obrien,2026-08-30T02:30:00Z,Phoenix Rising FC,A,USL Championship
josh-obrien,2026-09-05T23:00:00Z,Birmingham Legion FC,H,USL Championship
josh-obrien,2026-09-12T01:30:00Z,New Mexico United,A,USL Championship
josh-obrien,2026-09-15T23:00:00Z,Brooklyn,H,USL Championship
josh-obrien,2026-09-20T21:00:00Z,Oakland Roots SC,H,USL Championship
josh-obrien,2026-09-26T23:00:00Z,Miami FC,H,USL Championship
josh-obrien,2026-09-30T23:30:00Z,Rhode Island FC,A,USL Championship
josh-obrien,2026-10-03T22:00:00Z,Loudoun United FC,A,USL Championship
josh-oconnor,2026-09-05T15:00:00Z,Bohemian FC,H,FAI Cup
josh-oconnor,2026-09-11T19:00:00Z,Shamrock Rovers,H,Premier Division
josh-oconnor,2026-09-14T18:45:00Z,Dundalk,A,Premier Division
josh-oconnor,2026-09-19T18:45:00Z,Sligo Rovers,A,Premier Division
josh-oconnor,2026-10-09T18:45:00Z,Derry City,A,Premier Division
josh-odwyer,2026-09-13T08:30:00Z,SKN St. Pölten,H,2. Liga
josh-odwyer,2026-09-18T16:30:00Z,Floridsdorfer AC,A,2. Liga
josh-odwyer,2026-10-10T13:30:00Z,Sturm Graz II,H,2. Liga
junior-thiam,2026-09-04T18:45:00Z,Drogheda United,A,FAI Cup
junior-thiam,2026-09-11T18:45:00Z,Bohemian FC,H,Premier Division
junior-thiam,2026-09-14T18:45:00Z,Sligo Rovers,A,Premier Division
junior-thiam,2026-09-18T18:45:00Z,Derry City,A,Premier Division
junior-thiam,2026-09-25T18:45:00Z,Shelbourne,H,Premier Division
junior-thiam,2026-10-09T18:45:00Z,Waterford FC,A,Premier Division
justin-osagie,2026-08-31T12:00:00Z,West Ham United U21,H,Premier League 2
justin-osagie,2026-09-12T12:00:00Z,Arsenal U21,A,Premier League 2
justin-osagie,2026-09-15T18:00:00Z,Wycombe,A,EFL Trophy Southern Grp. C
justin-osagie,2026-09-18T18:00:00Z,Fulham U21,H,Premier League 2
kameron-ledwidge,2026-09-04T19:00:00Z,Shamrock Rovers,A,Premier Division
kameron-ledwidge,2026-09-11T18:45:00Z,Derry City,H,Premier Division
kameron-ledwidge,2026-09-14T18:45:00Z,Drogheda United,H,Premier Division
kameron-ledwidge,2026-09-18T18:45:00Z,Dundalk,A,Premier Division
kameron-ledwidge,2026-09-25T18:45:00Z,Galway United FC,A,Premier Division
kameron-ledwidge,2026-10-09T18:45:00Z,Sligo Rovers,H,Premier Division
keith-buckley,2026-09-06T15:00:00Z,Derry City,A,FAI Cup
keith-buckley,2026-09-11T18:45:00Z,Waterford FC,A,Premier Division
keith-buckley,2026-09-14T18:45:00Z,St. Patrick's Athletic,H,Premier Division
keith-buckley,2026-09-18T18:45:00Z,Shelbourne,H,Premier Division
keith-buckley,2026-10-09T18:45:00Z,Bohemian FC,H,Premier Division
keith-ward,2026-09-06T15:00:00Z,Derry City,A,FAI Cup
keith-ward,2026-09-11T18:45:00Z,Waterford FC,A,Premier Division
keith-ward,2026-09-14T18:45:00Z,St. Patrick's Athletic,H,Premier Division
keith-ward,2026-09-18T18:45:00Z,Shelbourne,H,Premier Division
keith-ward,2026-10-09T18:45:00Z,Bohemian FC,H,Premier Division
kevin-doherty,2026-09-04T18:45:00Z,Galway United FC,H,FAI Cup
kevin-doherty,2026-09-11T18:45:00Z,Sligo Rovers,H,Premier Division
kevin-doherty,2026-09-14T18:45:00Z,Shelbourne,A,Premier Division
kevin-doherty,2026-09-18T19:00:00Z,Bohemian FC,A,Premier Division
kevin-doherty,2026-10-09T19:00:00Z,Shamrock Rovers,A,Premier Division
kevin-long,2026-09-04T18:45:00Z,Sligo Rovers,H,FAI Cup
kevin-long,2026-09-11T18:45:00Z,Dundalk,H,Premier Division
kevin-long,2026-09-14T18:45:00Z,Derry City,H,Premier Division
kevin-long,2026-09-18T19:00:00Z,Shamrock Rovers,A,Premier Division
kevin-long,2026-10-09T18:45:00Z,Galway United FC,H,Premier Division
kevin-toner,2026-09-06T15:00:00Z,Peña Dep. Santa Eulalia,H,Segunda Federacion - Group 3
kevin-toner,2026-09-13T15:00:00Z,Mallorca B,A,Segunda Federacion - Group 3
kevin-toner,2026-09-20T15:00:00Z,Orihuela,H,Segunda Federacion - Group 3
kevin-toner,2026-09-27T15:00:00Z,Alcoyano,A,Segunda Federacion - Group 3
kevin-toner,2026-10-04T15:00:00Z,La Nucía,H,Segunda Federacion - Group 3
kevin-zefi,2026-09-04T18:45:00Z,Waterford FC,A,FAI Cup
kevin-zefi,2026-09-11T18:45:00Z,Drogheda United,A,Premier Division
kevin-zefi,2026-09-14T18:45:00Z,Galway United FC,H,Premier Division
kevin-zefi,2026-09-19T18:45:00Z,St. Patrick's Athletic,H,Premier Division
kevin-zefi,2026-10-09T18:45:00Z,Shelbourne,A,Premier Division
kian-leavy,2026-09-05T15:00:00Z,Bohemian FC,H,FAI Cup
kian-leavy,2026-09-11T19:00:00Z,Shamrock Rovers,H,Premier Division
kian-leavy,2026-09-14T18:45:00Z,Dundalk,A,Premier Division
kian-leavy,2026-09-19T18:45:00Z,Sligo Rovers,A,Premier Division
kian-leavy,2026-10-09T18:45:00Z,Derry City,A,Premier Division
kian-mcmahon-brown,2026-09-14T18:00:00Z,Nottingham Forest U21,A,Premier League 2
kian-mcmahon-brown,2026-09-18T18:00:00Z,Derby County U21,H,Premier League 2
kian-quigley,2026-09-05T15:00:00Z,Bohemian FC,H,FAI Cup
kian-quigley,2026-09-11T19:00:00Z,Shamrock Rovers,H,Premier Division
kian-quigley,2026-09-14T18:45:00Z,Dundalk,A,Premier Division
kian-quigley,2026-09-19T18:45:00Z,Sligo Rovers,A,Premier Division
kian-quigley,2026-10-09T18:45:00Z,Derry City,A,Premier Division
kieran-cruise,2026-09-04T18:45:00Z,Galway United FC,H,FAI Cup
kieran-cruise,2026-09-11T18:45:00Z,Sligo Rovers,H,Premier Division
kieran-cruise,2026-09-14T18:45:00Z,Shelbourne,A,Premier Division
kieran-cruise,2026-09-18T19:00:00Z,Bohemian FC,A,Premier Division
kieran-cruise,2026-10-09T19:00:00Z,Shamrock Rovers,A,Premier Division
kieran-sadlier,2026-08-29T23:00:00Z,Brooklyn,A,USL Championship
kieran-sadlier,2026-09-05T23:00:00Z,Lexington SC,H,USL Championship
kieran-sadlier,2026-09-12T23:00:00Z,Rhode Island FC,H,USL Championship
kieran-sadlier,2026-09-16T22:00:00Z,Hartford Athletic,A,USL Championship
kieran-sadlier,2026-09-25T23:30:00Z,Loudoun United FC,H,USL Championship
kieran-sadlier,2026-09-30T23:00:00Z,Miami FC,A,USL Championship
kieran-sadlier,2026-10-02T23:30:00Z,Louisville City FC,H,USL Championship
killian-brouder,2026-09-04T18:45:00Z,Drogheda United,A,FAI Cup
killian-brouder,2026-09-11T18:45:00Z,Bohemian FC,H,Premier Division
killian-brouder,2026-09-14T18:45:00Z,Sligo Rovers,A,Premier Division
killian-brouder,2026-09-18T18:45:00Z,Derry City,A,Premier Division
killian-brouder,2026-09-25T18:45:00Z,Shelbourne,H,Premier Division
killian-brouder,2026-10-09T18:45:00Z,Waterford FC,A,Premier Division
killian-cantwell,2026-09-04T18:45:00Z,Cork City,H,First Division
killian-cantwell,2026-09-11T18:45:00Z,Kerry FC,A,First Division
killian-cantwell,2026-09-18T18:45:00Z,Treaty United,H,First Division
killian-cantwell,2026-09-25T18:45:00Z,UCD,A,First Division
killian-cantwell,2026-10-02T18:45:00Z,Cobh Ramblers,H,First Division
killian-cantwell,2026-10-09T18:45:00Z,Wexford FC,H,First Division
kyle-mcdonagh,2026-09-04T18:45:00Z,Waterford FC,A,FAI Cup
kyle-mcdonagh,2026-09-11T18:45:00Z,Drogheda United,A,Premier Division
kyle-mcdonagh,2026-09-14T18:45:00Z,Galway United FC,H,Premier Division
kyle-mcdonagh,2026-09-19T18:45:00Z,St. Patrick's Athletic,H,Premier Division
kyle-mcdonagh,2026-10-09T18:45:00Z,Shelbourne,A,Premier Division
kyle-robinson,2026-09-04T18:45:00Z,Finn Harps,A,First Division
kyle-robinson,2026-09-11T18:45:00Z,UCD,A,First Division
kyle-robinson,2026-09-18T18:45:00Z,Kerry FC,H,First Division
kyle-robinson,2026-09-25T18:45:00Z,Cobh Ramblers,A,First Division
kyle-robinson,2026-10-02T18:45:00Z,Cork City,H,First Division
kyle-robinson,2026-10-09T18:45:00Z,Treaty United,H,First Division
lee-desmond,2026-08-30T02:00:00Z,Monterey Bay FC,A,USL Championship
lee-desmond,2026-09-06T02:00:00Z,Orange County SC,A,USL Championship
lee-desmond,2026-09-13T02:00:00Z,Detroit City FC,H,USL Championship
lee-desmond,2026-09-20T23:00:00Z,San Antonio FC,H,USL Championship
lee-desmond,2026-09-27T01:00:00Z,New Mexico United,A,USL Championship
lee-desmond,2026-10-01T02:00:00Z,Las Vegas Lights FC,H,USL Championship
lee-desmond,2026-10-04T00:00:00Z,FC Tulsa,A,USL Championship
lee-devitt,2026-09-04T18:45:00Z,Drogheda United,A,FAI Cup
lee-devitt,2026-09-11T18:45:00Z,Bohemian FC,H,Premier Division
lee-devitt,2026-09-14T18:45:00Z,Sligo Rovers,A,Premier Division
lee-devitt,2026-09-18T18:45:00Z,Derry City,A,Premier Division
lee-devitt,2026-09-25T18:45:00Z,Shelbourne,H,Premier Division
lee-devitt,2026-10-09T18:45:00Z,Waterford FC,A,Premier Division
lee-grace,2026-08-30T15:00:00Z,Derry City,A,Premier Division
lee-grace,2026-09-04T19:00:00Z,Shelbourne,H,Premier Division
lee-grace,2026-09-04T19:00:00Z,Bohemian FC,H,Premier Division
lee-grace,2026-09-11T19:00:00Z,St. Patrick's Athletic,A,Premier Division
lee-grace,2026-09-18T19:00:00Z,Waterford FC,H,Premier Division
lee-grace,2026-10-09T19:00:00Z,Drogheda United,H,Premier Division
lee-steacy,2026-08-30T15:00:00Z,Derry City,A,Premier Division
lee-steacy,2026-09-04T19:00:00Z,Shelbourne,H,Premier Division
lee-steacy,2026-09-04T19:00:00Z,Bohemian FC,H,Premier Division
lee-steacy,2026-09-11T19:00:00Z,St. Patrick's Athletic,A,Premier Division
lee-steacy,2026-09-18T19:00:00Z,Waterford FC,H,Premier Division
lee-steacy,2026-10-09T19:00:00Z,Drogheda United,H,Premier Division
leigh-kavanagh,2026-09-04T18:45:00Z,Drogheda United,A,FAI Cup
leigh-kavanagh,2026-09-11T18:45:00Z,Bohemian FC,H,Premier Division
leigh-kavanagh,2026-09-14T18:45:00Z,Sligo Rovers,A,Premier Division
leigh-kavanagh,2026-09-18T18:45:00Z,Derry City,A,Premier Division
leigh-kavanagh,2026-09-25T18:45:00Z,Shelbourne,H,Premier Division
leigh-kavanagh,2026-10-09T18:45:00Z,Waterford FC,A,Premier Division
leon-keogh,2026-09-04T18:45:00Z,Cork City,H,First Division
leon-keogh,2026-09-11T18:45:00Z,Kerry FC,A,First Division
leon-keogh,2026-09-18T18:45:00Z,Treaty United,H,First Division
leon-keogh,2026-09-25T18:45:00Z,UCD,A,First Division
leon-keogh,2026-10-02T18:45:00Z,Cobh Ramblers,H,First Division
leon-keogh,2026-10-09T18:45:00Z,Wexford FC,H,First Division
luca-cailloce,2026-09-04T19:00:00Z,Shamrock Rovers,A,Premier Division
luca-cailloce,2026-09-11T18:45:00Z,Derry City,H,Premier Division
luca-cailloce,2026-09-14T18:45:00Z,Drogheda United,H,Premier Division
luca-cailloce,2026-09-18T18:45:00Z,Dundalk,A,Premier Division
luca-cailloce,2026-09-25T18:45:00Z,Galway United FC,A,Premier Division
luca-cailloce,2026-10-09T18:45:00Z,Sligo Rovers,H,Premier Division
luke-cullen,2026-09-05T15:00:00Z,Bohemian FC,H,FAI Cup
luke-cullen,2026-09-11T19:00:00Z,Shamrock Rovers,H,Premier Division
luke-cullen,2026-09-14T18:45:00Z,Dundalk,A,Premier Division
luke-cullen,2026-09-19T18:45:00Z,Sligo Rovers,A,Premier Division
luke-cullen,2026-10-09T18:45:00Z,Derry City,A,Premier Division
luke-heeney,2026-09-04T18:45:00Z,Sligo Rovers,H,FAI Cup
luke-heeney,2026-09-11T18:45:00Z,Dundalk,H,Premier Division
luke-heeney,2026-09-14T18:45:00Z,Derry City,H,Premier Division
luke-heeney,2026-09-18T19:00:00Z,Shamrock Rovers,A,Premier Division
luke-heeney,2026-10-09T18:45:00Z,Galway United FC,H,Premier Division
luke-kehir,2026-09-05T15:00:00Z,Bohemian FC,H,FAI Cup
luke-kehir,2026-09-11T19:00:00Z,Shamrock Rovers,H,Premier Division
luke-kehir,2026-09-14T18:45:00Z,Dundalk,A,Premier Division
luke-kehir,2026-09-19T18:45:00Z,Sligo Rovers,A,Premier Division
luke-kehir,2026-10-09T18:45:00Z,Derry City,A,Premier Division
luke-mulligan,2026-09-06T15:00:00Z,Derry City,A,FAI Cup
luke-mulligan,2026-09-11T18:45:00Z,Waterford FC,A,Premier Division
luke-mulligan,2026-09-14T18:45:00Z,St. Patrick's Athletic,H,Premier Division
luke-mulligan,2026-09-18T18:45:00Z,Shelbourne,H,Premier Division
luke-mulligan,2026-10-09T18:45:00Z,Bohemian FC,H,Premier Division
luke-oregan,2026-08-30T15:00:00Z,Derry City,A,Premier Division
luke-oregan,2026-09-04T19:00:00Z,Shelbourne,H,Premier Division
luke-oregan,2026-09-04T19:00:00Z,Bohemian FC,H,Premier Division
luke-oregan,2026-09-11T19:00:00Z,St. Patrick's Athletic,A,Premier Division
luke-oregan,2026-09-18T19:00:00Z,Waterford FC,H,Premier Division
luke-oregan,2026-10-09T19:00:00Z,Drogheda United,H,Premier Division
luke-pearce,2026-09-04T18:45:00Z,Waterford FC,A,FAI Cup
luke-pearce,2026-09-11T18:45:00Z,Drogheda United,A,Premier Division
luke-pearce,2026-09-14T18:45:00Z,Galway United FC,H,Premier Division
luke-pearce,2026-09-19T18:45:00Z,St. Patrick's Athletic,H,Premier Division
luke-pearce,2026-10-09T18:45:00Z,Shelbourne,A,Premier Division
luke-turner,2026-09-05T15:00:00Z,Bohemian FC,H,FAI Cup
luke-turner,2026-09-11T19:00:00Z,Shamrock Rovers,H,Premier Division
luke-turner,2026-09-14T18:45:00Z,Dundalk,A,Premier Division
luke-turner,2026-09-19T18:45:00Z,Sligo Rovers,A,Premier Division
luke-turner,2026-10-09T18:45:00Z,Derry City,A,Premier Division
macdarragh-scanlon,2026-09-04T18:45:00Z,Drogheda United,A,FAI Cup
macdarragh-scanlon,2026-09-11T18:45:00Z,Bohemian FC,H,Premier Division
macdarragh-scanlon,2026-09-14T18:45:00Z,Sligo Rovers,A,Premier Division
macdarragh-scanlon,2026-09-18T18:45:00Z,Derry City,A,Premier Division
macdarragh-scanlon,2026-09-25T18:45:00Z,Shelbourne,H,Premier Division
macdarragh-scanlon,2026-10-09T18:45:00Z,Waterford FC,A,Premier Division
mark-connolly,2026-08-30T15:00:00Z,Shamrock Rovers,H,Premier Division
mark-connolly,2026-09-06T15:00:00Z,Dundalk,H,FAI Cup
mark-connolly,2026-09-11T18:45:00Z,Shelbourne,A,Premier Division
mark-connolly,2026-09-14T18:45:00Z,Waterford FC,A,Premier Division
mark-connolly,2026-09-18T18:45:00Z,Galway United FC,H,Premier Division
mark-connolly,2026-10-09T18:45:00Z,St. Patrick's Athletic,H,Premier Division
mark-doyle,2026-09-04T18:45:00Z,Galway United FC,H,FAI Cup
mark-doyle,2026-09-11T18:45:00Z,Sligo Rovers,H,Premier Division
mark-doyle,2026-09-14T18:45:00Z,Shelbourne,A,Premier Division
mark-doyle,2026-09-18T19:00:00Z,Bohemian FC,A,Premier Division
mark-doyle,2026-10-09T19:00:00Z,Shamrock Rovers,A,Premier Division
mark-omahony,2026-08-31T18:00:00Z,Arsenal U21,H,Premier League 2
mark-omahony,2026-09-11T18:00:00Z,Leicester City U21,H,Premier League 2
mark-omahony,2026-09-19T11:00:00Z,Liverpool U21,A,Premier League 2
mason-murphy,2026-09-04T18:45:00Z,Sligo Rovers,H,FAI Cup
mason-murphy,2026-09-11T18:45:00Z,Dundalk,H,Premier Division
mason-murphy,2026-09-14T18:45:00Z,Derry City,H,Premier Division
mason-murphy,2026-09-18T19:00:00Z,Shamrock Rovers,A,Premier Division
mason-murphy,2026-10-09T18:45:00Z,Galway United FC,H,Premier Division
matteo-egan,2026-08-30T17:00:00Z,Mantova,A,Serie B
matteo-egan,2026-09-05T17:30:00Z,Carrarese,A,Serie B
matteo-egan,2026-09-11T17:00:00Z,Arezzo,H,Serie B
matteo-egan,2026-09-20T17:30:00Z,Modena,A,Serie B
matteo-egan,2026-10-10T13:00:00Z,Palermo,H,Serie B
matthew-healy,2026-08-30T15:00:00Z,Derry City,A,Premier Division
matthew-healy,2026-09-04T19:00:00Z,Shelbourne,H,Premier Division
matthew-healy,2026-09-04T19:00:00Z,Bohemian FC,H,Premier Division
matthew-healy,2026-09-11T19:00:00Z,St. Patrick's Athletic,A,Premier Division
matthew-healy,2026-09-18T19:00:00Z,Waterford FC,H,Premier Division
matthew-healy,2026-10-09T19:00:00Z,Drogheda United,H,Premier Division
matthew-murray,2026-09-04T18:45:00Z,Bray Wanderers,A,First Division
matthew-murray,2026-09-11T18:45:00Z,Cobh Ramblers,H,First Division
matthew-murray,2026-09-18T18:45:00Z,UCD,H,First Division
matthew-murray,2026-09-26T18:30:00Z,Longford Town,A,First Division
matthew-murray,2026-10-02T18:45:00Z,Athlone Town,A,First Division
matthew-murray,2026-10-09T18:45:00Z,Finn Harps,H,First Division
matthew-ohara,2026-09-05T15:00:00Z,Bohemian FC,H,FAI Cup
matthew-ohara,2026-09-11T19:00:00Z,Shamrock Rovers,H,Premier Division
matthew-ohara,2026-09-14T18:45:00Z,Dundalk,A,Premier Division
matthew-ohara,2026-09-19T18:45:00Z,Sligo Rovers,A,Premier Division
matthew-ohara,2026-10-09T18:45:00Z,Derry City,A,Premier Division
max-bardell,2026-09-01T18:45:00Z,Hartlepool United,H,National League
max-bardell,2026-09-05T11:30:00Z,Aldershot Town,A,National League
max-bardell,2026-09-08T18:00:00Z,Wolverhampton Wanderers U21,H,National League Cup Group A
max-bardell,2026-09-12T14:00:00Z,Hornchurch,H,National League
max-bardell,2026-09-15T18:45:00Z,Wealdstone,A,National League
max-bardell,2026-09-19T14:00:00Z,Sutton United,H,National League
max-bardell,2026-09-26T14:00:00Z,Worthing,A,National League
max-bardell,2026-09-29T18:45:00Z,Boston United,H,National League
max-bardell,2026-10-03T14:00:00Z,Solihull Moors,A,National League
max-bardell,2026-10-10T14:00:00Z,Gateshead FC,H,National League
max-ferguson,2026-09-06T15:00:00Z,Derry City,A,FAI Cup
max-ferguson,2026-09-11T18:45:00Z,Waterford FC,A,Premier Division
max-ferguson,2026-09-14T18:45:00Z,St. Patrick's Athletic,H,Premier Division
max-ferguson,2026-09-18T18:45:00Z,Shelbourne,H,Premier Division
max-ferguson,2026-10-09T18:45:00Z,Bohemian FC,H,Premier Division
max-kovalevskis,2026-08-30T15:00:00Z,Derry City,A,Premier Division
max-kovalevskis,2026-09-04T19:00:00Z,Shelbourne,H,Premier Division
max-kovalevskis,2026-09-04T19:00:00Z,Bohemian FC,H,Premier Division
max-kovalevskis,2026-09-11T19:00:00Z,St. Patrick's Athletic,A,Premier Division
max-kovalevskis,2026-09-18T19:00:00Z,Waterford FC,H,Premier Division
max-kovalevskis,2026-10-09T19:00:00Z,Drogheda United,H,Premier Division
mayowa-animasahun,2026-09-06T15:00:00Z,Derry City,A,FAI Cup
mayowa-animasahun,2026-09-11T18:45:00Z,Waterford FC,A,Premier Division
mayowa-animasahun,2026-09-14T18:45:00Z,St. Patrick's Athletic,H,Premier Division
mayowa-animasahun,2026-09-18T18:45:00Z,Shelbourne,H,Premier Division
mayowa-animasahun,2026-10-09T18:45:00Z,Bohemian FC,H,Premier Division
michael-duffy,2026-08-30T15:00:00Z,Shamrock Rovers,H,Premier Division
michael-duffy,2026-09-06T15:00:00Z,Dundalk,H,FAI Cup
michael-duffy,2026-09-11T18:45:00Z,Shelbourne,A,Premier Division
michael-duffy,2026-09-14T18:45:00Z,Waterford FC,A,Premier Division
michael-duffy,2026-09-18T18:45:00Z,Galway United FC,H,Premier Division
michael-duffy,2026-10-09T18:45:00Z,St. Patrick's Athletic,H,Premier Division
michael-mccolgan,2026-08-30T15:00:00Z,Shamrock Rovers,H,Premier Division
michael-mccolgan,2026-09-06T15:00:00Z,Dundalk,H,FAI Cup
michael-mccolgan,2026-09-11T18:45:00Z,Shelbourne,A,Premier Division
michael-mccolgan,2026-09-14T18:45:00Z,Waterford FC,A,Premier Division
michael-mccolgan,2026-09-18T18:45:00Z,Galway United FC,H,Premier Division
michael-mccolgan,2026-10-09T18:45:00Z,St. Patrick's Athletic,H,Premier Division
michael-noonan,2026-08-30T15:00:00Z,Derry City,A,Premier Division
michael-noonan,2026-09-04T19:00:00Z,Shelbourne,H,Premier Division
michael-noonan,2026-09-04T19:00:00Z,Bohemian FC,H,Premier Division
michael-noonan,2026-09-11T19:00:00Z,St. Patrick's Athletic,A,Premier Division
michael-noonan,2026-09-18T19:00:00Z,Waterford FC,H,Premier Division
michael-noonan,2026-10-09T19:00:00Z,Drogheda United,H,Premier Division
naj-razi,2026-08-30T15:00:00Z,Derry City,A,Premier Division
naj-razi,2026-09-04T19:00:00Z,Shelbourne,H,Premier Division
naj-razi,2026-09-04T19:00:00Z,Bohemian FC,H,Premier Division
naj-razi,2026-09-11T19:00:00Z,St. Patrick's Athletic,A,Premier Division
naj-razi,2026-09-18T19:00:00Z,Waterford FC,H,Premier Division
naj-razi,2026-10-09T19:00:00Z,Drogheda United,H,Premier Division
nathan-fraser,2026-09-08T18:00:00Z,FC Halifax Town,A,National League Cup Group A
nathan-fraser,2026-09-11T18:00:00Z,Stoke City U21,A,Premier League 2
nathan-fraser,2026-09-18T18:00:00Z,Southampton U21,H,Premier League 2
niall-canavan,2026-08-31T14:00:00Z,Hornchurch,H,National League
niall-canavan,2026-09-05T14:00:00Z,Tamworth,A,National League
niall-canavan,2026-09-08T18:00:00Z,West Bromwich Albion U21,H,National League Cup Group D
niall-canavan,2026-09-12T14:00:00Z,Wealdstone,H,National League
niall-canavan,2026-09-15T18:45:00Z,Woking,H,National League
niall-canavan,2026-09-19T14:00:00Z,Forest Green,A,National League
niall-canavan,2026-09-26T14:00:00Z,AFC Fylde,H,National League
niall-canavan,2026-09-29T18:45:00Z,FC Halifax Town,A,National League
niall-canavan,2026-10-03T14:00:00Z,Yeovil,A,National League
niall-canavan,2026-10-10T14:00:00Z,Southend,H,National League
niall-morahan,2026-09-04T19:00:00Z,Shamrock Rovers,A,Premier Division
niall-morahan,2026-09-05T15:00:00Z,St. Patrick's Athletic,A,FAI Cup
niall-morahan,2026-09-11T18:45:00Z,Galway United FC,A,Premier Division
niall-morahan,2026-09-18T19:00:00Z,Drogheda United,H,Premier Division
niall-morahan,2026-10-09T18:45:00Z,Dundalk,A,Premier Division
niall-sullivan,2026-09-05T15:00:00Z,Bohemian FC,H,FAI Cup
niall-sullivan,2026-09-11T19:00:00Z,Shamrock Rovers,H,Premier Division
niall-sullivan,2026-09-14T18:45:00Z,Dundalk,A,Premier Division
niall-sullivan,2026-09-19T18:45:00Z,Sligo Rovers,A,Premier Division
niall-sullivan,2026-10-09T18:45:00Z,Derry City,A,Premier Division
noah-obrien,2026-09-04T18:45:00Z,Sligo Rovers,H,FAI Cup
noah-obrien,2026-09-11T18:45:00Z,Dundalk,H,Premier Division
noah-obrien,2026-09-14T18:45:00Z,Derry City,H,Premier Division
noah-obrien,2026-09-18T19:00:00Z,Shamrock Rovers,A,Premier Division
noah-obrien,2026-10-09T18:45:00Z,Galway United FC,H,Premier Division
odhran-casey,2026-09-04T19:00:00Z,Shamrock Rovers,A,Premier Division
odhran-casey,2026-09-11T18:45:00Z,Derry City,H,Premier Division
odhran-casey,2026-09-14T18:45:00Z,Drogheda United,H,Premier Division
odhran-casey,2026-09-18T18:45:00Z,Dundalk,A,Premier Division
odhran-casey,2026-09-25T18:45:00Z,Galway United FC,A,Premier Division
odhran-casey,2026-10-09T18:45:00Z,Sligo Rovers,H,Premier Division
oisin-kelly,2026-09-04T18:45:00Z,Waterford FC,A,FAI Cup
oisin-kelly,2026-09-11T18:45:00Z,Drogheda United,A,Premier Division
oisin-kelly,2026-09-14T18:45:00Z,Galway United FC,H,Premier Division
oisin-kelly,2026-09-19T18:45:00Z,St. Patrick's Athletic,H,Premier Division
oisin-kelly,2026-10-09T18:45:00Z,Shelbourne,A,Premier Division
oisin-obrien,2026-08-30T15:00:00Z,Shamrock Rovers,H,Premier Division
oisin-obrien,2026-09-06T15:00:00Z,Dundalk,H,FAI Cup
oisin-obrien,2026-09-11T18:45:00Z,Shelbourne,A,Premier Division
oisin-obrien,2026-09-14T18:45:00Z,Waterford FC,A,Premier Division
oisin-obrien,2026-09-18T18:45:00Z,Galway United FC,H,Premier Division
oisin-obrien,2026-10-09T18:45:00Z,St. Patrick's Athletic,H,Premier Division
orion-cala,2026-09-04T18:45:00Z,Sligo Rovers,H,FAI Cup
orion-cala,2026-09-11T18:45:00Z,Dundalk,H,Premier Division
orion-cala,2026-09-14T18:45:00Z,Derry City,H,Premier Division
orion-cala,2026-09-18T19:00:00Z,Shamrock Rovers,A,Premier Division
orion-cala,2026-10-09T18:45:00Z,Galway United FC,H,Premier Division
paddy-madden,2026-09-04T19:00:00Z,Shamrock Rovers,A,Premier Division
paddy-madden,2026-09-05T15:00:00Z,St. Patrick's Athletic,A,FAI Cup
paddy-madden,2026-09-11T18:45:00Z,Galway United FC,A,Premier Division
paddy-madden,2026-09-18T19:00:00Z,Drogheda United,H,Premier Division
paddy-madden,2026-10-09T18:45:00Z,Dundalk,A,Premier Division
padraig-amond,2026-09-04T18:45:00Z,Sligo Rovers,H,FAI Cup
padraig-amond,2026-09-11T18:45:00Z,Dundalk,H,Premier Division
padraig-amond,2026-09-14T18:45:00Z,Derry City,H,Premier Division
padraig-amond,2026-09-18T19:00:00Z,Shamrock Rovers,A,Premier Division
padraig-amond,2026-10-09T18:45:00Z,Galway United FC,H,Premier Division
patrick-barrett,2026-09-04T19:00:00Z,Shamrock Rovers,A,Premier Division
patrick-barrett,2026-09-11T18:45:00Z,Derry City,H,Premier Division
patrick-barrett,2026-09-14T18:45:00Z,Drogheda United,H,Premier Division
patrick-barrett,2026-09-18T18:45:00Z,Dundalk,A,Premier Division
patrick-barrett,2026-09-25T18:45:00Z,Galway United FC,A,Premier Division
patrick-barrett,2026-10-09T18:45:00Z,Sligo Rovers,H,Premier Division
patrick-mcclean,2026-08-30T15:00:00Z,Shamrock Rovers,H,Premier Division
patrick-mcclean,2026-09-06T15:00:00Z,Dundalk,H,FAI Cup
patrick-mcclean,2026-09-11T18:45:00Z,Shelbourne,A,Premier Division
patrick-mcclean,2026-09-14T18:45:00Z,Waterford FC,A,Premier Division
patrick-mcclean,2026-09-18T18:45:00Z,Galway United FC,H,Premier Division
patrick-mcclean,2026-10-09T18:45:00Z,St. Patrick's Athletic,H,Premier Division
pijus-otegbayo,2026-09-08T18:00:00Z,Wealdstone,A,National League Cup Group A
pijus-otegbayo,2026-09-11T18:00:00Z,Wolverhampton Wanderers U21,H,Premier League 2
pijus-otegbayo,2026-09-21T18:00:00Z,AFC Bournemouth Academy,A,Premier League 2
rhys-bartley,2026-09-04T18:45:00Z,Treaty United,A,First Division
rhys-bartley,2026-09-11T18:45:00Z,Finn Harps,H,First Division
rhys-bartley,2026-09-18T18:45:00Z,Cobh Ramblers,H,First Division
rhys-bartley,2026-09-25T18:45:00Z,Kerry FC,A,First Division
rhys-bartley,2026-10-02T18:45:00Z,Longford Town,H,First Division
rhys-bartley,2026-10-09T18:45:00Z,Bray Wanderers,A,First Division
robert-cornwall,2026-09-06T15:00:00Z,Derry City,A,FAI Cup
robert-cornwall,2026-09-11T18:45:00Z,Waterford FC,A,Premier Division
robert-cornwall,2026-09-14T18:45:00Z,St. Patrick's Athletic,H,Premier Division
robert-cornwall,2026-09-18T18:45:00Z,Shelbourne,H,Premier Division
robert-cornwall,2026-10-09T18:45:00Z,Bohemian FC,H,Premier Division
roland-idowu,2026-08-30T13:00:00Z,FCV Farul Constanța,A,Superliga
roland-idowu,2026-09-02T13:00:00Z,Corvinul Hunedoara,H,Cup Grp. A
roland-idowu,2026-09-05T12:00:00Z,Sepsi OSK,H,Superliga
roland-idowu,2026-09-12T16:00:00Z,FC Argeș Pitesti,A,Superliga
roland-idowu,2026-09-19T16:00:00Z,CFR Cluj,A,Superliga
ronan-boyce,2026-09-05T15:00:00Z,Bohemian FC,H,FAI Cup
ronan-boyce,2026-09-11T19:00:00Z,Shamrock Rovers,H,Premier Division
ronan-boyce,2026-09-14T18:45:00Z,Dundalk,A,Premier Division
ronan-boyce,2026-09-19T18:45:00Z,Sligo Rovers,A,Premier Division
ronan-boyce,2026-10-09T18:45:00Z,Derry City,A,Premier Division
ronan-mansfield,2026-09-04T18:45:00Z,UCD,H,First Division
ronan-mansfield,2026-09-11T18:45:00Z,Cork City,A,First Division
ronan-mansfield,2026-09-18T18:45:00Z,Wexford FC,A,First Division
ronan-mansfield,2026-09-25T18:45:00Z,Athlone Town,H,First Division
ronan-mansfield,2026-10-02T18:45:00Z,Bray Wanderers,A,First Division
ronan-mansfield,2026-10-09T18:45:00Z,Kerry FC,H,First Division
ronan-teahan,2026-09-06T15:00:00Z,Derry City,A,FAI Cup
ronan-teahan,2026-09-11T18:45:00Z,Waterford FC,A,Premier Division
ronan-teahan,2026-09-14T18:45:00Z,St. Patrick's Athletic,H,Premier Division
ronan-teahan,2026-09-18T18:45:00Z,Shelbourne,H,Premier Division
ronan-teahan,2026-10-09T18:45:00Z,Bohemian FC,H,Premier Division
rory-gaffney,2026-08-30T15:00:00Z,Derry City,A,Premier Division
rory-gaffney,2026-09-04T19:00:00Z,Shelbourne,H,Premier Division
rory-gaffney,2026-09-04T19:00:00Z,Bohemian FC,H,Premier Division
rory-gaffney,2026-09-11T19:00:00Z,St. Patrick's Athletic,A,Premier Division
rory-gaffney,2026-09-18T19:00:00Z,Waterford FC,H,Premier Division
rory-gaffney,2026-10-09T19:00:00Z,Drogheda United,H,Premier Division
ross-tierney,2026-09-04T19:00:00Z,Shamrock Rovers,A,Premier Division
ross-tierney,2026-09-05T15:00:00Z,St. Patrick's Athletic,A,FAI Cup
ross-tierney,2026-09-11T18:45:00Z,Galway United FC,A,Premier Division
ross-tierney,2026-09-18T19:00:00Z,Drogheda United,H,Premier Division
ross-tierney,2026-10-09T18:45:00Z,Dundalk,A,Premier Division
ryan-brennan,2026-09-04T18:45:00Z,Galway United FC,H,FAI Cup
ryan-brennan,2026-09-11T18:45:00Z,Sligo Rovers,H,Premier Division
ryan-brennan,2026-09-14T18:45:00Z,Shelbourne,A,Premier Division
ryan-brennan,2026-09-18T19:00:00Z,Bohemian FC,A,Premier Division
ryan-brennan,2026-10-09T19:00:00Z,Shamrock Rovers,A,Premier Division
ryan-burke,2026-09-04T19:00:00Z,Shamrock Rovers,A,Premier Division
ryan-burke,2026-09-05T15:00:00Z,St. Patrick's Athletic,A,FAI Cup
ryan-burke,2026-09-11T18:45:00Z,Galway United FC,A,Premier Division
ryan-burke,2026-09-18T19:00:00Z,Drogheda United,H,Premier Division
ryan-burke,2026-10-09T18:45:00Z,Dundalk,A,Premier Division
ryan-butler,2026-09-04T18:45:00Z,Treaty United,A,First Division
ryan-butler,2026-09-11T18:45:00Z,Finn Harps,H,First Division
ryan-butler,2026-09-18T18:45:00Z,Cobh Ramblers,H,First Division
ryan-butler,2026-09-25T18:45:00Z,Kerry FC,A,First Division
ryan-butler,2026-10-02T18:45:00Z,Longford Town,H,First Division
ryan-butler,2026-10-09T18:45:00Z,Bray Wanderers,A,First Division
ryan-markey,2026-09-04T18:45:00Z,Galway United FC,H,FAI Cup
ryan-markey,2026-09-11T18:45:00Z,Sligo Rovers,H,Premier Division
ryan-markey,2026-09-14T18:45:00Z,Shelbourne,A,Premier Division
ryan-markey,2026-09-18T19:00:00Z,Bohemian FC,A,Premier Division
ryan-markey,2026-10-09T19:00:00Z,Shamrock Rovers,A,Premier Division
ryan-okane,2026-09-04T18:45:00Z,Waterford FC,A,FAI Cup
ryan-okane,2026-09-11T18:45:00Z,Drogheda United,A,Premier Division
ryan-okane,2026-09-14T18:45:00Z,Galway United FC,H,Premier Division
ryan-okane,2026-09-19T18:45:00Z,St. Patrick's Athletic,H,Premier Division
ryan-okane,2026-10-09T18:45:00Z,Shelbourne,A,Premier Division
ryan-sheridan,2026-09-05T15:00:00Z,Bohemian FC,H,FAI Cup
ryan-sheridan,2026-09-11T19:00:00Z,Shamrock Rovers,H,Premier Division
ryan-sheridan,2026-09-14T18:45:00Z,Dundalk,A,Premier Division
ryan-sheridan,2026-09-19T18:45:00Z,Sligo Rovers,A,Premier Division
ryan-sheridan,2026-10-09T18:45:00Z,Derry City,A,Premier Division
sam-rooney,2026-09-05T15:00:00Z,Bohemian FC,H,FAI Cup
sam-rooney,2026-09-11T19:00:00Z,Shamrock Rovers,H,Premier Division
sam-rooney,2026-09-14T18:45:00Z,Dundalk,A,Premier Division
sam-rooney,2026-09-19T18:45:00Z,Sligo Rovers,A,Premier Division
sam-rooney,2026-10-09T18:45:00Z,Derry City,A,Premier Division
sam-steward,2026-09-05T15:00:00Z,Bohemian FC,H,FAI Cup
sam-steward,2026-09-11T19:00:00Z,Shamrock Rovers,H,Premier Division
sam-steward,2026-09-14T18:45:00Z,Dundalk,A,Premier Division
sam-steward,2026-09-19T18:45:00Z,Sligo Rovers,A,Premier Division
sam-steward,2026-10-09T18:45:00Z,Derry City,A,Premier Division
sam-todd,2026-09-04T19:00:00Z,Shamrock Rovers,A,Premier Division
sam-todd,2026-09-05T15:00:00Z,St. Patrick's Athletic,A,FAI Cup
sam-todd,2026-09-11T18:45:00Z,Galway United FC,A,Premier Division
sam-todd,2026-09-18T19:00:00Z,Drogheda United,H,Premier Division
sam-todd,2026-10-09T18:45:00Z,Dundalk,A,Premier Division
samuel-ogungbe,2026-09-05T15:00:00Z,Bohemian FC,H,FAI Cup
samuel-ogungbe,2026-09-11T19:00:00Z,Shamrock Rovers,H,Premier Division
samuel-ogungbe,2026-09-14T18:45:00Z,Dundalk,A,Premier Division
samuel-ogungbe,2026-09-19T18:45:00Z,Sligo Rovers,A,Premier Division
samuel-ogungbe,2026-10-09T18:45:00Z,Derry City,A,Premier Division
samuel-safaei,2026-09-06T15:00:00Z,Derry City,A,FAI Cup
samuel-safaei,2026-09-11T18:45:00Z,Waterford FC,A,Premier Division
samuel-safaei,2026-09-14T18:45:00Z,St. Patrick's Athletic,H,Premier Division
samuel-safaei,2026-09-18T18:45:00Z,Shelbourne,H,Premier Division
samuel-safaei,2026-10-09T18:45:00Z,Bohemian FC,H,Premier Division
scott-brady,2026-09-05T18:30:00Z,Kerry FC,H,First Division
scott-brady,2026-09-12T18:30:00Z,Treaty United,H,First Division
scott-brady,2026-09-18T18:45:00Z,Finn Harps,A,First Division
scott-brady,2026-09-26T18:30:00Z,Cork City,H,First Division
scott-brady,2026-10-02T18:45:00Z,Wexford FC,A,First Division
scott-brady,2026-10-09T18:45:00Z,UCD,A,First Division
scott-davies,2026-08-31T14:00:00Z,Eastleigh,A,National League
scott-davies,2026-09-05T11:30:00Z,FC Halifax Town,H,National League
scott-davies,2026-09-08T18:30:00Z,West Ham United U21,H,National League Cup Group B
scott-davies,2026-09-12T14:00:00Z,Solihull Moors,A,National League
scott-davies,2026-09-15T18:45:00Z,Yeovil,H,National League
scott-davies,2026-09-19T14:00:00Z,Barrow,A,National League
scott-davies,2026-09-26T14:00:00Z,Tamworth,H,National League
scott-davies,2026-09-29T18:45:00Z,Hornchurch,A,National League
scott-davies,2026-10-03T14:00:00Z,Carlisle,H,National League
scott-davies,2026-10-10T11:30:00Z,Altrincham,A,National League
seamus-maughan,2026-09-04T18:45:00Z,Waterford FC,A,FAI Cup
seamus-maughan,2026-09-11T18:45:00Z,Drogheda United,A,Premier Division
seamus-maughan,2026-09-14T18:45:00Z,Galway United FC,H,Premier Division
seamus-maughan,2026-09-19T18:45:00Z,St. Patrick's Athletic,H,Premier Division
seamus-maughan,2026-10-09T18:45:00Z,Shelbourne,A,Premier Division
sean-boyd,2026-09-04T19:00:00Z,Shamrock Rovers,A,Premier Division
sean-boyd,2026-09-11T18:45:00Z,Derry City,H,Premier Division
sean-boyd,2026-09-14T18:45:00Z,Drogheda United,H,Premier Division
sean-boyd,2026-09-18T18:45:00Z,Dundalk,A,Premier Division
sean-boyd,2026-09-25T18:45:00Z,Galway United FC,A,Premier Division
sean-boyd,2026-10-09T18:45:00Z,Sligo Rovers,H,Premier Division
sean-gannon,2026-09-04T19:00:00Z,Shamrock Rovers,A,Premier Division
sean-gannon,2026-09-11T18:45:00Z,Derry City,H,Premier Division
sean-gannon,2026-09-14T18:45:00Z,Drogheda United,H,Premier Division
sean-gannon,2026-09-18T18:45:00Z,Dundalk,A,Premier Division
sean-gannon,2026-09-25T18:45:00Z,Galway United FC,A,Premier Division
sean-gannon,2026-10-09T18:45:00Z,Sligo Rovers,H,Premier Division
sean-hoare,2026-09-05T15:00:00Z,Bohemian FC,H,FAI Cup
sean-hoare,2026-09-11T19:00:00Z,Shamrock Rovers,H,Premier Division
sean-hoare,2026-09-14T18:45:00Z,Dundalk,A,Premier Division
sean-hoare,2026-09-19T18:45:00Z,Sligo Rovers,A,Premier Division
sean-hoare,2026-10-09T18:45:00Z,Derry City,A,Premier Division
sean-keane,2026-09-04T18:45:00Z,Sligo Rovers,H,FAI Cup
sean-keane,2026-09-11T18:45:00Z,Dundalk,H,Premier Division
sean-keane,2026-09-14T18:45:00Z,Derry City,H,Premier Division
sean-keane,2026-09-18T19:00:00Z,Shamrock Rovers,A,Premier Division
sean-keane,2026-10-09T18:45:00Z,Galway United FC,H,Premier Division
sean-keogh,2026-08-31T18:00:00Z,Arsenal U21,H,Premier League 2
sean-keogh,2026-09-11T18:00:00Z,Leicester City U21,H,Premier League 2
sean-keogh,2026-09-19T11:00:00Z,Liverpool U21,A,Premier League 2
sean-mcgrath,2026-09-04T18:45:00Z,Galway United FC,H,FAI Cup
sean-mcgrath,2026-09-11T18:45:00Z,Sligo Rovers,H,Premier Division
sean-mcgrath,2026-09-14T18:45:00Z,Shelbourne,A,Premier Division
sean-mcgrath,2026-09-18T19:00:00Z,Bohemian FC,A,Premier Division
sean-mcgrath,2026-10-09T19:00:00Z,Shamrock Rovers,A,Premier Division
sean-mchale,2026-09-04T18:45:00Z,Waterford FC,A,FAI Cup
sean-mchale,2026-09-11T18:45:00Z,Drogheda United,A,Premier Division
sean-mchale,2026-09-14T18:45:00Z,Galway United FC,H,Premier Division
sean-mchale,2026-09-19T18:45:00Z,St. Patrick's Athletic,H,Premier Division
sean-mchale,2026-10-09T18:45:00Z,Shelbourne,A,Premier Division
sean-molloy,2026-09-05T15:00:00Z,Bohemian FC,H,FAI Cup
sean-molloy,2026-09-11T19:00:00Z,Shamrock Rovers,H,Premier Division
sean-molloy,2026-09-14T18:45:00Z,Dundalk,A,Premier Division
sean-molloy,2026-09-19T18:45:00Z,Sligo Rovers,A,Premier Division
sean-molloy,2026-10-09T18:45:00Z,Derry City,A,Premier Division
sean-moore,2026-09-04T19:00:00Z,Shamrock Rovers,A,Premier Division
sean-moore,2026-09-11T18:45:00Z,Derry City,H,Premier Division
sean-moore,2026-09-14T18:45:00Z,Drogheda United,H,Premier Division
sean-moore,2026-09-18T18:45:00Z,Dundalk,A,Premier Division
sean-moore,2026-09-25T18:45:00Z,Galway United FC,A,Premier Division
sean-moore,2026-10-09T18:45:00Z,Sligo Rovers,H,Premier Division
sean-spaight,2026-09-06T15:00:00Z,Derry City,A,FAI Cup
sean-spaight,2026-09-11T18:45:00Z,Waterford FC,A,Premier Division
sean-spaight,2026-09-14T18:45:00Z,St. Patrick's Athletic,H,Premier Division
sean-spaight,2026-09-18T18:45:00Z,Shelbourne,H,Premier Division
sean-spaight,2026-10-09T18:45:00Z,Bohemian FC,H,Premier Division
senan-mullen,2026-09-04T19:00:00Z,Shamrock Rovers,A,Premier Division
senan-mullen,2026-09-05T15:00:00Z,St. Patrick's Athletic,A,FAI Cup
senan-mullen,2026-09-11T18:45:00Z,Galway United FC,A,Premier Division
senan-mullen,2026-09-18T19:00:00Z,Drogheda United,H,Premier Division
senan-mullen,2026-10-09T18:45:00Z,Dundalk,A,Premier Division
shadrach-ogie,2026-08-31T14:00:00Z,Southend,H,National League
shadrach-ogie,2026-09-05T14:00:00Z,Hartlepool United,A,National League
shadrach-ogie,2026-09-08T18:45:00Z,Southampton U21,H,National League Cup Group D
shadrach-ogie,2026-09-12T14:00:00Z,Altrincham,H,National League
shadrach-ogie,2026-09-15T18:45:00Z,Boston United,A,National League
shadrach-ogie,2026-09-19T14:00:00Z,Kidderminster Harriers,H,National League
shadrach-ogie,2026-09-26T14:00:00Z,Carlisle,A,National League
shadrach-ogie,2026-09-29T18:45:00Z,Solihull Moors,H,National League
shadrach-ogie,2026-10-03T14:00:00Z,Eastleigh,A,National League
shadrach-ogie,2026-10-10T14:00:00Z,Harrogate Town,H,National League
shane-farrell,2026-09-04T18:45:00Z,Galway United FC,H,FAI Cup
shane-farrell,2026-09-11T18:45:00Z,Sligo Rovers,H,Premier Division
shane-farrell,2026-09-14T18:45:00Z,Shelbourne,A,Premier Division
shane-farrell,2026-09-18T19:00:00Z,Bohemian FC,A,Premier Division
shane-farrell,2026-10-09T19:00:00Z,Shamrock Rovers,A,Premier Division
shane-flynn,2026-08-31T13:30:00Z,Flint Town United,A,Premier League
shane-flynn,2026-09-04T18:45:00Z,Haverfordwest,H,Premier League
shane-flynn,2026-09-12T16:30:00Z,Colwyn Bay,A,Premier League
shane-flynn,2026-09-15T18:45:00Z,Airbus UK Broughton,H,Premier League
shane-flynn,2026-09-18T18:45:00Z,Cardiff Met FC,H,Premier League
shane-flynn,2026-09-26T13:30:00Z,Barry Town,A,Premier League
shane-flynn,2026-10-03T13:30:00Z,Penybont,H,Premier League
shane-flynn,2026-10-09T18:45:00Z,Briton Ferry Llansawel,A,Premier League
shane-tracey,2026-09-06T15:00:00Z,Derry City,A,FAI Cup
shane-tracey,2026-09-11T18:45:00Z,Waterford FC,A,Premier Division
shane-tracey,2026-09-14T18:45:00Z,St. Patrick's Athletic,H,Premier Division
shane-tracey,2026-09-18T18:45:00Z,Shelbourne,H,Premier Division
shane-tracey,2026-10-09T18:45:00Z,Bohemian FC,H,Premier Division
shaun-platt,2026-09-06T15:00:00Z,Derry City,A,FAI Cup
shaun-platt,2026-09-11T18:45:00Z,Waterford FC,A,Premier Division
shaun-platt,2026-09-14T18:45:00Z,St. Patrick's Athletic,H,Premier Division
shaun-platt,2026-09-18T18:45:00Z,Shelbourne,H,Premier Division
shaun-platt,2026-10-09T18:45:00Z,Bohemian FC,H,Premier Division
shaun-wade,2026-08-31T12:00:00Z,West Ham United U21,H,Premier League 2
shaun-wade,2026-09-12T12:00:00Z,Arsenal U21,A,Premier League 2
shaun-wade,2026-09-15T18:00:00Z,Wycombe,A,EFL Trophy Southern Grp. C
shaun-wade,2026-09-18T18:00:00Z,Fulham U21,H,Premier League 2
shay-casey,2026-09-06T15:00:00Z,Derry City,A,FAI Cup
shay-casey,2026-09-11T18:45:00Z,Waterford FC,A,Premier Division
shay-casey,2026-09-14T18:45:00Z,St. Patrick's Athletic,H,Premier Division
shay-casey,2026-09-18T18:45:00Z,Shelbourne,H,Premier Division
shay-casey,2026-10-09T18:45:00Z,Bohemian FC,H,Premier Division
simon-power,2026-09-05T15:00:00Z,Bohemian FC,H,FAI Cup
simon-power,2026-09-11T19:00:00Z,Shamrock Rovers,H,Premier Division
simon-power,2026-09-14T18:45:00Z,Dundalk,A,Premier Division
simon-power,2026-09-19T18:45:00Z,Sligo Rovers,A,Premier Division
simon-power,2026-10-09T18:45:00Z,Derry City,A,Premier Division
sinclair-armstrong,2026-08-29T18:30:00Z,Galatasaray,A,Super Lig
sinclair-armstrong,2026-09-07T17:00:00Z,Gaziantep FK,H,Super Lig
sinclair-armstrong,2026-09-13T17:00:00Z,Alanyaspor,A,Super Lig
sinclair-armstrong,2026-09-20T17:00:00Z,Rizespor,H,Super Lig
stephen-walsh,2026-09-04T18:45:00Z,Drogheda United,A,FAI Cup
stephen-walsh,2026-09-11T18:45:00Z,Bohemian FC,H,Premier Division
stephen-walsh,2026-09-14T18:45:00Z,Sligo Rovers,A,Premier Division
stephen-walsh,2026-09-18T18:45:00Z,Derry City,A,Premier Division
stephen-walsh,2026-09-25T18:45:00Z,Shelbourne,H,Premier Division
stephen-walsh,2026-10-09T18:45:00Z,Waterford FC,A,Premier Division
terence-doherty,2026-08-30T15:00:00Z,Shamrock Rovers,H,Premier Division
terence-doherty,2026-09-06T15:00:00Z,Dundalk,H,FAI Cup
terence-doherty,2026-09-11T18:45:00Z,Shelbourne,A,Premier Division
terence-doherty,2026-09-14T18:45:00Z,Waterford FC,A,Premier Division
terence-doherty,2026-09-18T18:45:00Z,Galway United FC,H,Premier Division
terence-doherty,2026-10-09T18:45:00Z,St. Patrick's Athletic,H,Premier Division
theo-hennessy,2026-09-04T18:45:00Z,Galway United FC,H,FAI Cup
theo-hennessy,2026-09-11T18:45:00Z,Sligo Rovers,H,Premier Division
theo-hennessy,2026-09-14T18:45:00Z,Shelbourne,A,Premier Division
theo-hennessy,2026-09-18T19:00:00Z,Bohemian FC,A,Premier Division
theo-hennessy,2026-10-09T19:00:00Z,Shamrock Rovers,A,Premier Division
thomas-oluwa,2026-09-04T18:45:00Z,Galway United FC,H,FAI Cup
thomas-oluwa,2026-09-11T18:45:00Z,Sligo Rovers,H,Premier Division
thomas-oluwa,2026-09-14T18:45:00Z,Shelbourne,A,Premier Division
thomas-oluwa,2026-09-18T19:00:00Z,Bohemian FC,A,Premier Division
thomas-oluwa,2026-10-09T19:00:00Z,Shamrock Rovers,A,Premier Division
todd-bazunu,2026-08-30T15:00:00Z,Derry City,A,Premier Division
todd-bazunu,2026-09-04T19:00:00Z,Shelbourne,H,Premier Division
todd-bazunu,2026-09-04T19:00:00Z,Bohemian FC,H,Premier Division
todd-bazunu,2026-09-11T19:00:00Z,St. Patrick's Athletic,A,Premier Division
todd-bazunu,2026-09-18T19:00:00Z,Waterford FC,H,Premier Division
todd-bazunu,2026-10-09T19:00:00Z,Drogheda United,H,Premier Division
tom-field,2026-08-29T21:00:00Z,Cavalry FC,A,Premier League
tom-field,2026-09-06T22:00:00Z,Supra du Québec,H,Premier League
tom-field,2026-09-13T19:00:00Z,Inter Toronto FC,A,Premier League
tom-field,2026-09-20T00:00:00Z,Pacific FC,A,Premier League
tom-field,2026-09-24T02:00:00Z,Inter Toronto FC,H,Premier League
tom-field,2026-09-26T23:00:00Z,Forge FC,H,Premier League
tom-lonergan,2026-09-04T18:45:00Z,Sligo Rovers,H,FAI Cup
tom-lonergan,2026-09-11T18:45:00Z,Dundalk,H,Premier Division
tom-lonergan,2026-09-14T18:45:00Z,Derry City,H,Premier Division
tom-lonergan,2026-09-18T19:00:00Z,Shamrock Rovers,A,Premier Division
tom-lonergan,2026-10-09T18:45:00Z,Galway United FC,H,Premier Division
trent-kone-doherty,2026-08-30T15:00:00Z,Vålerenga,A,Eliteserien
trent-kone-doherty,2026-09-06T15:00:00Z,KFUM,H,Eliteserien
trent-kone-doherty,2026-09-13T15:00:00Z,HamKam,A,Eliteserien
trent-kone-doherty,2026-09-19T16:00:00Z,Aalesund,H,Eliteserien
trevor-clarke,2026-09-06T15:00:00Z,Derry City,A,FAI Cup
trevor-clarke,2026-09-11T18:45:00Z,Waterford FC,A,Premier Division
trevor-clarke,2026-09-14T18:45:00Z,St. Patrick's Athletic,H,Premier Division
trevor-clarke,2026-09-18T18:45:00Z,Shelbourne,H,Premier Division
trevor-clarke,2026-10-09T18:45:00Z,Bohemian FC,H,Premier Division
tunmise-sobowale,2026-08-30T15:00:00Z,Derry City,A,Premier Division
tunmise-sobowale,2026-09-04T19:00:00Z,Shelbourne,H,Premier Division
tunmise-sobowale,2026-09-04T19:00:00Z,Bohemian FC,H,Premier Division
tunmise-sobowale,2026-09-11T19:00:00Z,St. Patrick's Athletic,A,Premier Division
tunmise-sobowale,2026-09-18T19:00:00Z,Waterford FC,H,Premier Division
tunmise-sobowale,2026-10-09T19:00:00Z,Drogheda United,H,Premier Division
tyreke-wilson,2026-09-06T15:00:00Z,Derry City,A,FAI Cup
tyreke-wilson,2026-09-11T18:45:00Z,Waterford FC,A,Premier Division
tyreke-wilson,2026-09-14T18:45:00Z,St. Patrick's Athletic,H,Premier Division
tyreke-wilson,2026-09-18T18:45:00Z,Shelbourne,H,Premier Division
tyreke-wilson,2026-10-09T18:45:00Z,Bohemian FC,H,Premier Division
victor-ozhianvuna,2026-08-30T15:00:00Z,Derry City,A,Premier Division
victor-ozhianvuna,2026-09-04T19:00:00Z,Shelbourne,H,Premier Division
victor-ozhianvuna,2026-09-04T19:00:00Z,Bohemian FC,H,Premier Division
victor-ozhianvuna,2026-09-11T19:00:00Z,St. Patrick's Athletic,A,Premier Division
victor-ozhianvuna,2026-09-18T19:00:00Z,Waterford FC,H,Premier Division
victor-ozhianvuna,2026-10-09T19:00:00Z,Drogheda United,H,Premier Division
vinnie-leonard,2026-09-08T18:30:00Z,Worthing,A,National League Cup Group B
vinnie-leonard,2026-09-11T18:00:00Z,Birmingham U21,H,Premier League 2
vinnie-leonard,2026-09-18T18:00:00Z,Sunderland U21,A,Premier League 2
warren-davis,2026-09-04T18:45:00Z,Galway United FC,H,FAI Cup
warren-davis,2026-09-11T18:45:00Z,Sligo Rovers,H,Premier Division
warren-davis,2026-09-14T18:45:00Z,Shelbourne,A,Premier Division
warren-davis,2026-09-18T19:00:00Z,Bohemian FC,A,Premier Division
warren-davis,2026-10-09T19:00:00Z,Shamrock Rovers,A,Premier Division
william-fitzgerald,2026-08-30T15:00:00Z,Derry City,A,Premier Division
william-fitzgerald,2026-09-04T19:00:00Z,Shelbourne,H,Premier Division
william-fitzgerald,2026-09-04T19:00:00Z,Bohemian FC,H,Premier Division
william-fitzgerald,2026-09-11T19:00:00Z,St. Patrick's Athletic,A,Premier Division
william-fitzgerald,2026-09-18T19:00:00Z,Waterford FC,H,Premier Division
william-fitzgerald,2026-10-09T19:00:00Z,Drogheda United,H,Premier Division
wilson-waweru,2026-08-31T14:00:00Z,Sutton United,A,National League
wilson-waweru,2026-09-05T14:00:00Z,Kidderminster Harriers,H,National League
wilson-waweru,2026-09-08T18:00:00Z,Stoke City U21,H,National League Cup Group A
wilson-waweru,2026-09-12T14:00:00Z,Boston United,A,National League
wilson-waweru,2026-09-15T18:45:00Z,FC Halifax Town,H,National League
wilson-waweru,2026-09-19T11:30:00Z,Tamworth,A,National League
wilson-waweru,2026-09-26T14:00:00Z,Gateshead FC,H,National League
wilson-waweru,2026-09-29T18:45:00Z,Forest Green,A,National League
wilson-waweru,2026-10-03T14:00:00Z,Barrow,A,National League
wilson-waweru,2026-10-06T18:00:00Z,Nottingham Forest U21,H,National League Cup Group A
wilson-waweru,2026-10-10T14:00:00Z,Yeovil,H,National League
zach-dunne,2026-09-04T18:45:00Z,Bray Wanderers,A,First Division
zach-dunne,2026-09-11T18:45:00Z,Cobh Ramblers,H,First Division
zach-dunne,2026-09-18T18:45:00Z,UCD,H,First Division
zach-dunne,2026-09-26T18:30:00Z,Longford Town,A,First Division
zach-dunne,2026-10-02T18:45:00Z,Athlone Town,A,First Division
zach-dunne,2026-10-09T18:45:00Z,Finn Harps,H,First Division
zach-nolan,2026-08-31T14:00:00Z,Caernarfon,A,Premier League
zach-nolan,2026-09-05T16:15:00Z,Barry Town,H,Premier League
zach-nolan,2026-09-11T18:45:00Z,Airbus UK Broughton,A,Premier League
zach-nolan,2026-09-15T18:45:00Z,Flint Town United,H,Premier League
zach-nolan,2026-09-19T16:30:00Z,Llandudno FC,H,Premier League
zach-nolan,2026-09-26T13:30:00Z,Trefelin BGC,A,Premier League
zach-nolan,2026-10-03T13:30:00Z,Cambrian United,H,Premier League
zach-nolan,2026-10-09T18:45:00Z,Holywell Town,A,Premier League
zack-elbouzedi,2026-09-05T15:00:00Z,Bohemian FC,H,FAI Cup
zack-elbouzedi,2026-09-11T19:00:00Z,Shamrock Rovers,H,Premier Division
zack-elbouzedi,2026-09-14T18:45:00Z,Dundalk,A,Premier Division
zack-elbouzedi,2026-09-19T18:45:00Z,Sligo Rovers,A,Premier Division
zack-elbouzedi,2026-10-09T18:45:00Z,Derry City,A,Premier Division
zak-gilsenan,2026-09-01T18:45:00Z,Hartlepool United,H,National League
zak-gilsenan,2026-09-05T11:30:00Z,Aldershot Town,A,National League
zak-gilsenan,2026-09-08T18:00:00Z,Wolverhampton Wanderers U21,H,National League Cup Group A
zak-gilsenan,2026-09-12T14:00:00Z,Hornchurch,H,National League
zak-gilsenan,2026-09-15T18:45:00Z,Wealdstone,A,National League
zak-gilsenan,2026-09-19T14:00:00Z,Sutton United,H,National League
zak-gilsenan,2026-09-26T14:00:00Z,Worthing,A,National League
zak-gilsenan,2026-09-29T18:45:00Z,Boston United,H,National League
zak-gilsenan,2026-10-03T14:00:00Z,Solihull Moors,A,National League
zak-gilsenan,2026-10-10T14:00:00Z,Gateshead FC,H,National League
zak-osullivan,2026-09-04T18:45:00Z,Treaty United,A,First Division
zak-osullivan,2026-09-11T18:45:00Z,Finn Harps,H,First Division
zak-osullivan,2026-09-18T18:45:00Z,Cobh Ramblers,H,First Division
zak-osullivan,2026-09-25T18:45:00Z,Kerry FC,A,First Division
zak-osullivan,2026-10-02T18:45:00Z,Longford Town,H,First Division
zak-osullivan,2026-10-09T18:45:00Z,Bray Wanderers,A,First Division
zak-reddy,2026-09-04T18:45:00Z,Cork City,H,First Division
zak-reddy,2026-09-11T18:45:00Z,Kerry FC,A,First Division
zak-reddy,2026-09-18T18:45:00Z,Treaty United,H,First Division
zak-reddy,2026-09-25T18:45:00Z,UCD,A,First Division
zak-reddy,2026-10-02T18:45:00Z,Cobh Ramblers,H,First Division
zak-reddy,2026-10-09T18:45:00Z,Wexford FC,H,First Division
