slug,date,opponent,score,competition,minutes,goals,assists
aaron-maguire,26 Aug,Bristol Rovers,4-4,EFL Trophy Southern Grp. B,22,0,0
aaron-maguire,05 Oct,Newcastle United U21,4-1,Premier League 2,90,0,0
aaron-maguire,08 Nov,Fulham U21,1-1,Premier League 2,90,0,0
aaron-maguire,07 Feb,Hornchurch,2-2,National League South,90,0,0
aaron-maguire,10 Feb,Hemel Hempstead,3-0,National League South,90,0,0
aaron-maguire,14 Feb,Chelmsford,1-3,National League South,90,0,0
aaron-maguire,26 Mar,Moldova U21,1-1,EURO U21 Qualification Grp. D,90,0,0
aaron-maguire,18 Apr,Ebbsfleet United,0-4,National League South,90,0,0
adam-brennan,31 Jan,Derry City,0-1,Super Cup,27,0,0
adam-brennan,20 Feb,St. Patrick's Athletic,2-0,Premier Division,81,1,1
adam-brennan,23 Feb,Dundalk,1-1,Premier Division,24,0,0
adam-brennan,27 Feb,Bohemian FC,2-3,Premier Division,90,0,0
adam-brennan,06 Mar,Derry City,1-0,Premier Division,90,0,0
adam-brennan,09 Mar,Shelbourne,2-2,Premier Division,22,0,0
adam-brennan,13 Mar,Sligo Rovers,2-0,Premier Division,12,0,0
adam-brennan,16 Mar,Drogheda United,0-0,Premier Division,90,0,0
adam-brennan,20 Mar,Galway United FC,2-0,Premier Division,90,0,0
adam-brennan,10 Apr,St. Patrick's Athletic,1-0,Premier Division,17,0,0
adam-brennan,17 Apr,Bohemian FC,2-1,Premier Division,26,0,0
adam-brennan,24 Apr,Derry City,0-1,Premier Division,31,0,0
adam-brennan,01 May,Waterford FC,1-0,Premier Division,68,0,0
adam-brennan,08 May,Galway United FC,3-1,Premier Division,79,1,0
adam-brennan,15 May,Dundalk,0-1,Premier Division,63,0,0
adam-brennan,22 May,Sligo Rovers,1-2,Premier Division,90,0,0
adam-brennan,05 Jun,Canada,1-1,Friendlies,1,0,0
adam-brennan,12 Jun,Shelbourne,1-2,Premier Division,90,1,0
adam-brennan,19 Jun,Waterford FC,2-0,Premier Division,90,0,1
adam-brennan,22 Jun,Derry City,1-1,Premier Division,90,0,0
adam-brennan,26 Jun,Galway United FC,3-1,Premier Division,90,0,2
adam-brennan,03 Jul,Sligo Rovers,2-1,Premier Division,90,0,0
adam-brennan,07 Jul,Floriana,0-2,Champions League Qualification,90,0,0
adam-brennan,14 Jul,Floriana,5-1,Champions League Qualification,90,0,1
adam-brennan,21 Jul,Ararat Armenia,0-2,Champions League Qualification,67,0,0
adam-brennan,28 Jul,Ararat Armenia,2-1,Champions League Qualification,90,0,0
adam-brennan,31 Jul,Drogheda United,0-0,Premier Division,22,0,0
adam-brennan,04 Aug,Egnatia,3-1,Europa League Qualification,45,0,0
adam-brennan,20 Aug,KuPS,1-1,Conference League Qualification,10,0,0
adam-idah,26 Aug,Kairat Almaty,0-0,Champions League Qualification,50,0,0
adam-idah,06 Sep,Hungary,2-2,World Cup Qualification UEFA 1st Round Grp. F,12,1,0
adam-idah,09 Sep,Armenia,1-2,World Cup Qualification UEFA 1st Round Grp. F,45,0,1
adam-idah,13 Sep,Hull City,2-2,Championship,26,0,0
adam-idah,17 Sep,Nottingham Forest,3-2,EFL Cup,79,0,0
adam-idah,20 Sep,Birmingham City,0-1,Championship,16,0,0
adam-idah,27 Sep,Millwall,1-1,Championship,10,0,0
adam-idah,30 Sep,Blackburn Rovers,2-1,Championship,27,0,1
adam-idah,04 Oct,Leicester City,1-3,Championship,25,1,0
adam-idah,14 Oct,Armenia,1-0,World Cup Qualification UEFA 1st Round Grp. F,9,0,0
adam-idah,18 Oct,Southampton,0-0,Championship,27,0,0
adam-idah,22 Oct,Queens Park Rangers,0-1,Championship,82,0,0
adam-idah,25 Oct,Norwich City,2-1,Championship,11,0,0
adam-idah,29 Oct,Manchester City,1-3,EFL Cup,59,0,0
adam-idah,01 Nov,Charlton Athletic,1-1,Championship,90,1,0
adam-idah,05 Nov,Preston North End,1-2,Championship,90,0,0
adam-idah,08 Nov,Ipswich Town,1-4,Championship,10,0,0
adam-idah,13 Nov,Portugal,2-0,World Cup Qualification UEFA 1st Round Grp. F,22,0,0
adam-idah,16 Nov,Hungary,3-2,World Cup Qualification UEFA 1st Round Grp. F,37,0,0
adam-idah,22 Nov,Bristol City,0-3,Championship,90,0,0
adam-idah,25 Nov,Derby County,1-2,Championship,7,0,0
adam-idah,29 Nov,West Bromwich Albion,2-3,Championship,25,0,0
adam-idah,06 Dec,Oxford United,2-0,Championship,10,0,0
adam-idah,09 Dec,Portsmouth,1-0,Championship,56,0,0
adam-idah,13 Dec,Stoke City,1-2,Championship,7,0,0
adam-idah,19 Dec,Wrexham,2-1,Championship,4,1,0
adam-idah,26 Mar,Czechia,2-2,World Cup Qualification UEFA 2nd Round,24,0,0
adam-idah,31 Mar,North Macedonia,0-0,Friendlies,18,0,0
adam-idah,03 Apr,Sheffield United,3-3,Championship,20,1,1
adam-idah,06 Apr,Middlesbrough,2-2,Championship,34,0,0
adam-idah,11 Apr,Leicester City,1-0,Championship,18,0,0
adam-idah,18 Apr,Southampton,1-2,Championship,22,0,0
adam-idah,21 Apr,Queens Park Rangers,2-1,Championship,66,0,0
adam-idah,25 Apr,Norwich City,1-1,Championship,30,0,0
adam-idah,02 May,Charlton Athletic,3-1,Championship,25,2,0
adam-idah,16 May,Grenada,5-0,Friendlies,63,0,1
adam-idah,08 Aug,Birmingham City,0-1,EFL Cup,63,0,0
adam-idah,15 Aug,Stoke City,2-1,Championship,25,1,0
adam-idah,22 Aug,Sheffield United,0-0,Championship,61,0,0
aidomo-emakhu,23 Aug,Sheffield United,1-0,Championship,20,0,0
aidomo-emakhu,26 Aug,Coventry City,2-1,EFL Cup,77,0,1
aidomo-emakhu,30 Aug,Wrexham,0-2,Championship,90,0,0
aidomo-emakhu,13 Sep,Charlton Athletic,1-1,Championship,89,0,0
aidomo-emakhu,16 Sep,Crystal Palace,1-1,EFL Cup,12,0,0
aidomo-emakhu,22 Sep,Watford,1-0,Championship,67,0,0
aidomo-emakhu,27 Sep,Swansea City,1-1,Championship,88,0,0
aidomo-emakhu,01 Oct,Coventry City,0-4,Championship,74,0,0
aidomo-emakhu,04 Oct,West Bromwich Albion,3-0,Championship,5,0,0
aidomo-emakhu,25 Oct,Leicester City,1-0,Championship,1,0,0
aidomo-emakhu,01 Nov,Oxford United,2-2,Championship,29,0,0
aidomo-emakhu,04 Nov,Birmingham City,0-4,Championship,33,0,0
aidomo-emakhu,08 Nov,Preston North End,1-1,Championship,82,0,0
aidomo-emakhu,22 Nov,Portsmouth,1-3,Championship,28,0,1
aidomo-emakhu,26 Nov,Sheffield Wednesday,1-0,Championship,87,0,0
aidomo-emakhu,29 Nov,Southampton,3-2,Championship,88,0,0
aidomo-emakhu,06 Dec,Bristol City,1-0,Championship,74,0,0
aidomo-emakhu,10 Dec,Derby County,1-1,Championship,22,0,0
aidomo-emakhu,13 Dec,Hull City,1-3,Championship,28,1,0
aidomo-emakhu,20 Dec,Blackburn Rovers,0-2,Championship,45,0,0
aidomo-emakhu,26 Dec,Ipswich Town,0-0,Championship,72,0,0
aidomo-emakhu,29 Dec,Bristol City,2-1,Championship,56,0,0
aidomo-emakhu,01 Jan,Southampton,0-0,Championship,7,0,0
aidomo-emakhu,04 Jan,Swansea City,2-1,Championship,13,0,0
aidomo-emakhu,10 Jan,Burnley,1-5,FA Cup,90,0,0
aidomo-emakhu,17 Jan,Watford,2-0,Championship,24,0,0
aidomo-emakhu,20 Jan,Coventry City,1-2,Championship,7,0,0
aidomo-emakhu,24 Jan,Charlton Athletic,4-0,Championship,17,1,0
aidomo-emakhu,07 Feb,Coventry City,0-0,Championship,71,0,0
aidomo-emakhu,10 Feb,Norwich City,0-3,Championship,56,0,0
aidomo-emakhu,15 Feb,Sunderland,0-1,FA Cup,25,0,0
aidomo-emakhu,21 Feb,Middlesbrough,0-0,Championship,33,0,0
aidomo-emakhu,25 Feb,Stoke City,1-2,Championship,45,0,0
aidomo-emakhu,28 Feb,West Bromwich Albion,2-1,Championship,26,0,0
aidomo-emakhu,14 Mar,Charlton Athletic,1-1,Championship,65,0,0
aidomo-emakhu,21 Mar,Southampton,0-2,Championship,2,0,0
aidomo-emakhu,18 Apr,Derby County,0-1,Championship,28,0,0
aidomo-emakhu,21 Apr,Wrexham,0-1,Championship,34,0,0
aidomo-emakhu,25 Apr,Sheffield Wednesday,4-1,Championship,77,0,0
aidomo-emakhu,02 May,Millwall,0-2,Championship,90,0,0
aidomo-emakhu,16 May,Grenada,5-0,Friendlies,27,0,0
aidomo-emakhu,08 Aug,Leyton Orient,0-2,EFL Cup,90,0,0
aidomo-emakhu,15 Aug,Milton Keynes Dons,2-2,League One,90,0,0
aidomo-emakhu,22 Aug,Stevenage,2-1,League One,90,0,0
alan-browne,13 Sep,Preston North End,2-2,Championship,6,0,0
alan-browne,19 Sep,West Bromwich Albion,2-1,Championship,27,0,0
alan-browne,27 Sep,Southampton,1-1,Championship,27,0,0
alan-browne,30 Sep,Stoke City,0-0,Championship,90,0,0
alan-browne,04 Oct,Portsmouth,0-1,Championship,21,0,0
alan-browne,17 Oct,Ipswich Town,2-1,Championship,90,0,0
alan-browne,22 Oct,Sheffield Wednesday,1-0,Championship,90,0,0
alan-browne,25 Oct,Wrexham,1-1,Championship,45,0,0
alan-browne,01 Nov,Watford,0-3,Championship,90,0,0
alan-browne,08 Nov,Birmingham City,2-1,Championship,90,0,0
alan-browne,22 Nov,Oxford United,1-1,Championship,90,0,0
alan-browne,25 Nov,Coventry City,2-4,Championship,90,0,0
alan-browne,29 Nov,Derby County,2-1,Championship,54,0,0
alan-browne,09 Dec,Charlton Athletic,2-1,Championship,17,0,0
alan-browne,13 Dec,Queens Park Rangers,3-1,Championship,90,0,0
alan-browne,20 Dec,Bristol City,0-2,Championship,16,0,0
alan-browne,26 Dec,Blackburn Rovers,0-0,Championship,23,0,0
alan-browne,29 Dec,Hull City,0-1,Championship,59,0,0
alan-browne,01 Jan,Derby County,0-1,Championship,3,0,0
alan-browne,04 Jan,Southampton,4-0,Championship,84,1,0
alan-browne,10 Jan,Fulham,1-3,FA Cup,90,0,0
alan-browne,16 Jan,West Bromwich Albion,3-2,Championship,90,0,0
alan-browne,21 Jan,Stoke City,2-1,Championship,90,1,1
alan-browne,24 Jan,Preston North End,4-0,Championship,90,1,0
alan-browne,31 Jan,Norwich City,1-0,Championship,90,0,0
alan-browne,09 Feb,Sheffield United,2-1,Championship,90,0,0
alan-browne,16 Feb,Coventry City,1-3,Championship,59,0,0
alan-browne,21 Feb,Oxford United,0-0,Championship,6,0,0
alan-browne,24 Feb,Leicester City,1-1,Championship,66,0,0
alan-browne,02 Mar,Birmingham City,3-1,Championship,16,0,0
alan-browne,08 Mar,Queens Park Rangers,4-0,Championship,90,1,0
alan-browne,14 Mar,Bristol City,1-1,Championship,90,0,0
alan-browne,21 Mar,Blackburn Rovers,0-0,Championship,90,0,0
alan-browne,26 Mar,Czechia,2-2,World Cup Qualification UEFA 2nd Round,52,0,0
alan-browne,31 Mar,North Macedonia,0-0,Friendlies,7,0,0
alan-browne,03 Apr,Millwall,1-2,Championship,90,0,1
alan-browne,06 Apr,Swansea City,2-2,Championship,90,0,0
alan-browne,11 Apr,Portsmouth,0-1,Championship,90,0,0
alan-browne,19 Apr,Ipswich Town,2-2,Championship,90,0,1
alan-browne,22 Apr,Sheffield Wednesday,1-0,Championship,90,0,0
alan-browne,02 May,Wrexham,2-2,Championship,45,0,0
alan-browne,09 May,Southampton,0-0,Championship Playoff,22,0,0
alan-browne,12 May,Southampton,1-2,Championship Playoff,47,0,0
alan-browne,23 May,Hull City,0-1,Championship Playoff,89,0,0
alan-browne,18 Jul,York City,5-1,Club Friendlies,46,0,0
alan-browne,25 Jul,Liverpool,2-4,Club Friendlies,45,0,0
alan-browne,30 Jul,Leeds United,0-1,Club Friendlies,67,0,0
alan-browne,02 Aug,Wrexham,1-0,Club Friendlies,30,0,0
andrew-moran,14 Sep,San Jose Earthquakes,4-2,Major League Soccer,18,0,0
andrew-moran,18 Sep,Real Salt Lake,4-1,Major League Soccer,16,0,0
andrew-moran,22 Sep,Real Salt Lake,4-1,Major League Soccer,20,0,1
andrew-moran,28 Sep,St. Louis City,3-0,Major League Soccer,78,0,0
andrew-moran,06 Oct,Atlanta United,1-0,Major League Soccer,25,0,0
andrew-moran,09 Oct,Toronto FC,2-0,Major League Soccer,76,0,0
andrew-moran,12 Oct,Austin FC,0-1,Major League Soccer,69,0,0
andrew-moran,19 Oct,Colorado Rapids,2-2,Major League Soccer,14,1,0
andrew-moran,03 Nov,Austin FC,4-1,Major League Soccer Playoff,22,0,0
andrew-moran,23 Nov,Vancouver Whitecaps,2-2,Major League Soccer Playoff,75,0,0
andrew-moran,07 Feb,Portsmouth,1-0,Championship,3,0,0
andrew-moran,11 Mar,Coventry City,0-3,Championship,25,0,0
andrew-moran,14 Mar,Norwich City,0-2,Championship,64,0,0
andrew-moran,20 Mar,Stoke City,3-1,Championship,77,0,1
andrew-moran,03 Apr,Leicester City,2-2,Championship,67,1,0
andrew-moran,06 Apr,Queens Park Rangers,1-1,Championship,24,0,0
andrew-moran,11 Apr,Charlton Athletic,2-1,Championship,74,0,0
andrew-moran,18 Apr,West Bromwich Albion,0-2,Championship,45,0,0
andrew-moran,22 Apr,Birmingham City,1-2,Championship,25,0,0
andrew-moran,25 Apr,Sheffield United,3-2,Championship,90,0,0
andrew-moran,02 May,Southampton,1-3,Championship,75,0,0
andrew-moran,16 May,Grenada,5-0,Friendlies,45,0,1
andrew-moran,08 Aug,Huddersfield Town,1-1,EFL Cup,1,0,0
andrew-omobamidele,24 Aug,Nantes,1-0,Ligue 1,41,0,0
andrew-omobamidele,21 Sep,Paris FC,3-2,Ligue 1,5,0,0
andrew-omobamidele,26 Sep,Marseille,1-2,Ligue 1,6,0,0
andrew-omobamidele,02 Oct,Slovan Bratislava,2-1,Conference League,90,0,0
andrew-omobamidele,05 Oct,Angers,5-0,Ligue 1,13,0,0
andrew-omobamidele,17 Oct,Paris Saint-Germain,3-3,Ligue 1,25,0,0
andrew-omobamidele,23 Oct,Jagiellonia Białystok,1-1,Conference League,90,0,0
andrew-omobamidele,26 Oct,Lyon,1-2,Ligue 1,13,0,0
andrew-omobamidele,29 Oct,Auxerre,3-0,Ligue 1,90,0,0
andrew-omobamidele,06 Nov,Häcken,2-1,Conference League,90,0,0
andrew-omobamidele,09 Nov,Lille,2-0,Ligue 1,1,0,0
andrew-omobamidele,22 Nov,Lens,0-1,Ligue 1,45,0,0
andrew-omobamidele,27 Nov,Crystal Palace,2-1,Conference League,1,0,0
andrew-omobamidele,30 Nov,Brest,1-2,Ligue 1,90,0,0
andrew-omobamidele,06 Dec,Toulouse,0-1,Ligue 1,61,0,0
andrew-omobamidele,11 Dec,Aberdeen,1-0,Conference League,90,0,0
andrew-omobamidele,14 Dec,Lorient,0-0,Ligue 1,45,0,0
andrew-omobamidele,18 Dec,Breidablik,3-1,Conference League,90,0,0
andrew-omobamidele,21 Dec,Dunkerque,2-1,Coupe de France,33,0,0
andrew-omobamidele,05 Feb,Monaco,3-1,Coupe de France,13,0,0
andrew-omobamidele,08 Feb,Le Havre,1-2,Ligue 1,57,0,0
andrew-omobamidele,14 Feb,Marseille,2-2,Ligue 1,90,0,0
andrew-omobamidele,22 Feb,Lyon,3-1,Ligue 1,89,0,0
andrew-omobamidele,27 Feb,Lens,1-1,Ligue 1,90,0,0
andrew-omobamidele,07 Mar,Auxerre,0-0,Ligue 1,90,0,0
andrew-omobamidele,12 Mar,Rijeka,2-1,Conference League,45,0,0
andrew-omobamidele,15 Mar,Paris FC,0-0,Ligue 1,90,0,0
andrew-omobamidele,19 Mar,Rijeka,1-1,Conference League,90,0,0
andrew-omobamidele,22 Mar,Nantes,3-2,Ligue 1,76,0,0
andrew-omobamidele,04 Apr,Nice,3-1,Ligue 1,77,0,0
andrew-omobamidele,09 Apr,Mainz 05,0-2,Conference League,90,0,0
andrew-omobamidele,16 Apr,Mainz 05,4-0,Conference League,90,0,0
andrew-omobamidele,19 Apr,Rennes,0-3,Ligue 1,33,0,0
andrew-omobamidele,22 Apr,Nice,0-2,Coupe de France,88,0,0
andrew-omobamidele,26 Apr,Lorient,3-2,Ligue 1,25,1,0
andrew-omobamidele,30 Apr,Rayo Vallecano,0-1,Conference League,90,0,0
andrew-omobamidele,03 May,Toulouse,1-2,Ligue 1,19,0,0
andrew-omobamidele,07 May,Rayo Vallecano,0-1,Conference League,90,0,0
andrew-omobamidele,13 May,Brest,2-1,Ligue 1,90,0,0
andrew-omobamidele,17 May,Monaco,5-4,Ligue 1,90,0,0
andrew-omobamidele,16 Aug,Newcastle United,1-1,Club Friendlies,69,0,0
andrew-omobamidele,21 Aug,Marseille,0-4,Ligue 1,90,0,0
billy-oneill,07 Nov,Waterford FC,1-2,Premier Division Qualification,33,0,0
bosun-lawal,23 Aug,Southampton,2-1,Championship,90,0,0
bosun-lawal,26 Aug,Bradford City,0-3,EFL Cup,63,0,0
bosun-lawal,30 Aug,West Bromwich Albion,0-1,Championship,90,0,0
bosun-lawal,13 Sep,Birmingham City,1-0,Championship,90,1,0
bosun-lawal,20 Sep,Queens Park Rangers,0-1,Championship,90,0,0
bosun-lawal,27 Sep,Norwich City,1-1,Championship,90,0,0
bosun-lawal,30 Sep,Middlesbrough,0-0,Championship,77,0,0
bosun-lawal,25 Nov,Charlton Athletic,3-0,Championship,46,0,0
bosun-lawal,29 Nov,Hull City,1-2,Championship,90,0,0
bosun-lawal,06 Dec,Sheffield United,0-4,Championship,84,0,0
bosun-lawal,10 Dec,Ipswich Town,0-1,Championship,61,0,0
bosun-lawal,13 Dec,Swansea City,2-1,Championship,7,0,0
bosun-lawal,20 Dec,Watford,0-1,Championship,65,0,0
bosun-lawal,26 Dec,Preston North End,0-0,Championship,90,0,0
bosun-lawal,29 Dec,Sheffield United,1-2,Championship,90,0,0
bosun-lawal,01 Jan,Hull City,1-0,Championship,89,0,0
bosun-lawal,04 Jan,Norwich City,2-0,Championship,90,0,0
bosun-lawal,10 Jan,Coventry City,1-0,FA Cup,90,0,0
bosun-lawal,17 Jan,Queens Park Rangers,0-0,Championship,76,0,0
bosun-lawal,21 Jan,Middlesbrough,1-2,Championship,77,0,0
bosun-lawal,31 Jan,Southampton,0-2,Championship,90,0,0
bosun-lawal,07 Feb,West Bromwich Albion,0-0,Championship,78,0,0
bosun-lawal,11 Feb,Charlton Athletic,0-1,Championship,41,0,0
bosun-lawal,31 Mar,North Macedonia,0-0,Friendlies,29,0,0
bosun-lawal,03 Apr,Sheffield Wednesday,2-0,Championship,84,0,0
bosun-lawal,06 Apr,Derby County,0-2,Championship,90,0,0
bosun-lawal,11 Apr,Blackburn Rovers,1-1,Championship,90,0,0
bosun-lawal,18 Apr,Wrexham,0-2,Championship,86,0,0
bosun-lawal,28 Jul,Everton,1-0,Club Friendlies,46,0,0
bosun-lawal,08 Aug,Oldham Athletic,2-0,EFL Cup,85,0,0
bosun-lawal,15 Aug,Swansea City,1-2,Championship,45,0,0
brody-lee,19 Sep,Shamrock Rovers,1-1,Premier Division,7,0,0
brody-lee,26 Sep,Galway United FC,1-2,Premier Division,4,0,0
brody-lee,17 Oct,Drogheda United,0-1,Premier Division,79,0,0
brody-lee,25 Oct,Sligo Rovers,1-1,Premier Division,17,0,0
callum-odowda,27 Aug,Qarabag FK,3-2,Champions League Qualification,69,0,0
callum-odowda,31 Aug,Debrecen,3-0,NB I,6,0,0
callum-odowda,25 Sep,Viktoria Plzen,1-1,Europa League,90,0,0
callum-odowda,28 Sep,Györi ETO,2-0,NB I,6,0,0
callum-odowda,02 Oct,Genk,1-0,Europa League,53,0,0
callum-odowda,23 Oct,Salzburg,3-2,Europa League,12,0,0
callum-odowda,26 Oct,Zalaegerszeg,1-2,NB I,63,0,0
callum-odowda,27 Nov,Fenerbahçe,1-1,Europa League,30,0,0
callum-odowda,30 Nov,Puskas FC Academy,2-1,NB I,10,0,0
callum-odowda,04 Dec,Kisvarda,1-0,NB I,71,0,0
callum-odowda,11 Dec,Rangers,2-1,Europa League,83,0,1
callum-odowda,19 Dec,Diosgyori VTK,1-0,NB I,90,0,0
callum-odowda,19 Feb,Ludogorets Razgrad,1-2,Europa League,15,0,0
callum-odowda,23 Feb,MTK Budapest,3-1,NB I,12,0,0
callum-odowda,08 Mar,Nyiregyhaza Spartacus FC,3-1,NB I,5,0,0
callum-odowda,12 Mar,Braga,2-0,Europa League,90,0,0
callum-odowda,18 Mar,Braga,0-4,Europa League,90,0,0
callum-odowda,05 Apr,Debrecen,2-0,NB I,14,0,0
callum-odowda,10 Apr,Diosgyori VTK,3-1,NB I,10,0,0
callum-odowda,14 Apr,Puskas FC Academy,2-1,NB I,78,0,1
callum-odowda,26 Apr,Paksi SE,2-0,NB I,76,0,0
callum-odowda,03 May,Ujpest,5-0,NB I,90,0,1
callum-odowda,16 May,Zalaegerszeg,3-0,NB I,90,0,1
callum-odowda,23 Jul,FC Twente,2-1,Europa League Qualification,21,0,1
callum-odowda,26 Jul,Paksi SE,2-4,NB I,90,0,0
callum-odowda,30 Jul,FC Twente,2-2,Europa League Qualification,73,0,0
callum-odowda,05 Aug,Górnik Zabrze,1-0,Europa League Qualification,20,0,0
callum-odowda,08 Aug,Real Madrid,1-2,Club Friendlies,45,0,0
callum-odowda,13 Aug,Górnik Zabrze,1-1,Europa League Qualification,18,0,0
callum-odowda,17 Aug,Zalaegerszeg,1-0,NB I,27,0,0
callum-odowda,20 Aug,Trabzonspor,1-0,Europa League Qualification,90,0,0
caoimhin-kelleher,23 Aug,Aston Villa,1-0,Premier League,90,0,0
caoimhin-kelleher,30 Aug,Sunderland,1-2,Premier League,90,0,0
caoimhin-kelleher,06 Sep,Hungary,2-2,World Cup Qualification UEFA 1st Round Grp. F,90,0,0
caoimhin-kelleher,09 Sep,Armenia,1-2,World Cup Qualification UEFA 1st Round Grp. F,90,0,0
caoimhin-kelleher,13 Sep,Chelsea,2-2,Premier League,90,0,0
caoimhin-kelleher,20 Sep,Fulham,1-3,Premier League,90,0,0
caoimhin-kelleher,27 Sep,Manchester United,3-1,Premier League,90,0,0
caoimhin-kelleher,05 Oct,Manchester City,0-1,Premier League,90,0,0
caoimhin-kelleher,11 Oct,Portugal,0-1,World Cup Qualification UEFA 1st Round Grp. F,90,0,0
caoimhin-kelleher,14 Oct,Armenia,1-0,World Cup Qualification UEFA 1st Round Grp. F,90,0,0
caoimhin-kelleher,20 Oct,West Ham United,2-0,Premier League,90,0,0
caoimhin-kelleher,25 Oct,Liverpool,3-2,Premier League,90,0,0
caoimhin-kelleher,01 Nov,Crystal Palace,0-2,Premier League,90,0,0
caoimhin-kelleher,09 Nov,Newcastle United,3-1,Premier League,90,0,0
caoimhin-kelleher,13 Nov,Portugal,2-0,World Cup Qualification UEFA 1st Round Grp. F,90,0,0
caoimhin-kelleher,16 Nov,Hungary,3-2,World Cup Qualification UEFA 1st Round Grp. F,90,0,0
caoimhin-kelleher,22 Nov,Brighton & Hove Albion,1-2,Premier League,90,0,0
caoimhin-kelleher,29 Nov,Burnley,3-1,Premier League,90,0,0
caoimhin-kelleher,03 Dec,Arsenal,0-2,Premier League,90,0,0
caoimhin-kelleher,06 Dec,Tottenham Hotspur,0-2,Premier League,90,0,0
caoimhin-kelleher,14 Dec,Leeds United,1-1,Premier League,90,0,0
caoimhin-kelleher,20 Dec,Wolverhampton Wanderers,2-0,Premier League,90,0,0
caoimhin-kelleher,27 Dec,AFC Bournemouth,4-1,Premier League,90,0,0
caoimhin-kelleher,01 Jan,Tottenham Hotspur,0-0,Premier League,90,0,0
caoimhin-kelleher,04 Jan,Everton,4-2,Premier League,90,0,0
caoimhin-kelleher,07 Jan,Sunderland,3-0,Premier League,90,0,0
caoimhin-kelleher,17 Jan,Chelsea,0-2,Premier League,90,0,0
caoimhin-kelleher,25 Jan,Nottingham Forest,0-2,Premier League,90,0,0
caoimhin-kelleher,01 Feb,Aston Villa,1-0,Premier League,90,0,0
caoimhin-kelleher,07 Feb,Newcastle United,3-2,Premier League,90,0,0
caoimhin-kelleher,12 Feb,Arsenal,1-1,Premier League,90,0,0
caoimhin-kelleher,21 Feb,Brighton & Hove Albion,0-2,Premier League,90,0,0
caoimhin-kelleher,03 Mar,AFC Bournemouth,0-0,Premier League,90,0,0
caoimhin-kelleher,09 Mar,West Ham United,2-2,FA Cup,120,0,0
caoimhin-kelleher,16 Mar,Wolverhampton Wanderers,2-2,Premier League,90,0,0
caoimhin-kelleher,21 Mar,Leeds United,0-0,Premier League,90,0,0
caoimhin-kelleher,26 Mar,Czechia,2-2,World Cup Qualification UEFA 2nd Round,120,0,0
caoimhin-kelleher,31 Mar,North Macedonia,0-0,Friendlies,61,0,0
caoimhin-kelleher,11 Apr,Everton,2-2,Premier League,90,0,0
caoimhin-kelleher,18 Apr,Fulham,0-0,Premier League,90,0,0
caoimhin-kelleher,27 Apr,Manchester United,1-2,Premier League,90,0,0
caoimhin-kelleher,02 May,West Ham United,3-0,Premier League,90,0,0
caoimhin-kelleher,09 May,Manchester City,0-3,Premier League,90,0,0
caoimhin-kelleher,17 May,Crystal Palace,2-2,Premier League,90,0,0
caoimhin-kelleher,24 May,Liverpool,1-1,Premier League,90,0,0
caoimhin-kelleher,28 May,Qatar,1-0,Friendlies,90,0,0
caoimhin-kelleher,08 Aug,Rennes,4-2,Club Friendlies,90,0,0
caoimhin-kelleher,15 Aug,Eintracht Frankfurt,7-0,Club Friendlies,90,0,0
caoimhin-kelleher,22 Aug,Tottenham Hotspur,3-0,Premier League,90,0,0
chiedozie-ogbene,06 Sep,Hungary,2-2,World Cup Qualification UEFA 1st Round Grp. F,24,0,0
chiedozie-ogbene,09 Sep,Armenia,1-2,World Cup Qualification UEFA 1st Round Grp. F,45,0,0
chiedozie-ogbene,20 Sep,Charlton Athletic,0-1,Championship,67,0,0
chiedozie-ogbene,27 Sep,Oxford United,1-0,Championship,90,0,1
chiedozie-ogbene,30 Sep,Southampton,1-2,Championship,82,0,0
chiedozie-ogbene,04 Oct,Hull City,0-1,Championship,90,0,0
chiedozie-ogbene,11 Oct,Portugal,0-1,World Cup Qualification UEFA 1st Round Grp. F,77,0,0
chiedozie-ogbene,14 Oct,Armenia,1-0,World Cup Qualification UEFA 1st Round Grp. F,25,0,0
chiedozie-ogbene,18 Oct,Watford,1-0,Championship,82,0,0
chiedozie-ogbene,21 Oct,Blackburn Rovers,3-1,Championship,90,0,0
chiedozie-ogbene,24 Oct,Preston North End,2-3,Championship,63,0,0
chiedozie-ogbene,01 Nov,Derby County,1-3,Championship,79,0,0
chiedozie-ogbene,04 Nov,Coventry City,1-3,Championship,76,0,0
chiedozie-ogbene,08 Nov,Queens Park Rangers,0-0,Championship,22,0,0
chiedozie-ogbene,13 Nov,Portugal,2-0,World Cup Qualification UEFA 1st Round Grp. F,86,0,0
chiedozie-ogbene,16 Nov,Hungary,3-2,World Cup Qualification UEFA 1st Round Grp. F,53,0,0
chiedozie-ogbene,03 Feb,Oxford United,3-1,Championship,19,1,0
chiedozie-ogbene,11 Mar,Norwich City,1-2,Championship,2,0,0
chiedozie-ogbene,21 Mar,Wrexham,1-2,Championship,18,0,0
chiedozie-ogbene,26 Mar,Czechia,2-2,World Cup Qualification UEFA 2nd Round,96,0,0
chiedozie-ogbene,31 Mar,North Macedonia,0-0,Friendlies,84,0,0
chiedozie-ogbene,16 May,Grenada,5-0,Friendlies,63,0,0
chiedozie-ogbene,28 May,Qatar,1-0,Friendlies,75,0,0
chiedozie-ogbene,05 Jun,Canada,1-1,Friendlies,89,1,0
chiedozie-ogbene,29 Jul,Osasuna,1-2,Club Friendlies,30,0,0
connor-oriordan,23 Aug,Port Vale,1-0,League One,90,0,0
connor-oriordan,30 Aug,Rotherham United,1-0,League One,90,0,0
connor-oriordan,02 Sep,Everton U21,2-1,EFL Trophy Northern Grp. C,90,0,0
connor-oriordan,06 Sep,Bradford City,3-1,League One,90,0,0
connor-oriordan,13 Sep,Wigan Athletic,0-3,League One,90,0,0
connor-oriordan,20 Sep,AFC Wimbledon,1-2,League One,90,0,0
connor-oriordan,27 Sep,Luton Town,0-1,League One,20,0,0
connor-oriordan,11 Oct,Leyton Orient,0-4,League One,90,0,0
connor-oriordan,18 Oct,Northampton Town,1-2,League One,38,0,0
connor-oriordan,25 Oct,Reading,1-1,League One,90,0,0
connor-oriordan,01 Nov,Crewe Alexandra,2-1,FA Cup,90,0,0
connor-oriordan,08 Nov,Barnsley,1-2,League One,90,0,0
connor-oriordan,15 Nov,Lincoln City,1-2,League One,90,0,0
connor-oriordan,22 Nov,Stevenage,0-0,League One,90,0,0
connor-oriordan,29 Nov,Peterborough United,2-1,League One,90,0,0
connor-oriordan,06 Dec,Chesterfield,2-1,FA Cup,90,0,0
connor-oriordan,09 Dec,Stockport County,0-2,League One,90,0,0
connor-oriordan,13 Dec,Cardiff City,3-4,League One,58,0,0
connor-oriordan,04 Jan,Charlton Athletic,2-2,Championship,45,0,0
connor-oriordan,11 Jan,Hull City,0-0,FA Cup,90,0,0
connor-oriordan,20 Jan,Swansea City,1-3,Championship,90,0,0
connor-oriordan,24 Jan,Watford,1-1,Championship,90,0,0
connor-oriordan,31 Jan,Hull City,0-1,Championship,90,0,0
connor-oriordan,07 Feb,Norwich City,0-2,Championship,24,0,0
conor-coventry,23 Aug,Leicester City,0-1,Championship,90,0,0
conor-coventry,30 Aug,Queens Park Rangers,1-3,Championship,89,0,0
conor-coventry,13 Sep,Millwall,1-1,Championship,90,0,0
conor-coventry,20 Sep,Sheffield United,1-0,Championship,90,0,0
conor-coventry,27 Sep,Blackburn Rovers,3-0,Championship,90,0,0
conor-coventry,30 Sep,Derby County,1-1,Championship,90,0,0
conor-coventry,04 Oct,Preston North End,0-2,Championship,79,0,0
conor-coventry,18 Oct,Sheffield Wednesday,2-1,Championship,90,0,0
conor-coventry,21 Oct,Ipswich Town,3-0,Championship,89,0,0
conor-coventry,25 Oct,Hull City,1-1,Championship,37,0,0
conor-coventry,01 Nov,Swansea City,1-1,Championship,90,0,1
conor-coventry,04 Nov,West Bromwich Albion,1-0,Championship,90,0,0
conor-coventry,08 Nov,Wrexham,0-1,Championship,84,0,0
conor-coventry,13 Nov,Portugal,2-0,World Cup Qualification UEFA 1st Round Grp. F,22,0,0
conor-coventry,22 Nov,Southampton,1-5,Championship,73,0,0
conor-coventry,25 Nov,Stoke City,0-3,Championship,61,0,0
conor-coventry,29 Nov,Coventry City,1-3,Championship,90,0,0
conor-coventry,06 Dec,Portsmouth,0-0,Championship,90,0,0
conor-coventry,09 Dec,Middlesbrough,1-2,Championship,45,0,0
conor-coventry,13 Dec,Birmingham City,1-1,Championship,65,0,0
conor-coventry,20 Dec,Oxford United,1-0,Championship,90,0,0
conor-coventry,26 Dec,Norwich City,0-1,Championship,85,0,0
conor-coventry,29 Dec,Portsmouth,1-2,Championship,90,0,0
conor-coventry,01 Jan,Coventry City,1-1,Championship,90,0,0
conor-coventry,04 Jan,Blackburn Rovers,2-2,Championship,78,0,0
conor-coventry,10 Jan,Chelsea,1-5,FA Cup,66,0,0
conor-coventry,20 Jan,Derby County,1-2,Championship,72,0,0
conor-coventry,24 Jan,Millwall,0-4,Championship,34,0,0
conor-coventry,31 Jan,Leicester City,2-0,Championship,25,0,0
conor-coventry,11 Feb,Stoke City,1-0,Championship,5,0,0
conor-coventry,17 Feb,Portsmouth,1-3,Championship,45,0,0
conor-coventry,21 Feb,Southampton,1-1,Championship,5,0,0
conor-coventry,24 Feb,West Bromwich Albion,1-1,Championship,34,0,0
conor-coventry,28 Feb,Wrexham,0-1,Championship,74,0,0
conor-coventry,07 Mar,Birmingham City,1-0,Championship,89,0,0
conor-coventry,11 Mar,Middlesbrough,1-0,Championship,90,0,0
conor-coventry,14 Mar,Oxford United,1-1,Championship,68,0,0
conor-coventry,21 Mar,Norwich City,0-1,Championship,72,0,0
conor-coventry,03 Apr,Bristol City,1-2,Championship,79,0,0
conor-coventry,22 Apr,Ipswich Town,1-2,Championship,90,0,0
conor-coventry,02 May,Swansea City,1-3,Championship,90,0,0
conor-coventry,16 May,Grenada,5-0,Friendlies,45,0,0
conor-coventry,05 Jun,Canada,1-1,Friendlies,88,0,0
conor-coventry,08 Aug,Cheltenham Town,3-1,EFL Cup,90,0,1
conor-coventry,15 Aug,Derby County,2-1,Championship,90,0,0
conor-coventry,22 Aug,West Ham United,2-1,Championship,90,0,0
conor-mcmanus,18 Nov,Andorra U21,0-4,EURO U21 Qualification Grp. D,90,0,0
conor-mcmanus,26 Mar,Moldova U21,1-1,EURO U21 Qualification Grp. D,90,0,0
conor-mcmanus,31 Mar,Kazakhstan U21,1-0,EURO U21 Qualification Grp. D,90,0,0
conor-mcmanus,08 Aug,Luton Town,0-3,EFL Cup,22,0,0
conor-mcmanus,22 Aug,Fleetwood Town,0-0,League Two,20,0,0
corrie-ndaba,19 Sep,Cagliari,1-2,Serie A,45,0,0
corrie-ndaba,23 Sep,Milan,0-3,Coppa Italia,90,0,0
corrie-ndaba,28 Sep,Bologna,2-2,Serie A,21,0,0
corrie-ndaba,04 Oct,Parma,1-0,Serie A,2,0,0
corrie-ndaba,30 Nov,Torino,2-1,Serie A,1,0,0
corrie-ndaba,12 Dec,Pisa,1-0,Serie A,74,0,0
corrie-ndaba,03 Jan,Juventus,1-1,Serie A,22,0,0
corrie-ndaba,11 Jan,Parma,1-2,Serie A,78,0,0
corrie-ndaba,18 Jan,Milan,0-1,Serie A,90,0,0
corrie-ndaba,16 Feb,Cagliari,2-0,Serie A,10,0,0
corrie-ndaba,28 Feb,Como,1-3,Serie A,45,0,0
corrie-ndaba,14 Mar,Napoli,1-2,Serie A,11,0,0
corrie-ndaba,06 Apr,Atalanta,0-3,Serie A,90,0,0
corrie-ndaba,12 Apr,Bologna,0-2,Serie A,45,0,0
corrie-ndaba,20 Apr,Fiorentina,1-1,Serie A,5,0,0
corrie-ndaba,28 May,Qatar,1-0,Friendlies,16,0,0
corrie-ndaba,05 Jun,Canada,1-1,Friendlies,45,0,0
corrie-ndaba,23 Aug,Venezia,2-0,Serie A,45,0,0
cory-osullivan,19 Sep,Cork City,1-1,Premier Division,90,0,0
cory-osullivan,22 Sep,Waterford FC,2-1,Premier Division,90,0,0
cory-osullivan,26 Sep,Bohemian FC,2-1,Premier Division,90,0,0
cory-osullivan,02 Oct,Sparta Prague,1-4,Conference League,90,0,0
cory-osullivan,10 Oct,Shelbourne,0-1,Premier Division,90,0,0
cory-osullivan,17 Oct,St. Patrick's Athletic,0-1,Premier Division,90,0,0
cory-osullivan,23 Oct,NK Celje,0-2,Conference League,90,0,0
cory-osullivan,26 Oct,Derry City,1-2,Premier Division,90,0,0
cory-osullivan,29 Oct,Galway United FC,1-0,Premier Division,90,0,0
cory-osullivan,06 Nov,AEK Athens,1-1,Conference League,90,0,0
cory-osullivan,27 Nov,Shakhtar Donetsk,1-2,Conference League,90,0,0
cory-osullivan,11 Dec,Breidablik,1-3,Conference League,90,0,0
cory-osullivan,18 Dec,Hamrun Spartans,3-1,Conference League,90,0,0
cory-osullivan,31 Jan,Derry City,0-1,Super Cup,90,0,0
cory-osullivan,20 Feb,St. Patrick's Athletic,2-0,Premier Division,90,0,0
cory-osullivan,27 Feb,Bohemian FC,2-3,Premier Division,90,0,0
cory-osullivan,06 Mar,Derry City,1-0,Premier Division,90,0,0
cory-osullivan,09 Mar,Shelbourne,2-2,Premier Division,90,0,0
cory-osullivan,13 Mar,Sligo Rovers,2-0,Premier Division,90,0,0
cory-osullivan,16 Mar,Drogheda United,0-0,Premier Division,90,0,0
cory-osullivan,20 Mar,Galway United FC,2-0,Premier Division,90,0,1
cory-osullivan,03 Apr,Waterford FC,1-1,Premier Division,14,0,0
cory-osullivan,06 Apr,Shelbourne,3-2,Premier Division,90,0,0
cory-osullivan,10 Apr,St. Patrick's Athletic,1-0,Premier Division,90,0,1
cory-osullivan,17 Apr,Bohemian FC,2-1,Premier Division,90,0,0
cory-osullivan,24 Apr,Derry City,0-1,Premier Division,59,0,0
cory-osullivan,22 May,Sligo Rovers,1-2,Premier Division,44,0,0
cory-osullivan,29 May,St. Patrick's Athletic,1-0,Premier Division,90,0,0
cory-osullivan,22 Jun,Derry City,1-1,Premier Division,70,0,0
cory-osullivan,03 Jul,Sligo Rovers,2-1,Premier Division,45,0,0
cory-osullivan,07 Jul,Floriana,0-2,Champions League Qualification,90,0,0
cory-osullivan,14 Jul,Floriana,5-1,Champions League Qualification,90,0,0
cory-osullivan,21 Jul,Ararat Armenia,0-2,Champions League Qualification,90,0,0
cory-osullivan,07 Aug,Dundalk,3-2,Premier Division,45,0,0
dara-oshea,23 Aug,Preston North End,0-1,Championship,90,0,0
dara-oshea,30 Aug,Derby County,2-2,Championship,90,0,0
dara-oshea,06 Sep,Hungary,2-2,World Cup Qualification UEFA 1st Round Grp. F,90,0,0
dara-oshea,09 Sep,Armenia,1-2,World Cup Qualification UEFA 1st Round Grp. F,90,0,0
dara-oshea,12 Sep,Sheffield United,5-0,Championship,90,0,0
dara-oshea,20 Sep,Blackburn Rovers,0-1,Championship,90,0,0
dara-oshea,27 Sep,Portsmouth,2-1,Championship,90,0,0
dara-oshea,30 Sep,Bristol City,1-1,Championship,90,0,0
dara-oshea,05 Oct,Norwich City,3-1,Championship,90,0,0
dara-oshea,11 Oct,Portugal,0-1,World Cup Qualification UEFA 1st Round Grp. F,90,0,0
dara-oshea,14 Oct,Armenia,1-0,World Cup Qualification UEFA 1st Round Grp. F,90,0,0
dara-oshea,17 Oct,Middlesbrough,1-2,Championship,90,1,0
dara-oshea,21 Oct,Charlton Athletic,0-3,Championship,90,0,0
dara-oshea,25 Oct,West Bromwich Albion,1-0,Championship,90,0,0
dara-oshea,01 Nov,Queens Park Rangers,4-1,Championship,90,0,0
dara-oshea,04 Nov,Watford,1-1,Championship,90,0,0
dara-oshea,08 Nov,Swansea City,4-1,Championship,90,0,1
dara-oshea,13 Nov,Portugal,2-0,World Cup Qualification UEFA 1st Round Grp. F,90,0,1
dara-oshea,16 Nov,Hungary,3-2,World Cup Qualification UEFA 1st Round Grp. F,90,0,0
dara-oshea,22 Nov,Wrexham,0-0,Championship,90,0,0
dara-oshea,25 Nov,Hull City,2-0,Championship,90,0,0
dara-oshea,28 Nov,Oxford United,1-2,Championship,90,0,0
dara-oshea,02 Dec,Blackburn Rovers,1-1,Championship,90,0,0
dara-oshea,06 Dec,Coventry City,3-0,Championship,90,0,0
dara-oshea,10 Dec,Stoke City,1-0,Championship,90,0,0
dara-oshea,13 Dec,Leicester City,1-3,Championship,90,0,0
dara-oshea,20 Dec,Sheffield Wednesday,3-1,Championship,90,0,0
dara-oshea,26 Dec,Millwall,0-0,Championship,90,0,0
dara-oshea,29 Dec,Coventry City,2-0,Championship,90,0,0
dara-oshea,01 Jan,Oxford United,2-1,Championship,90,0,0
dara-oshea,17 Jan,Blackburn Rovers,3-0,Championship,90,0,0
dara-oshea,20 Jan,Bristol City,2-0,Championship,90,0,0
dara-oshea,24 Jan,Sheffield United,1-3,Championship,90,0,0
dara-oshea,31 Jan,Preston North End,1-1,Championship,90,0,0
dara-oshea,07 Feb,Derby County,2-1,Championship,90,0,0
dara-oshea,13 Feb,Wrexham,0-1,FA Cup,45,0,0
dara-oshea,21 Feb,Wrexham,3-5,Championship,90,0,0
dara-oshea,24 Feb,Watford,2-0,Championship,90,0,0
dara-oshea,28 Feb,Swansea City,3-0,Championship,90,0,0
dara-oshea,03 Mar,Hull City,1-0,Championship,90,0,0
dara-oshea,07 Mar,Leicester City,1-1,Championship,90,0,0
dara-oshea,10 Mar,Stoke City,3-3,Championship,90,0,0
dara-oshea,14 Mar,Sheffield Wednesday,2-0,Championship,90,0,0
dara-oshea,21 Mar,Millwall,1-1,Championship,90,0,0
dara-oshea,26 Mar,Czechia,2-2,World Cup Qualification UEFA 2nd Round,120,0,0
dara-oshea,31 Mar,North Macedonia,0-0,Friendlies,90,0,0
dara-oshea,06 Apr,Birmingham City,2-1,Championship,90,0,0
dara-oshea,11 Apr,Norwich City,2-0,Championship,90,0,0
dara-oshea,14 Apr,Portsmouth,0-2,Championship,90,0,0
dara-oshea,19 Apr,Middlesbrough,2-2,Championship,90,0,0
dara-oshea,22 Apr,Charlton Athletic,2-1,Championship,90,0,0
dara-oshea,25 Apr,West Bromwich Albion,0-0,Championship,90,0,0
dara-oshea,28 Apr,Southampton,2-2,Championship,90,0,0
dara-oshea,02 May,Queens Park Rangers,3-0,Championship,90,0,0
dara-oshea,16 May,Grenada,5-0,Friendlies,90,0,1
dara-oshea,28 May,Qatar,1-0,Friendlies,45,0,0
dara-oshea,22 Aug,Sunderland,2-1,Premier League,90,0,0
darius-lipsiuc,25 Aug,Altrincham,0-2,National League,89,0,0
darius-lipsiuc,30 Aug,Southend United,1-2,National League,21,0,0
darius-lipsiuc,16 Sep,Burnley U21,0-0,National League Cup Group A,90,0,0
darius-lipsiuc,20 Sep,York City,1-0,National League,24,0,1
darius-lipsiuc,23 Sep,Rochdale,1-4,National League,90,0,0
darius-lipsiuc,27 Sep,Brackley Town,1-0,National League,77,0,0
darius-lipsiuc,30 Sep,Woking,0-3,National League,72,0,0
darius-lipsiuc,18 Oct,Braintree Town,2-0,National League,37,0,0
darius-lipsiuc,21 Oct,Blackburn Rovers U21,1-0,National League Cup Group A,28,0,0
darius-lipsiuc,25 Oct,Hartlepool United,0-2,National League,90,0,0
darius-lipsiuc,05 Nov,Truro City,4-0,National League,80,1,0
darius-lipsiuc,08 Nov,Gateshead FC,2-0,National League,45,0,0
darius-lipsiuc,14 Nov,England U21,0-2,EURO U21 Qualification Grp. D,90,0,0
darius-lipsiuc,18 Nov,Andorra U21,0-4,EURO U21 Qualification Grp. D,90,0,0
darius-lipsiuc,22 Nov,FC Halifax Town,0-3,National League,45,0,0
darius-lipsiuc,25 Nov,Manchester United U21,4-1,National League Cup Group A,90,1,0
darius-lipsiuc,29 Nov,Wealdstone,1-1,National League,87,0,0
darius-lipsiuc,06 Dec,Forest Green Rovers,1-1,National League,86,0,0
darius-lipsiuc,21 Dec,Sutton United,4-1,National League,85,1,0
darius-lipsiuc,26 Dec,Tamworth,7-1,National League,67,0,0
darius-lipsiuc,30 Dec,Boreham Wood,1-2,National League,27,0,0
darius-lipsiuc,10 Jan,Aldershot Town,5-1,National League,90,0,2
darius-lipsiuc,17 Jan,Carlisle United,3-3,National League,79,2,0
darius-lipsiuc,21 Jan,Rochdale,0-1,National League,72,0,0
darius-lipsiuc,24 Jan,Morecambe,2-0,National League,90,1,0
darius-lipsiuc,31 Jan,York City,0-2,National League,71,0,0
darius-lipsiuc,10 Feb,Eastleigh,2-3,National League,28,0,0
darius-lipsiuc,14 Feb,Braintree Town,0-0,National League,90,0,0
darius-lipsiuc,21 Feb,Hartlepool United,3-4,National League,74,0,0
darius-lipsiuc,28 Feb,Scunthorpe United,3-3,National League,90,0,1
darius-lipsiuc,07 Mar,Gateshead FC,1-2,National League,90,1,0
darius-lipsiuc,14 Mar,Wealdstone,1-5,National League,90,0,0
darius-lipsiuc,17 Mar,Brackley Town,1-1,National League,90,0,0
darius-lipsiuc,21 Mar,FC Halifax Town,0-3,National League,79,0,0
darius-lipsiuc,06 Apr,Boreham Wood,4-1,National League,82,2,0
darius-lipsiuc,11 Apr,Southend United,0-0,National League,86,0,0
darius-lipsiuc,25 Apr,Yeovil Town,4-1,National League,90,0,0
darius-lipsiuc,18 Jul,Nottingham Forest,0-2,Club Friendlies,24,0,0
darius-lipsiuc,08 Aug,Burnley,1-1,EFL Cup,90,0,0
darius-lipsiuc,15 Aug,Leicester City,1-1,League One,90,0,0
darius-lipsiuc,22 Aug,Luton Town,2-2,League One,86,0,0
david-okagbue,23 Aug,Bradford City,1-1,League One,90,0,0
david-okagbue,30 Aug,Exeter City,0-3,League One,20,0,0
david-okagbue,13 Sep,Wycombe Wanderers,2-1,League One,23,0,0
david-okagbue,27 Sep,Lincoln City,0-3,League One,19,0,0
david-okagbue,30 Sep,Aston Villa U21,4-2,EFL Trophy Southern Grp. F,90,0,0
david-okagbue,10 Oct,Slovakia U21,2-2,EURO U21 Qualification Grp. D,90,0,0
david-okagbue,18 Oct,Burton Albion,1-0,League One,7,0,0
david-okagbue,25 Oct,Blackpool,1-2,League One,90,0,0
david-okagbue,14 Nov,England U21,0-2,EURO U21 Qualification Grp. D,90,0,0
david-okagbue,18 Nov,Andorra U21,0-4,EURO U21 Qualification Grp. D,90,0,0
david-okagbue,02 Dec,Swindon Town,0-1,EFL Trophy,90,0,0
david-okagbue,06 Dec,Barnsley,0-1,FA Cup,90,0,0
david-okagbue,09 Dec,Reading,2-1,League One,90,0,0
david-okagbue,13 Dec,Northampton Town,2-1,League One,90,0,0
david-okagbue,20 Dec,Port Vale,1-0,League One,90,0,0
david-okagbue,26 Dec,Leyton Orient,1-0,League One,90,0,0
david-okagbue,29 Dec,Reading,1-1,League One,90,0,0
david-okagbue,07 Feb,Wigan Athletic,6-1,League One,85,0,0
david-okagbue,10 Feb,Mansfield Town,2-1,League One,90,0,0
david-okagbue,14 Feb,Bradford City,0-2,League One,90,0,0
david-okagbue,17 Feb,Barnsley,1-2,League One,90,0,0
david-okagbue,21 Feb,Exeter City,3-3,League One,90,0,0
david-okagbue,28 Feb,Northampton Town,1-1,League One,90,0,0
david-okagbue,14 Mar,Leyton Orient,1-2,League One,90,0,0
david-okagbue,17 Mar,Rotherham United,5-0,League One,77,0,0
david-okagbue,21 Mar,AFC Wimbledon,1-1,League One,90,0,0
david-okagbue,26 Mar,Moldova U21,1-1,EURO U21 Qualification Grp. D,90,0,0
david-okagbue,31 Mar,Kazakhstan U21,1-0,EURO U21 Qualification Grp. D,90,0,0
david-okagbue,03 Apr,Luton Town,1-2,League One,18,0,0
david-okagbue,06 Apr,Cardiff City,1-1,League One,90,0,0
david-okagbue,11 Apr,Blackpool,1-3,League One,90,0,0
david-okagbue,19 Apr,Burton Albion,1-1,League One,90,0,0
david-okagbue,25 Apr,Stockport County,1-3,League One,90,0,0
david-okagbue,28 Apr,Mansfield Town,0-0,League One,90,0,0
david-okagbue,08 Aug,Bristol Rovers,1-0,EFL Cup,90,0,0
david-okagbue,15 Aug,Bradford City,0-2,League One,85,0,0
dawson-devoy,30 Aug,Sligo Rovers,0-0,Premier Division,90,0,0
dawson-devoy,19 Sep,Waterford FC,2-1,Premier Division,90,0,0
dawson-devoy,26 Sep,Shamrock Rovers,1-2,Premier Division,90,0,0
dawson-devoy,17 Oct,Galway United FC,0-2,Premier Division,90,0,0
dawson-devoy,20 Oct,St. Patrick's Athletic,0-0,Premier Division,90,0,0
dawson-devoy,26 Oct,Shelbourne,2-3,Premier Division,90,0,0
dawson-devoy,01 Nov,Drogheda United,4-1,Premier Division,90,0,1
dawson-devoy,08 Feb,St. Patrick's Athletic,0-0,Premier Division,90,0,0
dawson-devoy,14 Feb,Sligo Rovers,4-0,Premier Division,90,0,0
dawson-devoy,20 Feb,Derry City,1-0,Premier Division,90,1,0
dawson-devoy,27 Feb,Shamrock Rovers,3-2,Premier Division,90,0,0
dawson-devoy,06 Mar,Waterford FC,1-0,Premier Division,90,0,0
dawson-devoy,13 Mar,Galway United FC,1-0,Premier Division,90,0,0
dawson-devoy,16 Mar,Shelbourne,0-0,Premier Division,90,0,0
dawson-devoy,20 Mar,Dundalk,1-1,Premier Division,90,0,0
dawson-devoy,03 Apr,Drogheda United,0-0,Premier Division,90,0,0
dawson-devoy,06 Apr,Waterford FC,1-1,Premier Division,90,0,0
dawson-devoy,17 Apr,Shamrock Rovers,1-2,Premier Division,90,0,0
dawson-devoy,24 Apr,St. Patrick's Athletic,1-3,Premier Division,90,0,0
dawson-devoy,01 May,Derry City,1-1,Premier Division,90,0,0
dawson-devoy,04 May,Shelbourne,2-2,Premier Division,90,0,0
dawson-devoy,08 May,Dundalk,3-1,Premier Division,90,0,1
dawson-devoy,15 May,Drogheda United,2-1,Premier Division,90,0,0
dawson-devoy,22 May,Galway United FC,4-2,Premier Division,90,1,1
dawson-devoy,25 May,Shamrock Rovers,1-2,Premier Division,90,0,0
dawson-devoy,29 May,Sligo Rovers,3-1,Premier Division,90,0,1
dawson-devoy,05 Jun,Canada,1-1,Friendlies,45,0,0
dawson-devoy,12 Jun,Derry City,1-4,Premier Division,90,0,0
dawson-devoy,19 Jun,Dundalk,1-2,Premier Division,90,0,0
dawson-devoy,22 Jun,Shelbourne,3-0,Premier Division,90,0,0
dawson-devoy,26 Jun,St. Patrick's Athletic,2-0,Premier Division,90,0,0
dawson-devoy,03 Jul,Drogheda United,2-0,Premier Division,90,0,0
dawson-devoy,09 Jul,St Joseph's,2-0,Conference League Qualification,90,0,1
dawson-devoy,16 Jul,St Joseph's,0-0,Conference League Qualification,90,0,0
dawson-devoy,22 Jul,Ballkani,2-1,Conference League Qualification,90,0,1
dawson-devoy,30 Jul,Ballkani,2-3,Conference League Qualification,120,0,0
dawson-devoy,02 Aug,Galway United FC,1-1,Premier Division,90,0,0
dawson-devoy,06 Aug,FC Midtjylland,0-2,Conference League Qualification,90,0,0
dawson-devoy,13 Aug,FC Midtjylland,2-3,Conference League Qualification,90,0,0
dawson-devoy,21 Aug,Derry City,5-3,Premier Division,90,0,2
evan-ferguson,23 Aug,Bologna,1-0,Serie A,74,0,0
evan-ferguson,30 Aug,Pisa,1-0,Serie A,73,0,1
evan-ferguson,06 Sep,Hungary,2-2,World Cup Qualification UEFA 1st Round Grp. F,90,1,0
evan-ferguson,09 Sep,Armenia,1-2,World Cup Qualification UEFA 1st Round Grp. F,90,1,0
evan-ferguson,14 Sep,Torino,0-1,Serie A,45,0,0
evan-ferguson,21 Sep,Lazio,1-0,Serie A,66,0,0
evan-ferguson,24 Sep,Nice,2-1,Europa League,21,0,0
evan-ferguson,28 Sep,Hellas Verona,2-0,Serie A,30,0,0
evan-ferguson,02 Oct,Lille,0-1,Europa League,78,0,0
evan-ferguson,11 Oct,Portugal,0-1,World Cup Qualification UEFA 1st Round Grp. F,78,0,0
evan-ferguson,14 Oct,Armenia,1-0,World Cup Qualification UEFA 1st Round Grp. F,81,1,0
evan-ferguson,18 Oct,Inter,0-1,Serie A,10,0,0
evan-ferguson,23 Oct,Viktoria Plzen,1-2,Europa League,16,0,0
evan-ferguson,29 Oct,Parma,2-1,Serie A,7,0,0
evan-ferguson,23 Nov,Cremonese,3-1,Serie A,30,1,0
evan-ferguson,27 Nov,FC Midtjylland,2-1,Europa League,28,0,0
evan-ferguson,30 Nov,Napoli,0-1,Serie A,45,0,0
evan-ferguson,07 Dec,Cagliari,0-1,Serie A,28,0,0
evan-ferguson,11 Dec,Celtic,3-0,Europa League,69,2,0
evan-ferguson,15 Dec,Como,1-0,Serie A,90,0,0
evan-ferguson,20 Dec,Juventus,1-2,Serie A,34,0,0
evan-ferguson,29 Dec,Genoa,3-1,Serie A,85,1,1
evan-ferguson,03 Jan,Atalanta,0-1,Serie A,60,0,0
evan-ferguson,06 Jan,Lecce,2-0,Serie A,60,1,0
evan-ferguson,10 Jan,Sassuolo,2-0,Serie A,39,0,0
evan-ferguson,22 Jan,VfB Stuttgart,2-0,Europa League,90,0,0
festy-ebosele,28 Aug,Universitatea Craiova,1-3,Conference League Qualification,90,0,0
festy-ebosele,31 Aug,Eyüpspor,0-0,Super Lig,90,0,0
festy-ebosele,13 Sep,Beşiktaş,1-2,Super Lig,90,0,0
festy-ebosele,17 Sep,Fatih Karagümrük,2-0,Super Lig,90,0,0
festy-ebosele,21 Sep,Alanyaspor,1-1,Super Lig,62,0,0
festy-ebosele,28 Sep,Konyaspor,1-2,Super Lig,45,0,0
festy-ebosele,05 Oct,Göztepe,0-1,Super Lig,15,0,0
festy-ebosele,11 Oct,Portugal,0-1,World Cup Qualification UEFA 1st Round Grp. F,64,0,0
festy-ebosele,14 Oct,Armenia,1-0,World Cup Qualification UEFA 1st Round Grp. F,65,0,0
festy-ebosele,18 Oct,Galatasaray,1-2,Super Lig,45,0,0
festy-ebosele,22 Oct,Rizespor,0-0,Super Lig,45,0,0
festy-ebosele,31 Oct,Kocaelispor,1-0,Super Lig,1,0,0
festy-ebosele,13 Nov,Portugal,2-0,World Cup Qualification UEFA 1st Round Grp. F,11,0,0
festy-ebosele,16 Nov,Hungary,3-2,World Cup Qualification UEFA 1st Round Grp. F,30,0,0
festy-ebosele,24 Nov,Trabzonspor,3-4,Super Lig,10,0,0
festy-ebosele,06 Dec,Fenerbahçe,1-1,Super Lig,5,0,0
festy-ebosele,18 Dec,Galatasaray,0-1,Cup Grp. A,28,0,0
festy-ebosele,22 Dec,Gaziantep FK,5-1,Super Lig,45,0,0
festy-ebosele,13 Jan,Boluspor,2-1,Cup Grp. A,90,0,0
festy-ebosele,04 Feb,Fatih Karagümrük,4-1,Cup Grp. A,32,0,0
festy-ebosele,14 Mar,Galatasaray,0-3,Super Lig,56,0,0
festy-ebosele,16 Aug,Amed Sportif,0-3,Super Lig,26,0,0
festy-ebosele,21 Aug,Galatasaray,0-4,Super Lig,20,0,0
finn-azaz,23 Aug,Norwich City,2-1,Championship,72,1,0
finn-azaz,30 Aug,Watford,2-2,Championship,84,0,0
finn-azaz,06 Sep,Hungary,2-2,World Cup Qualification UEFA 1st Round Grp. F,78,0,0
finn-azaz,09 Sep,Armenia,1-2,World Cup Qualification UEFA 1st Round Grp. F,70,0,0
finn-azaz,14 Sep,Portsmouth,0-0,Championship,74,0,0
finn-azaz,20 Sep,Hull City,1-3,Championship,75,0,0
finn-azaz,27 Sep,Middlesbrough,1-1,Championship,64,0,0
finn-azaz,30 Sep,Sheffield United,2-1,Championship,45,0,0
finn-azaz,04 Oct,Derby County,1-1,Championship,11,0,0
finn-azaz,14 Oct,Armenia,1-0,World Cup Qualification UEFA 1st Round Grp. F,90,0,0
finn-azaz,18 Oct,Swansea City,0-0,Championship,5,0,0
finn-azaz,25 Oct,Blackburn Rovers,1-2,Championship,90,0,0
finn-azaz,01 Nov,Preston North End,0-2,Championship,45,0,0
finn-azaz,05 Nov,Queens Park Rangers,2-1,Championship,24,0,1
finn-azaz,08 Nov,Sheffield Wednesday,3-1,Championship,77,1,0
finn-azaz,13 Nov,Portugal,2-0,World Cup Qualification UEFA 1st Round Grp. F,79,0,0
finn-azaz,16 Nov,Hungary,3-2,World Cup Qualification UEFA 1st Round Grp. F,90,0,1
finn-azaz,22 Nov,Charlton Athletic,5-1,Championship,65,2,0
finn-azaz,25 Nov,Leicester City,3-0,Championship,67,1,0
finn-azaz,29 Nov,Millwall,2-3,Championship,90,1,0
finn-azaz,06 Dec,Birmingham City,3-1,Championship,80,1,1
finn-azaz,09 Dec,West Bromwich Albion,3-2,Championship,87,0,1
finn-azaz,13 Dec,Norwich City,1-2,Championship,84,0,0
finn-azaz,20 Dec,Coventry City,1-1,Championship,90,0,0
finn-azaz,26 Dec,Oxford United,1-2,Championship,85,0,0
finn-azaz,29 Dec,Birmingham City,1-1,Championship,83,0,0
finn-azaz,01 Jan,Millwall,0-0,Championship,45,0,0
finn-azaz,04 Jan,Middlesbrough,0-4,Championship,90,0,0
finn-azaz,17 Jan,Hull City,1-2,Championship,66,0,0
finn-azaz,21 Jan,Sheffield United,1-0,Championship,78,0,0
finn-azaz,25 Jan,Portsmouth,1-1,Championship,63,0,1
finn-azaz,31 Jan,Stoke City,2-0,Championship,90,1,0
finn-azaz,07 Feb,Watford,1-0,Championship,90,0,0
finn-azaz,10 Feb,Leicester City,4-3,Championship,90,0,0
finn-azaz,14 Feb,Leicester City,2-1,FA Cup,45,0,0
finn-azaz,21 Feb,Charlton Athletic,1-1,Championship,90,0,0
finn-azaz,24 Feb,Queens Park Rangers,5-0,Championship,68,1,1
finn-azaz,28 Feb,Sheffield Wednesday,3-1,Championship,90,0,0
finn-azaz,08 Mar,Fulham,1-0,FA Cup,90,0,0
finn-azaz,11 Mar,West Bromwich Albion,1-1,Championship,90,0,0
finn-azaz,14 Mar,Coventry City,2-1,Championship,90,0,0
finn-azaz,18 Mar,Norwich City,1-0,Championship,90,1,0
finn-azaz,21 Mar,Oxford United,2-0,Championship,89,0,0
finn-azaz,26 Mar,Czechia,2-2,World Cup Qualification UEFA 2nd Round,120,0,0
finn-azaz,31 Mar,North Macedonia,0-0,Friendlies,61,0,0
finn-azaz,04 Apr,Arsenal,2-1,FA Cup,90,0,0
finn-azaz,07 Apr,Wrexham,5-1,Championship,85,1,1
finn-azaz,11 Apr,Derby County,2-1,Championship,75,0,1
finn-azaz,18 Apr,Swansea City,2-1,Championship,90,0,0
finn-azaz,21 Apr,Bristol City,2-2,Championship,70,0,0
finn-azaz,25 Apr,Manchester City,1-2,FA Cup,90,1,0
finn-azaz,28 Apr,Ipswich Town,2-2,Championship,90,0,0
finn-azaz,02 May,Preston North End,3-1,Championship,21,0,0
finn-azaz,09 May,Middlesbrough,0-0,Championship Playoff,90,0,0
finn-azaz,12 May,Middlesbrough,2-1,Championship Playoff,120,0,0
finn-azaz,08 Aug,Colchester United,2-0,EFL Cup,15,0,1
finn-azaz,16 Aug,Watford,1-2,Championship,33,0,0
finn-azaz,22 Aug,Stoke City,3-1,Championship,89,0,1
gabriel-kelly,29 Aug,Liverpool U21,1-2,Premier League 2,90,0,0
gabriel-kelly,22 Sep,Nottingham Forest U21,2-1,Premier League 2,90,0,0
gabriel-kelly,03 Oct,Blackburn Rovers U21,3-1,Premier League 2,90,0,0
gabriel-kelly,25 Oct,Sunderland U21,2-1,Premier League 2,90,0,0
gabriel-kelly,02 Nov,West Bromwich Albion U21,1-1,Premier League 2,90,0,0
gabriel-kelly,07 Nov,Crystal Palace U21,2-2,Premier League 2,90,0,0
gabriel-kelly,07 Feb,Reading U21,0-3,Premier League 2,45,0,0
gabriel-kelly,13 Feb,Ipswich Town U21,1-2,Premier League 2,90,0,0
gabriel-kelly,12 Apr,Southampton U21,1-0,Premier League 2,90,1,0
gabriel-kelly,28 Jul,Everton,1-0,Club Friendlies,44,1,0
gabriel-kelly,18 Aug,Scunthorpe United,0-4,National League Cup Group A,90,0,0
gabriel-kelly,21 Aug,Brentford Academy,2-3,Premier League 2,90,1,0
gbemi-arubi,13 Feb,Derry City,2-2,Premier Division,27,1,0
gbemi-arubi,20 Feb,Drogheda United,1-1,Premier Division,72,0,0
gbemi-arubi,23 Feb,Shamrock Rovers,1-1,Premier Division,58,0,0
gbemi-arubi,27 Feb,St. Patrick's Athletic,0-4,Premier Division,45,0,0
gbemi-arubi,06 Mar,Galway United FC,2-2,Premier Division,69,1,0
gbemi-arubi,13 Mar,Waterford FC,5-0,Premier Division,2,0,1
gbemi-arubi,16 Mar,Sligo Rovers,1-0,Premier Division,64,0,0
gbemi-arubi,20 Mar,Bohemian FC,1-1,Premier Division,90,0,0
gbemi-arubi,03 Apr,Shelbourne,3-2,Premier Division,90,1,0
gbemi-arubi,06 Apr,St. Patrick's Athletic,2-0,Premier Division,90,0,1
gbemi-arubi,10 Apr,Derry City,2-2,Premier Division,90,0,0
gbemi-arubi,17 Apr,Galway United FC,2-1,Premier Division,90,0,0
gbemi-arubi,25 Apr,Sligo Rovers,0-2,Premier Division,65,0,0
gbemi-arubi,01 May,Shelbourne,1-2,Premier Division,90,0,0
gbemi-arubi,04 May,Waterford FC,3-3,Premier Division,90,1,0
gbemi-arubi,08 May,Bohemian FC,1-3,Premier Division,90,0,1
gbemi-arubi,15 May,Shamrock Rovers,1-0,Premier Division,79,0,0
gbemi-arubi,22 May,Drogheda United,1-1,Premier Division,90,1,0
gbemi-arubi,29 May,Derry City,2-1,Premier Division,90,1,0
gbemi-arubi,19 Jun,Bohemian FC,2-1,Premier Division,20,0,0
gbemi-arubi,26 Jun,Waterford FC,2-3,Premier Division,90,0,0
gbemi-arubi,03 Jul,Shelbourne,1-2,Premier Division,90,0,0
gbemi-arubi,10 Jul,Drogheda United,1-2,Premier Division,90,1,0
george-moloney,12 Apr,Stoke City U21,0-1,Premier League 2,90,0,0
grady-mcdonnell,18 Sep,Monaco U19,1-0,UEFA Youth League,17,0,0
grady-mcdonnell,21 Sep,Kortrijk,1-1,First Division B,27,0,0
grady-mcdonnell,30 Sep,Atalanta U19,2-0,UEFA Youth League,13,0,0
grady-mcdonnell,08 Nov,Uzbekistan U17,2-1,World Cup U17 Grp. J,90,1,0
grady-mcdonnell,11 Nov,Paraguay U17,0-0,World Cup U17 Grp. J,90,0,0
grady-mcdonnell,14 Nov,Canada U17,1-1,World Cup U17,90,0,0
grady-mcdonnell,18 Nov,Switzerland U17,1-3,World Cup U17,90,0,0
grady-mcdonnell,18 Jul,Notts County,2-0,Club Friendlies,44,0,0
grady-mcdonnell,22 Jul,Blackburn Rovers,3-0,Club Friendlies,44,0,0
grady-mcdonnell,18 Aug,Gateshead FC,1-1,National League Cup Group A,90,0,0
harry-vaughan,09 Sep,Andorra U21,1-0,EURO U21 Qualification Grp. D,90,0,0
harry-vaughan,08 Feb,St. Patrick's Athletic,0-0,Premier Division,64,0,0
harry-vaughan,14 Feb,Sligo Rovers,4-0,Premier Division,9,0,0
harry-vaughan,20 Feb,Derry City,1-0,Premier Division,64,0,0
harry-vaughan,27 Feb,Shamrock Rovers,3-2,Premier Division,1,0,0
harry-vaughan,13 Mar,Galway United FC,1-0,Premier Division,60,0,0
harry-vaughan,16 Mar,Shelbourne,0-0,Premier Division,8,0,0
harry-vaughan,20 Mar,Dundalk,1-1,Premier Division,16,0,0
harry-vaughan,03 Apr,Drogheda United,0-0,Premier Division,7,0,0
harry-vaughan,06 Apr,Waterford FC,1-1,Premier Division,58,0,0
harry-vaughan,04 May,Shelbourne,2-2,Premier Division,45,1,0
harry-vaughan,08 May,Dundalk,3-1,Premier Division,45,0,0
harry-vaughan,22 May,Galway United FC,4-2,Premier Division,70,0,1
harry-vaughan,25 May,Shamrock Rovers,1-2,Premier Division,19,0,0
harry-vaughan,29 May,Sligo Rovers,3-1,Premier Division,70,0,2
harry-vaughan,12 Jun,Derry City,1-4,Premier Division,69,1,0
harry-vaughan,19 Jun,Dundalk,1-2,Premier Division,62,0,0
harry-vaughan,22 Jun,Shelbourne,3-0,Premier Division,71,1,0
harry-vaughan,26 Jun,St. Patrick's Athletic,2-0,Premier Division,45,0,0
harry-vaughan,03 Jul,Drogheda United,2-0,Premier Division,62,0,0
harry-vaughan,09 Jul,St Joseph's,2-0,Conference League Qualification,65,0,0
harry-vaughan,16 Jul,St Joseph's,0-0,Conference League Qualification,6,0,0
harry-vaughan,22 Jul,Ballkani,2-1,Conference League Qualification,31,0,0
harry-vaughan,30 Jul,Ballkani,2-3,Conference League Qualification,98,0,0
harry-vaughan,02 Aug,Galway United FC,1-1,Premier Division,90,0,0
harry-vaughan,06 Aug,FC Midtjylland,0-2,Conference League Qualification,12,0,0
harry-vaughan,09 Aug,Waterford FC,1-3,Premier Division,80,0,0
harry-vaughan,13 Aug,FC Midtjylland,2-3,Conference League Qualification,16,0,0
harry-vaughan,21 Aug,Derry City,5-3,Premier Division,73,0,0
harvey-vale,30 Aug,Charlton Athletic,3-1,Championship,68,0,1
harvey-vale,13 Sep,Wrexham,3-1,Championship,84,0,0
harvey-vale,20 Sep,Stoke City,1-0,Championship,90,1,0
harvey-vale,27 Sep,Sheffield Wednesday,1-1,Championship,45,0,0
harvey-vale,01 Oct,Oxford United,0-0,Championship,75,0,0
harvey-vale,04 Oct,Bristol City,2-1,Championship,25,0,0
harvey-vale,18 Oct,Millwall,1-2,Championship,54,0,0
harvey-vale,25 Oct,Derby County,0-1,Championship,45,0,0
harvey-vale,01 Nov,Ipswich Town,1-4,Championship,61,0,0
harvey-vale,08 Nov,Sheffield United,0-0,Championship,18,0,0
harvey-vale,29 Dec,West Bromwich Albion,1-2,Championship,7,0,0
harvey-vale,20 Jan,Oxford United,0-0,Championship,5,0,0
harvey-vale,24 Jan,Wrexham,2-3,Championship,82,1,0
harvey-vale,31 Jan,Coventry City,2-1,Championship,90,0,0
harvey-vale,06 Feb,Charlton Athletic,0-0,Championship,90,0,0
harvey-vale,14 Feb,Blackburn Rovers,1-3,Championship,90,0,0
harvey-vale,21 Feb,Hull City,3-1,Championship,90,0,0
harvey-vale,24 Feb,Southampton,0-5,Championship,60,0,0
harvey-vale,28 Feb,Sheffield United,0-2,Championship,90,0,0
harvey-vale,08 Mar,Middlesbrough,0-4,Championship,90,0,0
harvey-vale,11 Mar,Birmingham City,0-1,Championship,90,0,0
harvey-vale,14 Mar,Leicester City,3-1,Championship,89,1,1
harvey-vale,21 Mar,Portsmouth,6-1,Championship,90,0,2
harvey-vale,26 Mar,Czechia,2-2,World Cup Qualification UEFA 2nd Round,1,0,0
harvey-vale,31 Mar,North Macedonia,0-0,Friendlies,29,0,0
harvey-vale,03 Apr,Watford,2-1,Championship,79,0,0
harvey-vale,06 Apr,Preston North End,1-1,Championship,90,0,0
harvey-vale,11 Apr,Bristol City,0-0,Championship,90,0,0
harvey-vale,18 Apr,Millwall,0-2,Championship,90,0,0
harvey-vale,21 Apr,Swansea City,1-2,Championship,90,0,0
harvey-vale,25 Apr,Derby County,2-3,Championship,90,1,1
harvey-vale,02 May,Ipswich Town,0-3,Championship,90,0,0
harvey-vale,08 Aug,Millwall,1-1,EFL Cup,90,0,0
harvey-vale,15 Aug,Portsmouth,3-1,Championship,90,0,1
harvey-vale,22 Aug,Bolton Wanderers,0-0,Championship,90,0,0
hugh-martin,14 Feb,Sligo Rovers,4-0,Premier Division,21,0,0
hugh-martin,20 Feb,Derry City,1-0,Premier Division,8,0,0
hugh-martin,27 Feb,Shamrock Rovers,3-2,Premier Division,1,0,0
hugh-martin,06 Mar,Waterford FC,1-0,Premier Division,6,0,0
hugh-martin,13 Mar,Galway United FC,1-0,Premier Division,9,0,0
hugh-martin,20 Mar,Dundalk,1-1,Premier Division,5,0,0
jack-moylan,11 Nov,Barnsley,2-0,EFL Trophy Northern Grp. D,26,0,0
jack-moylan,22 Nov,Wycombe Wanderers,2-3,League One,45,0,0
jack-moylan,29 Nov,Port Vale,1-0,League One,66,0,0
jack-moylan,02 Dec,Huddersfield Town,0-2,EFL Trophy,28,0,0
jack-moylan,09 Dec,Barnsley,3-1,League One,82,0,1
jack-moylan,13 Dec,Blackpool,2-2,League One,68,1,1
jack-moylan,20 Dec,Cardiff City,2-1,League One,63,0,0
jack-moylan,26 Dec,Stockport County,2-1,League One,88,0,0
jack-moylan,29 Dec,Barnsley,2-0,League One,61,0,0
jack-moylan,01 Jan,Huddersfield Town,1-1,League One,15,0,0
jack-moylan,04 Jan,Peterborough United,5-2,League One,4,0,0
jack-moylan,17 Jan,Luton Town,2-2,League One,68,0,1
jack-moylan,22 Jan,Burton Albion,2-1,League One,78,2,0
jack-moylan,27 Jan,Bradford City,3-0,League One,77,1,0
jack-moylan,31 Jan,Wigan Athletic,1-0,League One,66,1,0
jack-moylan,07 Feb,Plymouth Argyle,4-1,League One,73,0,0
jack-moylan,14 Feb,Bolton Wanderers,1-1,League One,78,1,0
jack-moylan,17 Feb,Northampton Town,4-0,League One,77,1,1
jack-moylan,21 Feb,Mansfield Town,2-0,League One,71,0,0
jack-moylan,28 Feb,Blackpool,4-0,League One,51,0,0
jack-moylan,10 Mar,Exeter City,1-0,League One,70,0,0
jack-moylan,14 Mar,Stockport County,3-1,League One,62,1,0
jack-moylan,17 Mar,Huddersfield Town,2-2,League One,90,0,0
jack-moylan,21 Mar,Rotherham United,3-0,League One,68,0,0
jack-moylan,03 Apr,AFC Wimbledon,1-0,League One,90,0,0
jack-moylan,06 Apr,Reading,2-1,League One,7,1,0
jack-moylan,11 Apr,Leyton Orient,2-1,League One,72,1,0
jack-moylan,18 Apr,Stevenage,2-2,League One,90,0,0
jack-moylan,21 Apr,Doncaster Rovers,2-0,League One,79,0,1
jack-moylan,25 Apr,Wycombe Wanderers,4-3,League One,68,1,0
jack-moylan,02 May,Port Vale,2-0,League One,74,0,1
jack-moylan,16 May,Grenada,5-0,Friendlies,90,3,0
jack-moylan,28 May,Qatar,1-0,Friendlies,45,0,1
jack-moylan,08 Aug,Swindon Town,3-2,EFL Cup,18,1,0
jack-moylan,17 Aug,Wrexham,1-1,Championship,90,0,0
jack-moylan,22 Aug,Derby County,2-2,Championship,71,0,0
jack-taylor,23 Aug,Preston North End,0-1,Championship,90,0,0
jack-taylor,30 Aug,Derby County,2-2,Championship,12,0,0
jack-taylor,06 Sep,Hungary,2-2,World Cup Qualification UEFA 1st Round Grp. F,24,0,0
jack-taylor,09 Sep,Armenia,1-2,World Cup Qualification UEFA 1st Round Grp. F,45,0,0
jack-taylor,14 Oct,Armenia,1-0,World Cup Qualification UEFA 1st Round Grp. F,9,0,0
jack-taylor,17 Oct,Middlesbrough,1-2,Championship,6,0,0
jack-taylor,21 Oct,Charlton Athletic,0-3,Championship,15,0,0
jack-taylor,25 Oct,West Bromwich Albion,1-0,Championship,77,0,0
jack-taylor,01 Nov,Queens Park Rangers,4-1,Championship,90,0,0
jack-taylor,04 Nov,Watford,1-1,Championship,26,0,0
jack-taylor,08 Nov,Swansea City,4-1,Championship,72,0,0
jack-taylor,13 Nov,Portugal,2-0,World Cup Qualification UEFA 1st Round Grp. F,68,0,0
jack-taylor,16 Nov,Hungary,3-2,World Cup Qualification UEFA 1st Round Grp. F,10,0,0
jack-taylor,22 Nov,Wrexham,0-0,Championship,75,0,0
jack-taylor,25 Nov,Hull City,2-0,Championship,45,0,0
jack-taylor,28 Nov,Oxford United,1-2,Championship,90,0,0
jack-taylor,02 Dec,Blackburn Rovers,1-1,Championship,45,0,0
jack-taylor,06 Dec,Coventry City,3-0,Championship,71,0,0
jack-taylor,10 Dec,Stoke City,1-0,Championship,75,0,0
jack-taylor,13 Dec,Leicester City,1-3,Championship,64,0,0
jack-taylor,20 Dec,Sheffield Wednesday,3-1,Championship,14,0,0
jack-taylor,26 Dec,Millwall,0-0,Championship,19,0,0
jack-taylor,29 Dec,Coventry City,2-0,Championship,87,0,0
jack-taylor,01 Jan,Oxford United,2-1,Championship,14,0,0
jack-taylor,10 Jan,Blackpool,2-1,FA Cup,90,0,0
jack-taylor,17 Jan,Blackburn Rovers,3-0,Championship,79,1,0
jack-taylor,20 Jan,Bristol City,2-0,Championship,27,0,0
jack-taylor,24 Jan,Sheffield United,1-3,Championship,71,0,0
jack-taylor,31 Jan,Preston North End,1-1,Championship,25,0,0
jack-taylor,07 Feb,Derby County,2-1,Championship,75,0,0
jack-taylor,13 Feb,Wrexham,0-1,FA Cup,18,0,0
jack-taylor,21 Feb,Wrexham,3-5,Championship,70,0,1
jack-taylor,28 Feb,Swansea City,3-0,Championship,29,0,0
jack-taylor,03 Mar,Hull City,1-0,Championship,68,0,0
jack-taylor,07 Mar,Leicester City,1-1,Championship,5,0,0
jack-taylor,10 Mar,Stoke City,3-3,Championship,69,1,0
jack-taylor,14 Mar,Sheffield Wednesday,2-0,Championship,24,0,0
jack-taylor,21 Mar,Millwall,1-1,Championship,22,0,0
jack-taylor,26 Mar,Czechia,2-2,World Cup Qualification UEFA 2nd Round,68,0,0
jack-taylor,06 Apr,Birmingham City,2-1,Championship,15,0,0
jack-taylor,11 Apr,Norwich City,2-0,Championship,90,0,0
jack-taylor,19 Apr,Middlesbrough,2-2,Championship,90,0,0
jack-taylor,22 Apr,Charlton Athletic,2-1,Championship,70,0,0
jack-taylor,25 Apr,West Bromwich Albion,0-0,Championship,90,0,0
jack-taylor,02 May,Queens Park Rangers,3-0,Championship,86,0,0
jacob-devaney,31 Aug,Manchester City U21,2-1,Premier League 2,90,0,0
jacob-devaney,04 Sep,Moldova U21,2-1,EURO U21 Qualification Grp. D,90,0,0
jacob-devaney,09 Sep,Andorra U21,1-0,EURO U21 Qualification Grp. D,90,0,0
jacob-devaney,16 Sep,Brackley Town,1-2,National League Cup Group A,90,1,0
jacob-devaney,21 Sep,Liverpool U21,2-1,Premier League 2,90,0,0
jacob-devaney,27 Sep,Crystal Palace U21,4-1,Premier League 2,90,1,1
jacob-devaney,30 Sep,Lincoln City,0-3,EFL Trophy Northern Grp. D,90,0,0
jacob-devaney,03 Oct,Everton U21,2-1,Premier League 2,90,0,0
jacob-devaney,21 Oct,Barnsley,2-5,EFL Trophy Northern Grp. D,90,0,0
jacob-devaney,25 Oct,Tottenham Hotspur U21,4-1,Premier League 2,90,0,0
jacob-devaney,28 Oct,Rochdale,2-0,National League Cup Group A,60,0,0
jacob-devaney,31 Oct,Blackburn Rovers U21,0-4,Premier League 2,90,0,0
jacob-devaney,04 Nov,Notts County,2-0,EFL Trophy Northern Grp. D,90,1,0
jacob-devaney,14 Nov,England U21,0-2,EURO U21 Qualification Grp. D,90,0,0
jacob-devaney,18 Nov,Andorra U21,0-4,EURO U21 Qualification Grp. D,90,0,0
jacob-devaney,25 Nov,Solihull Moors,1-4,National League Cup Group A,90,0,0
jacob-devaney,16 Dec,Tamworth,0-3,National League Cup Group A,90,0,0
jacob-devaney,12 Jan,Wolverhampton Wanderers U21,4-1,Premier League 2,90,0,0
jacob-devaney,16 Jan,Fulham U21,2-2,Premier League 2,90,0,1
jacob-devaney,26 Jan,Brighton & Hove Albion U21,1-1,Premier League 2,90,0,0
jacob-devaney,03 Feb,Heart of Midlothian,1-0,Premiership,70,0,0
jacob-devaney,06 Feb,Airdrieonians,2-1,FA Cup,63,1,0
jacob-devaney,11 Feb,Kilmarnock,3-4,Premiership,90,0,0
jacob-devaney,14 Feb,Hibernian,0-2,Premiership,45,0,0
jacob-devaney,21 Feb,Motherwell,0-5,Premiership,45,0,0
jacob-devaney,08 Mar,Partick Thistle,2-1,FA Cup,26,0,0
jacob-devaney,15 Mar,Rangers,0-1,Premiership,90,0,0
jacob-devaney,21 Mar,Falkirk,2-1,Premiership,80,0,0
jacob-devaney,26 Mar,Moldova U21,1-1,EURO U21 Qualification Grp. D,90,0,0
jacob-devaney,04 Apr,Aberdeen,2-0,Premiership,90,0,0
jacob-devaney,11 Apr,Celtic,0-1,Premiership,90,0,0
jacob-devaney,19 Apr,Celtic,2-6,FA Cup,120,0,0
jacob-devaney,25 Apr,Livingston,0-2,Premiership Relegation Group,73,0,0
jacob-devaney,02 May,Dundee FC,0-1,Premiership Relegation Group,90,0,0
jacob-devaney,09 May,Kilmarnock,0-3,Premiership Relegation Group,90,0,0
jacob-devaney,12 May,Aberdeen,2-0,Premiership Relegation Group,90,0,1
jacob-devaney,17 May,Dundee United,1-1,Premiership Relegation Group,45,0,0
jacob-devaney,21 May,Partick Thistle,1-1,Premiership Qualification,90,0,0
jacob-devaney,25 May,Partick Thistle,1-0,Premiership Qualification,90,0,0
jacob-devaney,18 Jul,Wrexham,0-1,Club Friendlies,45,0,0
jacob-devaney,24 Jul,Rosenborg,5-0,Club Friendlies,29,1,0
jaden-umeh,16 Sep,Qarabag FK U19,7-1,UEFA Youth League,90,0,1
jaden-umeh,30 Sep,Chelsea U19,2-5,UEFA Youth League,74,1,0
jaden-umeh,21 Oct,Newcastle United U19,5-1,UEFA Youth League,19,0,0
jaden-umeh,05 Nov,Panama U17,4-1,World Cup U17 Grp. J,90,1,0
jaden-umeh,08 Nov,Uzbekistan U17,2-1,World Cup U17 Grp. J,90,0,0
jaden-umeh,11 Nov,Paraguay U17,0-0,World Cup U17 Grp. J,90,0,0
jaden-umeh,14 Nov,Canada U17,1-1,World Cup U17,90,0,0
jaden-umeh,18 Nov,Switzerland U17,1-3,World Cup U17,90,0,0
jaden-umeh,25 Nov,Ajax U19,4-0,UEFA Youth League,28,0,0
jaden-umeh,10 Dec,SSC Napoli U19,3-0,UEFA Youth League,20,0,0
jaden-umeh,04 Feb,Slavia Prague U19,3-2,UEFA Youth League,82,1,0
jaden-umeh,25 Feb,AZ Alkmaar U19,6-2,UEFA Youth League,90,1,1
jaden-umeh,18 Mar,Inter U19,3-2,UEFA Youth League,89,0,1
jaden-umeh,31 Mar,Kazakhstan U21,1-0,EURO U21 Qualification Grp. D,90,0,0
jaden-umeh,17 Apr,Club Brugge U19,1-3,UEFA Youth League,90,0,0
jaden-umeh,28 May,Qatar,1-0,Friendlies,15,0,0
jaden-umeh,05 Jun,Canada,1-1,Friendlies,70,0,0
jake-obrien,24 Aug,Brighton & Hove Albion,2-0,Premier League,90,0,0
jake-obrien,27 Aug,Mansfield Town,2-0,EFL Cup,3,0,0
jake-obrien,30 Aug,Wolverhampton Wanderers,3-2,Premier League,90,0,0
jake-obrien,06 Sep,Hungary,2-2,World Cup Qualification UEFA 1st Round Grp. F,90,0,0
jake-obrien,09 Sep,Armenia,1-2,World Cup Qualification UEFA 1st Round Grp. F,90,0,0
jake-obrien,13 Sep,Aston Villa,0-0,Premier League,90,0,0
jake-obrien,20 Sep,Liverpool,1-2,Premier League,90,0,0
jake-obrien,23 Sep,Wolverhampton Wanderers,0-2,EFL Cup,90,0,0
jake-obrien,29 Sep,West Ham United,1-1,Premier League,90,0,0
jake-obrien,05 Oct,Crystal Palace,2-1,Premier League,90,0,0
jake-obrien,11 Oct,Portugal,0-1,World Cup Qualification UEFA 1st Round Grp. F,90,0,0
jake-obrien,14 Oct,Armenia,1-0,World Cup Qualification UEFA 1st Round Grp. F,90,0,0
jake-obrien,18 Oct,Manchester City,0-2,Premier League,90,0,0
jake-obrien,26 Oct,Tottenham Hotspur,0-3,Premier League,66,0,0
jake-obrien,03 Nov,Sunderland,1-1,Premier League,83,0,0
jake-obrien,08 Nov,Fulham,2-0,Premier League,1,0,0
jake-obrien,13 Nov,Portugal,2-0,World Cup Qualification UEFA 1st Round Grp. F,90,0,0
jake-obrien,16 Nov,Hungary,3-2,World Cup Qualification UEFA 1st Round Grp. F,45,0,0
jake-obrien,24 Nov,Manchester United,1-0,Premier League,80,0,0
jake-obrien,29 Nov,Newcastle United,1-4,Premier League,90,0,0
jake-obrien,02 Dec,AFC Bournemouth,1-0,Premier League,90,0,0
jake-obrien,06 Dec,Nottingham Forest,3-0,Premier League,90,0,1
jake-obrien,13 Dec,Chelsea,0-2,Premier League,90,0,0
jake-obrien,20 Dec,Arsenal,0-1,Premier League,90,0,0
jake-obrien,27 Dec,Burnley,0-0,Premier League,90,0,0
jake-obrien,30 Dec,Nottingham Forest,2-0,Premier League,90,0,0
jake-obrien,04 Jan,Brentford,2-4,Premier League,90,0,0
jake-obrien,07 Jan,Wolverhampton Wanderers,1-1,Premier League,90,0,0
jake-obrien,10 Jan,Sunderland,1-1,FA Cup,120,0,0
jake-obrien,18 Jan,Aston Villa,1-0,Premier League,90,0,0
jake-obrien,26 Jan,Leeds United,1-1,Premier League,90,0,0
jake-obrien,31 Jan,Brighton & Hove Albion,1-1,Premier League,90,0,0
jake-obrien,07 Feb,Fulham,2-1,Premier League,90,0,0
jake-obrien,10 Feb,AFC Bournemouth,1-2,Premier League,69,0,0
jake-obrien,28 Feb,Newcastle United,3-2,Premier League,90,0,0
jake-obrien,03 Mar,Burnley,2-0,Premier League,90,0,0
jake-obrien,14 Mar,Arsenal,0-2,Premier League,90,0,0
jake-obrien,21 Mar,Chelsea,3-0,Premier League,90,0,0
jake-obrien,26 Mar,Czechia,2-2,World Cup Qualification UEFA 2nd Round,120,0,0
jake-obrien,31 Mar,North Macedonia,0-0,Friendlies,18,0,0
jake-obrien,11 Apr,Brentford,2-2,Premier League,90,0,0
jake-obrien,19 Apr,Liverpool,1-2,Premier League,90,0,0
jake-obrien,25 Apr,West Ham United,1-2,Premier League,65,0,0
jake-obrien,04 May,Manchester City,3-3,Premier League,90,1,0
jake-obrien,10 May,Crystal Palace,2-2,Premier League,90,0,0
jake-obrien,17 May,Sunderland,1-3,Premier League,88,0,0
jake-obrien,24 May,Tottenham Hotspur,0-1,Premier League,62,0,0
jake-obrien,28 May,Qatar,1-0,Friendlies,90,0,0
jake-obrien,05 Jun,Canada,1-1,Friendlies,90,0,0
jake-obrien,18 Jul,Dundee FC,4-0,Club Friendlies,46,0,0
jake-obrien,25 Jul,Bolton Wanderers,0-0,Club Friendlies,82,0,0
jake-obrien,12 Aug,Newcastle United,3-1,Club Friendlies,7,0,0
james-abankwah,23 Aug,Swansea City,1-1,Championship,90,0,0
james-abankwah,30 Aug,Southampton,2-2,Championship,90,0,0
james-abankwah,04 Sep,Moldova U21,2-1,EURO U21 Qualification Grp. D,90,0,0
james-abankwah,09 Sep,Andorra U21,1-0,EURO U21 Qualification Grp. D,90,0,0
james-abankwah,01 Oct,Portsmouth,2-2,Championship,70,0,0
james-abankwah,04 Oct,Oxford United,2-1,Championship,90,0,0
james-abankwah,10 Oct,Slovakia U21,2-2,EURO U21 Qualification Grp. D,90,0,0
james-abankwah,22 Oct,West Bromwich Albion,2-1,Championship,90,0,0
james-abankwah,25 Oct,Coventry City,1-3,Championship,44,0,0
james-abankwah,04 Nov,Ipswich Town,1-1,Championship,90,0,0
james-abankwah,14 Nov,England U21,0-2,EURO U21 Qualification Grp. D,90,0,0
james-abankwah,18 Nov,Andorra U21,0-4,EURO U21 Qualification Grp. D,90,0,0
james-abankwah,13 Dec,Wrexham,2-2,Championship,83,0,0
james-abankwah,29 Dec,Norwich City,1-0,Championship,24,0,0
james-abankwah,01 Jan,Birmingham City,3-0,Championship,90,0,0
james-abankwah,10 Jan,Bristol City,1-5,FA Cup,90,0,0
james-abankwah,17 Jan,Millwall,0-2,Championship,90,0,0
james-abankwah,21 Jan,Portsmouth,1-1,Championship,81,0,0
james-abankwah,24 Jan,Blackburn Rovers,1-1,Championship,90,0,0
james-abankwah,31 Jan,Swansea City,0-2,Championship,90,0,0
james-abankwah,03 Feb,Hull City,0-0,Championship,90,0,0
james-abankwah,07 Feb,Southampton,0-1,Championship,90,0,0
james-abankwah,14 Feb,Preston North End,2-2,Championship,90,0,0
james-abankwah,21 Feb,Derby County,2-0,Championship,90,0,0
james-abankwah,24 Feb,Ipswich Town,0-2,Championship,73,0,0
james-abankwah,27 Feb,Bristol City,2-1,Championship,90,0,0
james-abankwah,10 Mar,Sheffield Wednesday,1-1,Championship,90,0,0
james-abankwah,14 Mar,Stoke City,1-3,Championship,90,0,0
james-abankwah,17 Mar,Wrexham,3-1,Championship,89,0,0
james-abankwah,21 Mar,Leicester City,0-0,Championship,90,0,0
james-abankwah,31 Mar,North Macedonia,0-0,Friendlies,22,0,0
james-abankwah,11 Apr,Oxford United,0-2,Championship,90,0,0
james-abankwah,18 Apr,Sheffield United,0-2,Championship,71,0,0
james-abankwah,21 Apr,West Bromwich Albion,0-3,Championship,90,0,0
james-abankwah,25 Apr,Middlesbrough,1-5,Championship,90,1,0
james-abankwah,02 May,Coventry City,0-4,Championship,90,0,0
james-abankwah,16 May,Grenada,5-0,Friendlies,90,0,0
james-abankwah,28 May,Qatar,1-0,Friendlies,45,0,0
james-abankwah,05 Jun,Canada,1-1,Friendlies,90,0,0
james-abankwah,08 Aug,Nottingham Forest,1-0,Club Friendlies,90,0,0
james-abankwah,15 Aug,Padova,1-0,Coppa Italia,90,0,0
james-abankwah,22 Aug,Como,1-1,Serie A,90,0,0
jamie-mullins,23 Aug,Reading,2-2,League One,81,0,0
jamie-mullins,30 Aug,Stevenage,0-1,League One,61,0,0
jamie-mullins,04 Sep,Moldova U21,2-1,EURO U21 Qualification Grp. D,90,0,0
jamie-mullins,09 Sep,Andorra U21,1-0,EURO U21 Qualification Grp. D,90,0,0
jamie-mullins,20 Sep,Northampton Town,2-0,League One,62,0,0
jamie-mullins,27 Sep,AFC Wimbledon,1-2,League One,45,0,0
jamie-mullins,04 Oct,Barnsley,2-2,League One,66,0,0
jamie-mullins,10 Oct,Slovakia U21,2-2,EURO U21 Qualification Grp. D,90,1,0
jamie-mullins,28 Oct,Fulham,1-1,EFL Cup,68,0,1
jamie-mullins,01 Nov,Plymouth Argyle,2-0,FA Cup,78,0,0
jamie-mullins,08 Nov,Leyton Orient,4-1,League One,67,0,0
jamie-mullins,18 Nov,Andorra U21,0-4,EURO U21 Qualification Grp. D,90,0,0
jamie-mullins,22 Nov,Lincoln City,3-2,League One,80,0,1
jamie-mullins,29 Nov,Rotherham United,1-1,League One,90,1,0
jamie-mullins,06 Dec,Exeter City,0-4,FA Cup,45,0,0
jamie-mullins,09 Dec,Plymouth Argyle,0-1,League One,90,0,0
jamie-mullins,13 Dec,Burton Albion,0-0,League One,85,0,0
jamie-mullins,20 Dec,Bolton Wanderers,2-1,League One,64,0,1
jamie-mullins,26 Dec,Luton Town,0-4,League One,3,0,0
jamie-mullins,29 Dec,Plymouth Argyle,1-1,League One,29,0,0
jamie-mullins,01 Jan,Cardiff City,1-1,League One,90,0,0
jamie-mullins,04 Jan,AFC Wimbledon,2-0,League One,90,0,1
jamie-mullins,17 Jan,Northampton Town,2-1,League One,76,0,0
jamie-mullins,24 Jan,Peterborough United,0-2,League One,18,0,0
jamie-mullins,27 Jan,Wigan Athletic,2-0,League One,45,0,0
jamie-mullins,31 Jan,Mansfield Town,0-0,League One,24,0,0
jamie-mullins,07 Feb,Doncaster Rovers,4-0,League One,26,1,0
jamie-mullins,14 Feb,Reading,2-3,League One,12,0,0
jamie-mullins,21 Feb,Stevenage,3-1,League One,89,0,0
jamie-mullins,28 Feb,Burton Albion,3-0,League One,75,0,0
jamie-mullins,03 Mar,Barnsley,1-0,League One,24,0,0
jamie-mullins,14 Mar,Luton Town,1-2,League One,53,0,0
jamie-mullins,21 Mar,Leyton Orient,0-2,League One,3,0,0
jamie-mullins,26 Mar,Moldova U21,1-1,EURO U21 Qualification Grp. D,90,1,0
jamie-mullins,31 Mar,Kazakhstan U21,1-0,EURO U21 Qualification Grp. D,90,0,0
jamie-mullins,03 Apr,Stockport County,0-3,League One,5,0,0
jamie-mullins,06 Apr,Bradford City,1-2,League One,20,0,0
jamie-mullins,18 Apr,Blackpool,0-1,League One,30,0,0
jamie-mullins,25 Apr,Lincoln City,3-4,League One,20,0,0
jamie-mullins,02 May,Rotherham United,3-2,League One,90,0,1
jamie-mullins,07 Aug,Stevenage,1-2,EFL Cup,77,0,0
jamie-mullins,18 Aug,Reading,1-1,EFL Trophy Southern Grp. C,67,0,0
jamie-mullins,22 Aug,Plymouth Argyle,1-1,League One,57,0,0
jason-knight,27 Aug,Fulham,0-2,EFL Cup,90,0,0
jason-knight,30 Aug,Hull City,4-2,Championship,90,0,0
jason-knight,06 Sep,Hungary,2-2,World Cup Qualification UEFA 1st Round Grp. F,89,0,0
jason-knight,09 Sep,Armenia,1-2,World Cup Qualification UEFA 1st Round Grp. F,90,0,0
jason-knight,13 Sep,Sheffield Wednesday,3-0,Championship,90,0,0
jason-knight,21 Sep,Oxford United,1-3,Championship,90,0,0
jason-knight,27 Sep,Preston North End,0-0,Championship,85,0,0
jason-knight,22 Nov,Swansea City,3-0,Championship,31,0,0
jason-knight,26 Nov,Wrexham,0-2,Championship,17,0,0
jason-knight,06 Dec,Millwall,0-1,Championship,64,0,0
jason-knight,10 Dec,Leicester City,2-2,Championship,24,0,0
jason-knight,13 Dec,Coventry City,0-1,Championship,90,0,0
jason-knight,20 Dec,Middlesbrough,2-0,Championship,90,0,0
jason-knight,26 Dec,West Bromwich Albion,2-1,Championship,90,0,0
jason-knight,29 Dec,Millwall,1-2,Championship,90,0,0
jason-knight,01 Jan,Portsmouth,5-0,Championship,78,0,1
jason-knight,04 Jan,Preston North End,0-2,Championship,90,0,0
jason-knight,10 Jan,Watford,5-1,FA Cup,59,0,0
jason-knight,24 Jan,Sheffield Wednesday,2-0,Championship,90,0,0
jason-knight,30 Jan,Derby County,0-5,Championship,90,0,0
jason-knight,17 Feb,Wrexham,2-2,Championship,45,0,1
jason-knight,21 Feb,Swansea City,0-1,Championship,90,0,0
jason-knight,24 Feb,Blackburn Rovers,2-1,Championship,90,0,0
jason-knight,27 Feb,Watford,1-2,Championship,90,0,0
jason-knight,03 Mar,Port Vale,0-1,FA Cup,59,0,0
jason-knight,07 Mar,Coventry City,0-2,Championship,90,0,0
jason-knight,10 Mar,Leicester City,0-2,Championship,90,0,0
jason-knight,14 Mar,Middlesbrough,1-1,Championship,90,0,0
jason-knight,21 Mar,West Bromwich Albion,0-1,Championship,90,0,0
jason-knight,31 Mar,North Macedonia,0-0,Friendlies,90,0,0
jason-knight,03 Apr,Charlton Athletic,2-1,Championship,90,0,0
jason-knight,06 Apr,Sheffield United,1-0,Championship,90,0,0
jason-knight,11 Apr,Queens Park Rangers,0-0,Championship,90,0,0
jason-knight,18 Apr,Norwich City,2-4,Championship,90,0,0
jason-knight,21 Apr,Southampton,2-2,Championship,90,0,0
jason-knight,25 Apr,Birmingham City,1-2,Championship,90,0,0
jason-knight,02 May,Stoke City,2-0,Championship,90,0,0
jason-knight,16 May,Grenada,5-0,Friendlies,90,0,0
jason-knight,29 Jul,Newcastle United,4-1,Club Friendlies,73,0,1
jason-knight,06 Aug,Walsall,0-1,EFL Cup,90,0,0
jason-knight,15 Aug,Millwall,0-2,Championship,90,0,0
jason-knight,22 Aug,Birmingham City,2-2,Championship,90,0,0
jayson-molumby,23 Aug,Portsmouth,1-1,Championship,87,0,0
jayson-molumby,30 Aug,Stoke City,1-0,Championship,89,0,0
jayson-molumby,13 Sep,Derby County,0-1,Championship,90,0,0
jayson-molumby,19 Sep,Middlesbrough,1-2,Championship,90,0,0
jayson-molumby,26 Sep,Leicester City,1-1,Championship,90,0,0
jayson-molumby,01 Oct,Norwich City,1-0,Championship,90,0,0
jayson-molumby,04 Oct,Millwall,0-3,Championship,79,0,0
jayson-molumby,11 Oct,Portugal,0-1,World Cup Qualification UEFA 1st Round Grp. F,90,0,0
jayson-molumby,14 Oct,Armenia,1-0,World Cup Qualification UEFA 1st Round Grp. F,90,0,0
jayson-molumby,18 Oct,Preston North End,2-1,Championship,35,0,0
jayson-molumby,08 Nov,Oxford United,2-1,Championship,28,0,0
jayson-molumby,16 Nov,Hungary,3-2,World Cup Qualification UEFA 1st Round Grp. F,60,0,0
jayson-molumby,22 Nov,Coventry City,2-3,Championship,49,0,0
jayson-molumby,29 Nov,Swansea City,3-2,Championship,90,1,0
jayson-molumby,06 Dec,Queens Park Rangers,1-3,Championship,90,0,0
jayson-molumby,09 Dec,Southampton,2-3,Championship,51,0,0
jayson-molumby,12 Dec,Sheffield United,2-0,Championship,90,0,0
jayson-molumby,20 Dec,Hull City,0-1,Championship,9,0,0
jayson-molumby,29 Dec,Queens Park Rangers,2-1,Championship,16,0,0
jayson-molumby,01 Jan,Swansea City,0-1,Championship,30,0,0
jayson-molumby,05 Jan,Leicester City,1-2,Championship,90,0,0
jayson-molumby,20 Jan,Norwich City,0-5,Championship,45,0,0
jayson-molumby,23 Jan,Derby County,1-1,Championship,90,0,1
jayson-molumby,31 Jan,Portsmouth,0-3,Championship,73,0,0
jayson-molumby,07 Feb,Stoke City,0-0,Championship,90,0,0
jayson-molumby,10 Feb,Birmingham City,0-0,Championship,90,0,0
jayson-molumby,14 Feb,Norwich City,1-3,FA Cup,12,0,0
jayson-molumby,21 Feb,Coventry City,0-2,Championship,90,0,0
jayson-molumby,24 Feb,Charlton Athletic,1-1,Championship,90,0,0
jayson-molumby,28 Feb,Oxford United,1-2,Championship,90,0,0
jayson-molumby,07 Mar,Sheffield United,1-1,Championship,89,0,0
jayson-molumby,11 Mar,Southampton,1-1,Championship,77,1,0
jayson-molumby,14 Mar,Hull City,3-0,Championship,90,0,0
jayson-molumby,21 Mar,Bristol City,1-0,Championship,90,0,0
jayson-molumby,26 Mar,Czechia,2-2,World Cup Qualification UEFA 2nd Round,115,0,0
jayson-molumby,31 Mar,North Macedonia,0-0,Friendlies,61,0,0
jayson-molumby,03 Apr,Wrexham,2-2,Championship,90,0,0
jayson-molumby,06 Apr,Blackburn Rovers,0-0,Championship,90,0,0
jayson-molumby,10 Apr,Millwall,0-0,Championship,90,0,0
jayson-molumby,18 Apr,Preston North End,2-0,Championship,90,0,1
jayson-molumby,21 Apr,Watford,3-0,Championship,74,0,0
jayson-molumby,25 Apr,Ipswich Town,0-0,Championship,90,0,0
jayson-molumby,16 May,Grenada,5-0,Friendlies,74,0,0
jayson-molumby,28 May,Qatar,1-0,Friendlies,90,0,0
jayson-molumby,08 Aug,Rotherham United,4-1,EFL Cup,17,0,0
jayson-molumby,15 Aug,Norwich City,2-1,Championship,22,0,0
jayson-molumby,23 Aug,Burnley,3-1,Championship,89,0,0
jimmy-dunne,23 Aug,Coventry City,1-7,Championship,62,0,0
jimmy-dunne,30 Aug,Charlton Athletic,3-1,Championship,90,0,0
jimmy-dunne,13 Sep,Wrexham,3-1,Championship,90,0,1
jimmy-dunne,20 Sep,Stoke City,1-0,Championship,90,0,0
jimmy-dunne,27 Sep,Sheffield Wednesday,1-1,Championship,90,0,0
jimmy-dunne,01 Oct,Oxford United,0-0,Championship,90,0,0
jimmy-dunne,04 Oct,Bristol City,2-1,Championship,90,0,1
jimmy-dunne,18 Oct,Millwall,1-2,Championship,90,0,0
jimmy-dunne,22 Oct,Swansea City,1-0,Championship,90,0,0
jimmy-dunne,25 Oct,Derby County,0-1,Championship,90,0,0
jimmy-dunne,01 Nov,Ipswich Town,1-4,Championship,90,0,0
jimmy-dunne,05 Nov,Southampton,1-2,Championship,90,0,0
jimmy-dunne,08 Nov,Sheffield United,0-0,Championship,90,0,0
jimmy-dunne,13 Nov,Portugal,2-0,World Cup Qualification UEFA 1st Round Grp. F,4,0,0
jimmy-dunne,22 Nov,Hull City,3-2,Championship,90,1,0
jimmy-dunne,26 Nov,Blackburn Rovers,1-0,Championship,90,0,0
jimmy-dunne,29 Nov,Norwich City,1-3,Championship,90,0,0
jimmy-dunne,06 Dec,West Bromwich Albion,3-1,Championship,90,0,0
jimmy-dunne,09 Dec,Birmingham City,2-1,Championship,90,1,0
jimmy-dunne,13 Dec,Middlesbrough,1-3,Championship,90,0,0
jimmy-dunne,20 Dec,Leicester City,4-1,Championship,90,0,1
jimmy-dunne,26 Dec,Portsmouth,1-1,Championship,90,1,0
jimmy-dunne,29 Dec,West Bromwich Albion,1-2,Championship,90,0,0
jimmy-dunne,01 Jan,Norwich City,1-2,Championship,90,0,0
jimmy-dunne,04 Jan,Sheffield Wednesday,3-0,Championship,90,0,0
jimmy-dunne,11 Jan,West Ham United,1-2,FA Cup,120,0,0
jimmy-dunne,17 Jan,Stoke City,0-0,Championship,90,0,0
jimmy-dunne,20 Jan,Oxford United,0-0,Championship,90,0,0
jimmy-dunne,24 Jan,Wrexham,2-3,Championship,90,0,0
jimmy-dunne,31 Jan,Coventry City,2-1,Championship,90,0,0
jimmy-dunne,06 Feb,Charlton Athletic,0-0,Championship,90,0,0
jimmy-dunne,14 Feb,Blackburn Rovers,1-3,Championship,90,0,0
jimmy-dunne,21 Feb,Hull City,3-1,Championship,90,0,0
jimmy-dunne,24 Feb,Southampton,0-5,Championship,90,0,0
jimmy-dunne,28 Feb,Sheffield United,0-2,Championship,90,0,0
jimmy-dunne,08 Mar,Middlesbrough,0-4,Championship,90,0,0
jimmy-dunne,11 Mar,Birmingham City,0-1,Championship,90,0,0
jimmy-dunne,14 Mar,Leicester City,3-1,Championship,90,0,0
jimmy-dunne,21 Mar,Portsmouth,6-1,Championship,90,0,0
jimmy-dunne,26 Mar,Czechia,2-2,World Cup Qualification UEFA 2nd Round,24,0,0
jimmy-dunne,03 Apr,Watford,2-1,Championship,90,0,0
jimmy-dunne,06 Apr,Preston North End,1-1,Championship,90,0,0
jimmy-dunne,08 Aug,Millwall,1-1,EFL Cup,90,0,0
jimmy-dunne,15 Aug,Portsmouth,3-1,Championship,90,0,0
jimmy-dunne,22 Aug,Bolton Wanderers,0-0,Championship,90,0,0
joe-hodge,23 Aug,Benfica,0-3,Liga Portugal,45,0,0
joe-hodge,21 Sep,Estrela da Amadora,0-0,Liga Portugal,59,0,0
joe-hodge,27 Sep,Santa Clara,2-1,Liga Portugal,23,0,0
joe-hodge,19 Oct,Vila Real,5-1,Taca de Portugal,90,0,0
joe-hodge,29 Oct,Benfica,0-3,League Cup,78,0,0
joe-hodge,29 Nov,Gil Vicente,1-0,Liga Portugal,19,0,0
joe-hodge,15 Dec,Nacional,1-3,Liga Portugal,8,0,0
joe-hodge,21 Dec,Casa Pia AC,1-2,Liga Portugal,11,0,0
joe-hodge,03 Jan,Arouca,3-1,Liga Portugal,84,0,0
joe-hodge,11 Jan,Moreirense,0-1,Liga Portugal,67,0,0
joe-hodge,18 Jan,Braga,0-1,Liga Portugal,3,0,0
joe-hodge,25 Jan,Famalicao,0-3,Liga Portugal,45,0,0
joe-hodge,01 Feb,Benfica,0-0,Liga Portugal,66,0,0
joe-hodge,07 Feb,Estoril,2-2,Liga Portugal,65,0,0
joe-hodge,13 Feb,Alverca,1-1,Liga Portugal,62,0,0
joe-hodge,20 Feb,Estrela da Amadora,2-0,Liga Portugal,67,0,0
joe-hodge,01 Mar,Santa Clara,2-2,Liga Portugal,89,0,1
joe-hodge,09 Mar,Rio Ave,0-1,Liga Portugal,75,0,0
joe-hodge,21 Mar,AVS Futebol SAD,0-0,Liga Portugal,90,0,0
joe-hodge,03 Apr,Vitoria de Guimaraes,0-5,Liga Portugal,80,0,0
joe-hodge,13 Apr,Gil Vicente,2-2,Liga Portugal,90,1,0
joe-hodge,19 Apr,FC Porto,0-2,Liga Portugal,63,0,0
joe-hodge,25 Apr,Nacional,0-2,Liga Portugal,76,0,0
joe-hodge,29 Apr,Sporting CP,2-2,Liga Portugal,24,0,0
joe-hodge,11 May,Moreirense,2-0,Liga Portugal,18,0,0
joe-hodge,16 May,Arouca,1-3,Liga Portugal,17,0,0
joe-hodge,05 Jun,Canada,1-1,Friendlies,2,0,0
joe-hodge,16 Aug,Stenhousemuir,0-1,League Cup,62,0,0
joe-hodge,20 Aug,Freiburg,1-3,Conference League Qualification,78,0,0
john-egan,23 Aug,Blackburn Rovers,0-3,Championship,90,0,0
john-egan,30 Aug,Bristol City,2-4,Championship,90,0,0
john-egan,13 Sep,Swansea City,2-2,Championship,90,1,0
john-egan,20 Sep,Southampton,3-1,Championship,90,0,0
john-egan,27 Sep,Watford,1-2,Championship,90,0,0
john-egan,30 Sep,Preston North End,2-2,Championship,90,0,0
john-egan,04 Oct,Sheffield United,1-0,Championship,90,0,0
john-egan,11 Oct,Portugal,0-1,World Cup Qualification UEFA 1st Round Grp. F,4,0,0
john-egan,18 Oct,Birmingham City,3-2,Championship,90,0,0
john-egan,21 Oct,Leicester City,2-1,Championship,5,0,0
john-egan,25 Oct,Charlton Athletic,1-1,Championship,90,0,0
john-egan,01 Nov,Norwich City,2-0,Championship,90,0,0
john-egan,04 Nov,Derby County,1-2,Championship,86,0,0
john-egan,08 Nov,Portsmouth,3-2,Championship,90,0,0
john-egan,22 Nov,Queens Park Rangers,2-3,Championship,90,0,0
john-egan,29 Nov,Stoke City,2-1,Championship,90,0,0
john-egan,05 Dec,Middlesbrough,1-4,Championship,90,0,0
john-egan,13 Dec,Millwall,3-1,Championship,3,0,0
john-egan,20 Dec,West Bromwich Albion,1-0,Championship,90,0,0
john-egan,26 Dec,Sheffield Wednesday,2-2,Championship,45,0,0
john-egan,29 Dec,Middlesbrough,1-0,Championship,90,0,0
john-egan,01 Jan,Stoke City,0-1,Championship,90,0,0
john-egan,11 Jan,Blackburn Rovers,0-0,FA Cup,15,0,0
john-egan,17 Jan,Southampton,2-1,Championship,90,0,0
john-egan,20 Jan,Preston North End,3-0,Championship,82,0,0
john-egan,24 Jan,Swansea City,2-1,Championship,90,0,0
john-egan,31 Jan,Blackburn Rovers,1-0,Championship,90,0,0
john-egan,03 Feb,Watford,0-0,Championship,90,0,0
john-egan,07 Feb,Bristol City,2-3,Championship,65,0,0
john-egan,13 Feb,Chelsea,0-4,FA Cup,90,0,0
john-egan,21 Feb,Queens Park Rangers,1-3,Championship,90,0,0
john-egan,24 Feb,Derby County,4-2,Championship,90,1,0
john-egan,28 Feb,Portsmouth,1-0,Championship,90,0,0
john-egan,03 Mar,Ipswich Town,0-1,Championship,73,0,0
john-egan,10 Mar,Wrexham,2-1,Championship,90,0,0
john-egan,14 Mar,West Bromwich Albion,0-3,Championship,90,0,0
john-egan,21 Mar,Sheffield Wednesday,3-1,Championship,90,0,0
john-egan,31 Mar,North Macedonia,0-0,Friendlies,72,0,0
john-egan,03 Apr,Oxford United,1-1,Championship,45,0,0
john-egan,06 Apr,Coventry City,0-0,Championship,90,0,0
john-egan,11 Apr,Sheffield United,1-2,Championship,90,0,0
john-egan,18 Apr,Birmingham City,1-1,Championship,90,0,0
john-egan,21 Apr,Leicester City,2-2,Championship,90,0,0
john-egan,25 Apr,Charlton Athletic,1-2,Championship,90,1,0
john-egan,02 May,Norwich City,2-1,Championship,45,0,0
john-egan,08 May,Millwall,0-0,Championship Playoff,90,0,0
john-egan,11 May,Millwall,2-0,Championship Playoff,90,0,0
john-egan,23 May,Middlesbrough,1-0,Championship Playoff,90,0,0
john-egan,25 Jul,Konyaspor,3-0,Club Friendlies,29,0,0
john-egan,22 Aug,Manchester United,2-0,Premier League,90,0,0
john-osullivan,22 Sep,Shelbourne,2-1,Premier Division,14,0,0
john-osullivan,13 Mar,Sligo Rovers,2-0,Premier Division,7,0,0
john-osullivan,20 Mar,Galway United FC,2-0,Premier Division,11,0,1
john-osullivan,06 Apr,Shelbourne,3-2,Premier Division,32,0,0
john-osullivan,10 Apr,St. Patrick's Athletic,1-0,Premier Division,18,0,0
john-osullivan,17 Apr,Bohemian FC,2-1,Premier Division,90,0,0
john-osullivan,24 Apr,Derry City,0-1,Premier Division,59,0,0
john-osullivan,04 May,Drogheda United,4-1,Premier Division,18,0,0
john-osullivan,22 May,Sligo Rovers,1-2,Premier Division,45,0,0
john-osullivan,25 May,Bohemian FC,2-1,Premier Division,9,0,0
john-osullivan,29 May,St. Patrick's Athletic,1-0,Premier Division,16,0,0
john-osullivan,19 Jun,Waterford FC,2-0,Premier Division,4,0,0
john-osullivan,22 Jun,Derry City,1-1,Premier Division,20,0,0
john-osullivan,26 Jun,Galway United FC,3-1,Premier Division,22,0,0
john-osullivan,07 Jul,Floriana,0-2,Champions League Qualification,26,0,0
john-osullivan,14 Jul,Floriana,5-1,Champions League Qualification,77,0,0
john-osullivan,31 Jul,Drogheda United,0-0,Premier Division,68,0,0
john-osullivan,04 Aug,Egnatia,3-1,Europa League Qualification,13,0,0
john-osullivan,07 Aug,Dundalk,3-2,Premier Division,90,0,0
johnny-kenny,23 Aug,Livingston,3-0,Premiership,21,1,0
johnny-kenny,27 Sep,Hibernian,0-0,Premiership,16,0,0
johnny-kenny,19 Oct,Dundee FC,0-2,Premiership,45,0,0
johnny-kenny,23 Oct,Sturm Graz,2-1,Europa League,86,0,0
johnny-kenny,26 Oct,Heart of Midlothian,1-3,Premiership,60,0,0
johnny-kenny,29 Oct,Falkirk,4-0,Premiership,66,2,0
johnny-kenny,02 Nov,Rangers,3-1,League Cup,72,1,0
johnny-kenny,06 Nov,FC Midtjylland,1-3,Europa League,45,0,0
johnny-kenny,09 Nov,Kilmarnock,4-0,Premiership,78,1,0
johnny-kenny,16 Nov,Hungary,3-2,World Cup Qualification UEFA 1st Round Grp. F,30,0,0
johnny-kenny,22 Nov,St. Mirren,1-0,Premiership,45,0,0
johnny-kenny,07 Dec,Heart of Midlothian,1-2,Premiership,25,0,0
johnny-kenny,14 Dec,St. Mirren,1-3,League Cup,55,0,0
johnny-kenny,17 Dec,Dundee United,1-2,Premiership,65,0,1
johnny-kenny,21 Dec,Aberdeen,3-1,Premiership,70,0,0
johnny-kenny,27 Dec,Livingston,4-2,Premiership,82,0,1
johnny-kenny,03 Jan,Rangers,1-3,Premiership,74,0,0
johnny-kenny,10 Jan,Dundee United,4-0,Premiership,18,0,0
johnny-kenny,14 Jan,Falkirk,1-0,Premiership,11,0,0
johnny-kenny,22 Jan,Bologna,2-2,Europa League,13,0,0
johnny-kenny,14 Feb,Lincoln City,1-1,League One,25,0,0
johnny-kenny,17 Feb,Reading,1-1,League One,77,0,0
johnny-kenny,21 Feb,Blackpool,2-2,League One,8,0,0
johnny-kenny,28 Feb,Exeter City,5-1,League One,80,1,1
johnny-kenny,07 Mar,Wycombe Wanderers,3-2,League One,81,0,0
johnny-kenny,14 Mar,Rotherham United,2-2,League One,45,0,2
johnny-kenny,17 Mar,Doncaster Rovers,0-0,League One,90,0,0
johnny-kenny,21 Mar,Port Vale,0-1,League One,90,0,0
johnny-kenny,31 Mar,North Macedonia,0-0,Friendlies,6,0,0
johnny-kenny,03 Apr,Plymouth Argyle,2-1,League One,64,1,0
johnny-kenny,06 Apr,Stockport County,2-2,League One,72,1,0
johnny-kenny,14 Apr,Stevenage,5-1,League One,68,1,0
johnny-kenny,18 Apr,Huddersfield Town,3-3,League One,90,1,0
johnny-kenny,25 Apr,Bradford City,1-1,League One,89,1,0
johnny-kenny,02 May,Luton Town,2-3,League One,90,0,0
josh-harpur,01 May,Derry City,1-1,Premier Division,4,0,0
josh-harpur,04 May,Shelbourne,2-2,Premier Division,11,0,0
josh-keeley,23 Aug,Cardiff City,0-1,League One,90,0,0
josh-keeley,30 Aug,Burton Albion,3-0,League One,90,0,0
josh-keeley,13 Sep,Plymouth Argyle,2-3,League One,90,0,0
josh-keeley,20 Sep,Lincoln City,1-3,League One,90,0,0
josh-keeley,27 Sep,Doncaster Rovers,1-0,League One,90,0,0
josh-keeley,30 Sep,Blackpool,2-2,League One,90,0,0
josh-keeley,04 Oct,Stevenage,0-2,League One,90,0,0
josh-keeley,18 Oct,Mansfield Town,0-2,League One,90,0,0
josh-keeley,25 Oct,Northampton Town,1-0,League One,90,0,0
josh-keeley,31 Oct,Forest Green Rovers,4-3,FA Cup,90,0,0
josh-keeley,08 Nov,Stockport County,3-0,League One,90,0,0
josh-keeley,15 Nov,Rotherham United,0-0,League One,90,0,0
josh-keeley,22 Nov,Barnsley,0-5,League One,90,0,0
josh-keeley,25 Nov,Huddersfield Town,2-1,League One,90,0,0
josh-keeley,29 Nov,Bolton Wanderers,1-1,League One,90,0,0
josh-keeley,09 Dec,Leyton Orient,1-1,League One,90,0,0
josh-keeley,13 Dec,Port Vale,2-2,League One,90,0,0
josh-keeley,18 Dec,Reading,2-3,League One,90,0,0
josh-keeley,26 Dec,Wycombe Wanderers,4-0,League One,90,0,0
josh-keeley,29 Dec,Leyton Orient,3-0,League One,90,0,0
josh-keeley,10 Jan,Stevenage,2-1,League One,90,0,0
josh-keeley,17 Jan,Lincoln City,2-2,League One,90,0,0
josh-keeley,24 Jan,Plymouth Argyle,0-1,League One,90,0,0
josh-keeley,27 Jan,Huddersfield Town,0-1,League One,90,0,0
josh-keeley,31 Jan,Blackpool,1-0,League One,90,0,0
josh-keeley,07 Feb,Bradford City,2-1,League One,90,0,0
josh-keeley,14 Feb,Cardiff City,1-3,League One,90,0,0
josh-keeley,18 Feb,Wigan Athletic,0-1,League One,90,0,0
josh-keeley,21 Feb,Burton Albion,1-1,League One,90,0,0
josh-keeley,28 Feb,Port Vale,1-1,League One,90,0,0
josh-keeley,07 Mar,Reading,2-3,League One,90,0,0
josh-keeley,10 Mar,Doncaster Rovers,1-1,League One,90,0,0
josh-keeley,14 Mar,Wycombe Wanderers,2-1,League One,90,0,0
josh-keeley,17 Mar,Exeter City,3-2,League One,90,0,0
josh-keeley,21 Mar,Stockport County,1-1,League One,90,0,0
josh-keeley,03 Apr,Peterborough United,2-1,League One,90,0,0
josh-keeley,06 Apr,AFC Wimbledon,3-0,League One,90,0,0
josh-keeley,15 Apr,Northampton Town,2-1,League One,90,0,0
josh-keeley,18 Apr,Mansfield Town,2-2,League One,90,0,0
josh-keeley,21 Apr,Rotherham United,2-0,League One,90,0,0
josh-keeley,25 Apr,Barnsley,2-1,League One,90,0,0
josh-keeley,02 May,Bolton Wanderers,3-2,League One,90,0,0
josh-keeley,16 May,Grenada,5-0,Friendlies,16,0,0
josh-keeley,08 Aug,Gillingham,3-0,EFL Cup,90,0,0
josh-keeley,15 Aug,Reading,4-3,League One,90,0,0
josh-keeley,22 Aug,Notts County,2-2,League One,90,0,0
kasey-mcateer,23 Aug,Preston North End,0-1,Championship,24,0,0
kasey-mcateer,30 Aug,Derby County,2-2,Championship,68,0,0
kasey-mcateer,06 Sep,Hungary,2-2,World Cup Qualification UEFA 1st Round Grp. F,1,0,0
kasey-mcateer,09 Sep,Armenia,1-2,World Cup Qualification UEFA 1st Round Grp. F,45,0,0
kasey-mcateer,12 Sep,Sheffield United,5-0,Championship,71,0,0
kasey-mcateer,20 Sep,Blackburn Rovers,0-1,Championship,65,0,0
kasey-mcateer,27 Sep,Portsmouth,2-1,Championship,16,0,0
kasey-mcateer,30 Sep,Bristol City,1-1,Championship,84,0,0
kasey-mcateer,21 Oct,Charlton Athletic,0-3,Championship,62,0,0
kasey-mcateer,01 Nov,Queens Park Rangers,4-1,Championship,18,0,0
kasey-mcateer,08 Nov,Swansea City,4-1,Championship,71,0,0
kasey-mcateer,22 Nov,Wrexham,0-0,Championship,6,0,0
kasey-mcateer,25 Nov,Hull City,2-0,Championship,66,0,0
kasey-mcateer,28 Nov,Oxford United,1-2,Championship,6,0,0
kasey-mcateer,02 Dec,Blackburn Rovers,1-1,Championship,68,0,0
kasey-mcateer,13 Dec,Leicester City,1-3,Championship,12,0,0
kasey-mcateer,20 Dec,Sheffield Wednesday,3-1,Championship,14,0,0
kasey-mcateer,26 Dec,Millwall,0-0,Championship,65,0,0
kasey-mcateer,10 Jan,Blackpool,2-1,FA Cup,17,0,0
kasey-mcateer,20 Jan,Bristol City,2-0,Championship,27,0,0
kasey-mcateer,07 Feb,Derby County,2-1,Championship,26,0,1
kasey-mcateer,13 Feb,Wrexham,0-1,FA Cup,84,0,0
kasey-mcateer,21 Feb,Wrexham,3-5,Championship,20,0,0
kasey-mcateer,28 Feb,Swansea City,3-0,Championship,21,0,0
kasey-mcateer,10 Mar,Stoke City,3-3,Championship,15,0,0
kasey-mcateer,21 Mar,Millwall,1-1,Championship,68,0,0
kasey-mcateer,06 Apr,Birmingham City,2-1,Championship,86,1,0
kasey-mcateer,14 Apr,Portsmouth,0-2,Championship,58,0,0
kasey-mcateer,19 Apr,Middlesbrough,2-2,Championship,72,1,0
kasey-mcateer,22 Apr,Charlton Athletic,2-1,Championship,86,0,0
kasey-mcateer,25 Apr,West Bromwich Albion,0-0,Championship,75,0,0
kasey-mcateer,28 Apr,Southampton,2-2,Championship,23,0,0
kasey-mcateer,02 May,Queens Park Rangers,3-0,Championship,27,1,0
kasey-mcateer,22 Aug,Sunderland,2-1,Premier League,24,0,0
kian-leavy,29 Aug,Derry City,2-2,Premier Division,90,0,0
kian-leavy,19 Sep,Galway United FC,1-1,Premier Division,90,0,0
kian-leavy,22 Sep,Cork City,4-0,Premier Division,90,1,0
kian-leavy,27 Sep,Sligo Rovers,0-1,Premier Division,90,0,0
kian-leavy,17 Oct,Shamrock Rovers,1-0,Premier Division,87,0,0
kian-leavy,20 Oct,Bohemian FC,0-0,Premier Division,77,0,0
kian-leavy,24 Oct,Waterford FC,1-1,Premier Division,82,0,0
kian-leavy,01 Nov,Shelbourne,0-0,Premier Division,73,0,0
kian-leavy,08 Feb,Bohemian FC,0-0,Premier Division,86,0,0
kian-leavy,20 Feb,Shamrock Rovers,0-2,Premier Division,79,0,0
kian-leavy,27 Feb,Dundalk,4-0,Premier Division,90,0,1
kian-leavy,02 Mar,Galway United FC,1-0,Premier Division,90,1,0
kian-leavy,06 Mar,Shelbourne,3-2,Premier Division,89,0,0
kian-leavy,13 Mar,Drogheda United,4-1,Premier Division,90,1,0
kian-leavy,20 Mar,Waterford FC,2-0,Premier Division,89,0,0
kian-leavy,03 Apr,Sligo Rovers,4-1,Premier Division,72,0,1
kian-leavy,06 Apr,Dundalk,0-2,Premier Division,76,0,0
kian-leavy,10 Apr,Shamrock Rovers,0-1,Premier Division,90,0,0
kian-leavy,17 Apr,Drogheda United,3-1,Premier Division,45,1,0
kian-leavy,24 Apr,Bohemian FC,3-1,Premier Division,90,0,0
kian-leavy,01 May,Galway United FC,2-2,Premier Division,89,0,0
kian-leavy,04 May,Sligo Rovers,1-1,Premier Division,90,1,0
kian-leavy,08 May,Waterford FC,4-1,Premier Division,78,0,1
kian-leavy,15 May,Shelbourne,0-1,Premier Division,90,0,0
kian-leavy,22 May,Derry City,0-0,Premier Division,90,0,0
kian-leavy,29 May,Shamrock Rovers,0-1,Premier Division,90,0,0
kian-leavy,05 Jun,Canada,1-1,Friendlies,2,0,0
kian-leavy,12 Jun,Drogheda United,2-0,Premier Division,90,1,0
kian-leavy,19 Jun,Sligo Rovers,2-0,Premier Division,76,0,0
kian-leavy,26 Jun,Bohemian FC,0-2,Premier Division,90,0,0
kian-leavy,03 Jul,Galway United FC,3-0,Premier Division,78,1,0
kian-leavy,10 Jul,Waterford FC,1-1,Premier Division,90,0,0
kian-leavy,24 Jul,Dundalk,1-1,Premier Division,90,0,0
kian-leavy,02 Aug,Derry City,1-1,Premier Division,45,0,0
kian-mcmahon-brown,25 Aug,Liverpool U21,3-2,Premier League 2,90,2,0
kian-mcmahon-brown,29 Aug,Leeds United U21,1-2,Premier League 2,90,0,0
kian-mcmahon-brown,16 Sep,Solihull Moors,0-0,National League Cup Group A,70,0,0
kian-mcmahon-brown,19 Sep,Southampton U21,1-2,Premier League 2,90,0,0
kian-mcmahon-brown,26 Sep,Sunderland U21,0-3,Premier League 2,90,0,0
kian-mcmahon-brown,05 Oct,Chelsea U21,0-1,Premier League 2,89,0,0
kian-mcmahon-brown,21 Oct,Tamworth,0-4,National League Cup Group A,82,0,0
kian-mcmahon-brown,24 Oct,Norwich City U21,4-1,Premier League 2,80,1,0
kian-mcmahon-brown,05 Nov,Panama U17,4-1,World Cup U17 Grp. J,90,1,0
kian-mcmahon-brown,16 Jan,Tottenham Hotspur U21,1-1,Premier League 2,61,0,0
kian-mcmahon-brown,23 Jan,Arsenal U21,0-1,Premier League 2,68,0,0
kian-mcmahon-brown,30 Jan,Reading U21,1-3,Premier League 2,90,0,0
kian-mcmahon-brown,16 Feb,Everton U21,2-2,Premier League 2,90,1,0
kian-mcmahon-brown,23 Feb,Derby County U21,1-1,Premier League 2,83,0,1
kian-mcmahon-brown,27 Feb,Fulham U21,1-3,Premier League 2,75,0,0
kian-mcmahon-brown,16 Mar,Brighton & Hove Albion U21,0-2,Premier League 2,90,0,0
kian-mcmahon-brown,21 Aug,Fulham U21,3-4,Premier League 2,90,1,0
killian-phillips,24 Aug,Rangers,1-1,Premiership,85,0,0
killian-phillips,31 Aug,Hibernian,1-1,Premiership,27,0,0
killian-phillips,09 Sep,Armenia,1-2,World Cup Qualification UEFA 1st Round Grp. F,20,0,0
killian-phillips,13 Sep,Falkirk,2-1,Premiership,90,0,0
killian-phillips,19 Sep,Kilmarnock,2-2,League Cup,120,0,0
killian-phillips,27 Sep,Dundee FC,1-0,Premiership,90,1,0
killian-phillips,04 Oct,Kilmarnock,0-2,Premiership,90,0,0
killian-phillips,18 Oct,Aberdeen,0-1,Premiership,90,0,0
killian-phillips,25 Oct,Dundee United,1-3,Premiership,90,0,0
killian-phillips,29 Oct,Heart of Midlothian,2-2,Premiership,90,0,0
killian-phillips,01 Nov,Motherwell,4-1,League Cup,90,0,0
killian-phillips,08 Nov,Hibernian,0-3,Premiership,90,0,0
killian-phillips,22 Nov,Celtic,0-1,Premiership,90,0,0
killian-phillips,29 Nov,Dundee FC,1-3,Premiership,90,0,0
killian-phillips,03 Dec,Aberdeen,3-3,Premiership,90,0,0
killian-phillips,06 Dec,Dundee United,2-0,Premiership,90,0,0
killian-phillips,14 Dec,Celtic,3-1,League Cup,90,0,0
killian-phillips,20 Dec,Livingston,1-0,Premiership,90,0,0
killian-phillips,27 Dec,Kilmarnock,0-0,Premiership,89,0,0
killian-phillips,30 Dec,Rangers,1-2,Premiership,87,0,0
killian-phillips,03 Jan,Motherwell,0-2,Premiership,90,0,0
killian-phillips,10 Jan,Falkirk,0-2,Premiership,45,0,0
killian-phillips,14 Jan,Heart of Midlothian,0-2,Premiership,90,0,0
killian-phillips,20 Jan,Livingston,1-1,Premiership,90,0,0
killian-phillips,31 Jan,Dundee FC,0-0,Premiership,90,0,0
killian-phillips,03 Feb,Heart of Midlothian,1-0,Premiership,90,0,0
killian-phillips,06 Feb,Airdrieonians,2-1,FA Cup,111,0,0
killian-phillips,11 Feb,Kilmarnock,3-4,Premiership,84,2,0
killian-phillips,14 Feb,Hibernian,0-2,Premiership,90,0,0
killian-phillips,21 Feb,Motherwell,0-5,Premiership,90,0,0
killian-phillips,28 Feb,Livingston,1-1,Premiership,89,0,0
killian-phillips,03 Mar,Dundee United,1-2,Premiership,90,0,0
killian-phillips,08 Mar,Partick Thistle,2-1,FA Cup,90,0,0
killian-phillips,15 Mar,Rangers,0-1,Premiership,90,0,0
killian-phillips,21 Mar,Falkirk,2-1,Premiership,90,0,0
killian-phillips,04 Apr,Aberdeen,2-0,Premiership,59,0,0
killian-phillips,11 Apr,Celtic,0-1,Premiership,90,0,0
killian-phillips,19 Apr,Celtic,2-6,FA Cup,74,0,0
killian-phillips,25 Apr,Livingston,0-2,Premiership Relegation Group,90,0,0
killian-phillips,02 May,Dundee FC,0-1,Premiership Relegation Group,90,0,0
killian-phillips,09 May,Kilmarnock,0-3,Premiership Relegation Group,90,0,0
killian-phillips,12 May,Aberdeen,2-0,Premiership Relegation Group,89,1,0
killian-phillips,21 May,Partick Thistle,1-1,Premiership Qualification,77,1,0
killian-phillips,25 May,Partick Thistle,1-0,Premiership Qualification,90,0,0
killian-phillips,05 Jun,Canada,1-1,Friendlies,20,0,0
killian-phillips,01 Aug,Falkirk,2-0,Premiership,90,2,0
killian-phillips,08 Aug,St. Johnstone,1-0,Premiership,90,1,0
killian-phillips,16 Aug,Rangers,1-5,League Cup,84,0,0
liam-scales,23 Aug,Livingston,3-0,Premiership,90,0,0
liam-scales,26 Aug,Kairat Almaty,0-0,Champions League Qualification,120,0,0
liam-scales,31 Aug,Rangers,0-0,Premiership,90,0,0
liam-scales,09 Sep,Armenia,1-2,World Cup Qualification UEFA 1st Round Grp. F,9,0,0
liam-scales,14 Sep,Kilmarnock,2-1,Premiership,90,0,0
liam-scales,21 Sep,Partick Thistle,4-0,League Cup,90,1,0
liam-scales,24 Sep,FK Crvena Zvezda,1-1,Europa League,90,0,0
liam-scales,27 Sep,Hibernian,0-0,Premiership,90,0,0
liam-scales,02 Oct,Braga,0-2,Europa League,90,0,0
liam-scales,05 Oct,Motherwell,3-2,Premiership,90,0,0
liam-scales,19 Oct,Dundee FC,0-2,Premiership,90,0,0
liam-scales,23 Oct,Sturm Graz,2-1,Europa League,90,1,0
liam-scales,26 Oct,Heart of Midlothian,1-3,Premiership,90,0,0
liam-scales,29 Oct,Falkirk,4-0,Premiership,90,0,0
liam-scales,02 Nov,Rangers,3-1,League Cup,120,0,0
liam-scales,06 Nov,FC Midtjylland,1-3,Europa League,90,0,0
liam-scales,09 Nov,Kilmarnock,4-0,Premiership,90,0,1
liam-scales,13 Nov,Portugal,2-0,World Cup Qualification UEFA 1st Round Grp. F,86,0,1
liam-scales,16 Nov,Hungary,3-2,World Cup Qualification UEFA 1st Round Grp. F,90,0,1
liam-scales,22 Nov,St. Mirren,1-0,Premiership,90,0,0
liam-scales,27 Nov,Feyenoord,3-1,Europa League,90,0,0
liam-scales,30 Nov,Hibernian,2-1,Premiership,90,0,0
liam-scales,03 Dec,Dundee FC,1-0,Premiership,90,0,0
liam-scales,07 Dec,Heart of Midlothian,1-2,Premiership,90,0,0
liam-scales,11 Dec,Roma,0-3,Europa League,90,0,0
liam-scales,14 Dec,St. Mirren,1-3,League Cup,90,0,0
liam-scales,17 Dec,Dundee United,1-2,Premiership,15,0,0
liam-scales,21 Dec,Aberdeen,3-1,Premiership,21,0,0
liam-scales,30 Dec,Motherwell,0-2,Premiership,90,0,0
liam-scales,03 Jan,Rangers,1-3,Premiership,2,0,0
liam-scales,10 Jan,Dundee United,4-0,Premiership,90,0,1
liam-scales,14 Jan,Falkirk,1-0,Premiership,90,0,0
liam-scales,22 Jan,Bologna,2-2,Europa League,90,0,0
liam-scales,25 Jan,Heart of Midlothian,2-2,Premiership,90,0,0
liam-scales,29 Jan,FC Utrecht,4-2,Europa League,90,0,0
liam-scales,01 Feb,Falkirk,2-0,Premiership,90,0,0
liam-scales,07 Feb,Dundee FC,2-1,FA Cup,120,0,0
liam-scales,11 Feb,Livingston,2-1,Premiership,90,0,0
liam-scales,15 Feb,Kilmarnock,3-2,Premiership,90,0,0
liam-scales,19 Feb,VfB Stuttgart,1-4,Europa League,90,0,0
liam-scales,22 Feb,Hibernian,1-2,Premiership,90,0,0
liam-scales,01 Mar,Rangers,2-2,Premiership,90,0,0
liam-scales,04 Mar,Aberdeen,2-1,Premiership,90,0,1
liam-scales,08 Mar,Rangers,0-0,FA Cup,120,0,0
liam-scales,14 Mar,Motherwell,3-1,Premiership,90,0,0
liam-scales,22 Mar,Dundee United,0-2,Premiership,90,0,0
liam-scales,31 Mar,North Macedonia,0-0,Friendlies,90,0,0
liam-scales,05 Apr,Dundee FC,2-1,Premiership,90,0,0
liam-scales,11 Apr,St. Mirren,1-0,Premiership,90,0,0
liam-scales,25 Apr,Falkirk,3-1,Premiership Championship Group,90,0,0
liam-scales,03 May,Hibernian,2-1,Premiership Championship Group,90,0,0
liam-scales,10 May,Rangers,3-1,Premiership Championship Group,90,0,0
liam-scales,13 May,Motherwell,3-2,Premiership Championship Group,90,0,0
liam-scales,16 May,Heart of Midlothian,3-1,Premiership Championship Group,90,0,0
liam-scales,23 May,Dunfermline Athletic,3-1,FA Cup,90,0,0
liam-scales,28 May,Qatar,1-0,Friendlies,74,0,0
liam-scales,05 Jun,Canada,1-1,Friendlies,45,0,0
liam-scales,25 Jul,Milan,2-2,Club Friendlies,28,0,0
liam-scales,15 Aug,Dundee United,4-0,League Cup,90,0,0
liam-scales,19 Aug,LASK,3-0,Champions League Qualification,14,0,0
mark-mcguinness,23 Aug,Cardiff City,0-1,League One,90,0,0
mark-mcguinness,30 Aug,Burton Albion,3-0,League One,90,0,0
mark-mcguinness,12 Sep,Ipswich Town,0-5,Championship,90,0,0
mark-mcguinness,20 Sep,Charlton Athletic,0-1,Championship,90,0,0
mark-mcguinness,27 Sep,Oxford United,1-0,Championship,90,0,0
mark-mcguinness,30 Sep,Southampton,1-2,Championship,90,0,0
mark-mcguinness,04 Oct,Hull City,0-1,Championship,90,0,0
mark-mcguinness,18 Oct,Watford,1-0,Championship,90,0,0
mark-mcguinness,21 Oct,Blackburn Rovers,3-1,Championship,90,0,0
mark-mcguinness,24 Oct,Preston North End,2-3,Championship,78,0,0
mark-mcguinness,01 Nov,Derby County,1-3,Championship,60,0,0
mark-mcguinness,04 Nov,Coventry City,1-3,Championship,76,0,0
mark-mcguinness,08 Nov,Queens Park Rangers,0-0,Championship,45,0,0
mark-mcguinness,26 Nov,Portsmouth,3-0,Championship,7,0,0
mark-mcguinness,29 Nov,Leicester City,3-2,Championship,9,0,0
mark-mcguinness,06 Dec,Stoke City,4-0,Championship,45,1,0
mark-mcguinness,12 Dec,West Bromwich Albion,0-2,Championship,90,0,0
mark-mcguinness,29 Dec,Stoke City,2-1,Championship,3,0,0
mark-mcguinness,11 Jan,Mansfield Town,3-4,FA Cup,90,0,1
mark-mcguinness,21 Jan,Southampton,0-1,Championship,90,0,0
mark-mcguinness,24 Jan,Ipswich Town,3-1,Championship,90,0,0
mark-mcguinness,31 Jan,Millwall,1-1,Championship,90,0,0
mark-mcguinness,06 Apr,Bristol City,0-1,Championship,90,0,0
mark-mcguinness,11 Apr,Hull City,2-1,Championship,86,0,0
mark-mcguinness,18 Apr,Watford,2-0,Championship,90,0,0
mark-mcguinness,22 Apr,Blackburn Rovers,1-3,Championship,45,0,0
mark-mcguinness,25 Apr,Preston North End,2-3,Championship,90,0,0
mark-mcguinness,02 May,Derby County,2-1,Championship,90,0,0
mark-mcguinness,16 May,Grenada,5-0,Friendlies,45,0,0
mark-mcguinness,09 Aug,Mansfield Town,3-0,EFL Cup,90,1,0
mark-mcguinness,15 Aug,Birmingham City,0-0,Championship,90,0,0
mark-mcguinness,22 Aug,Swansea City,0-0,Championship,90,0,0
mark-sykes,27 Aug,Fulham,0-2,EFL Cup,45,0,0
mark-sykes,30 Aug,Hull City,4-2,Championship,55,0,0
mark-sykes,13 Sep,Sheffield Wednesday,3-0,Championship,60,0,0
mark-sykes,21 Sep,Oxford United,1-3,Championship,71,0,0
mark-sykes,27 Sep,Preston North End,0-0,Championship,90,0,0
mark-sykes,30 Sep,Ipswich Town,1-1,Championship,33,0,0
mark-sykes,04 Oct,Queens Park Rangers,1-2,Championship,55,0,0
mark-sykes,18 Oct,Norwich City,1-0,Championship,22,1,0
mark-sykes,21 Oct,Southampton,3-1,Championship,72,0,0
mark-sykes,25 Oct,Birmingham City,1-0,Championship,45,0,0
mark-sykes,01 Nov,Stoke City,1-5,Championship,90,1,0
mark-sykes,04 Nov,Blackburn Rovers,0-1,Championship,66,0,0
mark-sykes,22 Nov,Swansea City,3-0,Championship,32,0,0
mark-sykes,26 Nov,Wrexham,0-2,Championship,64,0,0
mark-sykes,29 Nov,Portsmouth,1-0,Championship,90,0,0
mark-sykes,06 Dec,Millwall,0-1,Championship,64,0,0
mark-sykes,10 Dec,Leicester City,2-2,Championship,90,1,0
mark-sykes,13 Dec,Coventry City,0-1,Championship,45,0,0
mark-sykes,20 Jan,Ipswich Town,0-2,Championship,59,0,0
mark-sykes,24 Jan,Sheffield Wednesday,2-0,Championship,14,0,0
mark-sykes,30 Jan,Derby County,0-5,Championship,45,0,0
mark-sykes,07 Feb,Hull City,3-2,Championship,19,0,0
mark-sykes,17 Feb,Wrexham,2-2,Championship,45,0,0
mark-sykes,21 Feb,Swansea City,0-1,Championship,25,0,0
mark-sykes,24 Feb,Blackburn Rovers,2-1,Championship,90,0,0
mark-sykes,27 Feb,Watford,1-2,Championship,76,0,0
mark-sykes,03 Mar,Port Vale,0-1,FA Cup,26,0,0
mark-sykes,07 Mar,Coventry City,0-2,Championship,62,0,0
mark-sykes,10 Mar,Leicester City,0-2,Championship,45,0,0
mark-sykes,14 Mar,Middlesbrough,1-1,Championship,90,0,0
mark-sykes,21 Mar,West Bromwich Albion,0-1,Championship,45,0,0
mark-sykes,03 Apr,Charlton Athletic,2-1,Championship,90,0,0
mark-sykes,06 Apr,Sheffield United,1-0,Championship,82,1,0
mark-sykes,11 Apr,Queens Park Rangers,0-0,Championship,76,0,0
mark-sykes,18 Apr,Norwich City,2-4,Championship,65,0,0
mark-sykes,21 Apr,Southampton,2-2,Championship,17,0,0
mark-sykes,02 May,Stoke City,2-0,Championship,16,0,0
mark-sykes,08 Aug,Queens Park Rangers,1-1,EFL Cup,13,0,0
mark-sykes,15 Aug,Bristol City,2-0,Championship,26,0,0
mark-sykes,22 Aug,Norwich City,3-0,Championship,90,0,0
mark-travers,27 Aug,Mansfield Town,2-0,EFL Cup,90,0,0
mark-travers,23 Sep,Wolverhampton Wanderers,0-2,EFL Cup,90,0,0
mark-travers,31 Mar,North Macedonia,0-0,Friendlies,29,0,0
mark-travers,05 Jun,Canada,1-1,Friendlies,90,0,0
mark-travers,18 Jul,Dundee FC,4-0,Club Friendlies,46,0,0
mark-travers,25 Jul,Bolton Wanderers,0-0,Club Friendlies,46,0,0
mark-travers,28 Jul,Stoke City,0-1,Club Friendlies,61,0,0
mark-travers,01 Aug,Hamburger SV,2-1,Club Friendlies,81,0,0
mark-travers,08 Aug,VfB Stuttgart,1-3,Club Friendlies,76,0,0
mark-travers,12 Aug,Newcastle United,3-1,Club Friendlies,90,0,0
mason-melia,29 Aug,Derry City,2-2,Premier Division,89,1,1
mason-melia,04 Sep,Moldova U21,2-1,EURO U21 Qualification Grp. D,90,2,0
mason-melia,09 Sep,Andorra U21,1-0,EURO U21 Qualification Grp. D,90,0,0
mason-melia,19 Sep,Galway United FC,1-1,Premier Division,84,0,0
mason-melia,22 Sep,Cork City,4-0,Premier Division,64,2,0
mason-melia,27 Sep,Sligo Rovers,0-1,Premier Division,90,0,0
mason-melia,10 Oct,Slovakia U21,2-2,EURO U21 Qualification Grp. D,90,0,0
mason-melia,17 Oct,Shamrock Rovers,1-0,Premier Division,89,0,0
mason-melia,20 Oct,Bohemian FC,0-0,Premier Division,77,0,0
mason-melia,24 Oct,Waterford FC,1-1,Premier Division,90,1,0
mason-melia,01 Nov,Shelbourne,0-0,Premier Division,90,0,0
mason-melia,14 Nov,England U21,0-2,EURO U21 Qualification Grp. D,90,0,0
mason-melia,04 Apr,West Ham United U21,3-2,Premier League 2,23,1,0
mason-melia,10 Apr,Wolverhampton Wanderers U21,1-0,Premier League 2,76,0,0
mason-melia,17 Apr,Blackburn Rovers U21,2-0,Premier League 2,68,0,0
mason-melia,24 Apr,Leicester City U21,1-0,Premier League 2,82,0,0
mason-melia,01 May,Chelsea U21,3-1,Premier League 2,90,1,0
mason-melia,08 May,Brighton & Hove Albion U21,1-3,Premier League 2,90,1,0
mason-melia,28 May,Qatar,1-0,Friendlies,1,0,0
mason-melia,05 Jun,Canada,1-1,Friendlies,20,0,0
mason-melia,29 Jul,Sydney FC,1-1,Club Friendlies,25,0,0
mason-melia,08 Aug,Derby County,2-1,EFL Cup,11,0,0
mason-melia,22 Aug,Portsmouth,1-3,Championship,15,0,0
matt-doherty,23 Aug,AFC Bournemouth,0-1,Premier League,90,0,0
matt-doherty,26 Aug,West Ham United,3-2,EFL Cup,18,0,0
matt-doherty,06 Sep,Hungary,2-2,World Cup Qualification UEFA 1st Round Grp. F,66,0,0
matt-doherty,23 Sep,Everton,2-0,EFL Cup,90,0,0
matt-doherty,27 Sep,Tottenham Hotspur,1-1,Premier League,45,0,0
matt-doherty,18 Oct,Sunderland,0-2,Premier League,67,0,0
matt-doherty,29 Oct,Chelsea,3-4,EFL Cup,19,0,0
matt-doherty,13 Dec,Arsenal,1-2,Premier League,69,0,0
matt-doherty,20 Dec,Brentford,0-2,Premier League,89,0,0
matt-doherty,27 Dec,Liverpool,1-2,Premier League,62,0,0
matt-doherty,30 Dec,Manchester United,1-1,Premier League,90,0,0
matt-doherty,10 Jan,Shrewsbury Town,6-1,FA Cup,90,0,0
matt-doherty,07 Feb,Chelsea,1-3,Premier League,45,0,0
matt-doherty,03 Mar,Liverpool,2-1,Premier League,59,0,0
matt-doherty,25 Apr,Tottenham Hotspur,0-1,Premier League,85,0,0
matt-doherty,09 Aug,Mansfield Town,3-0,EFL Cup,6,0,0
max-oleary,20 Dec,Middlesbrough,2-0,Championship,90,0,0
max-oleary,26 Dec,West Bromwich Albion,2-1,Championship,90,0,0
max-oleary,29 Dec,Millwall,1-2,Championship,90,0,0
max-oleary,01 Jan,Portsmouth,5-0,Championship,90,0,0
max-oleary,04 Jan,Preston North End,0-2,Championship,90,0,0
max-oleary,23 Jan,Derby County,1-1,Championship,90,0,0
max-oleary,31 Jan,Portsmouth,0-3,Championship,90,0,0
max-oleary,07 Feb,Stoke City,0-0,Championship,90,0,0
max-oleary,10 Feb,Birmingham City,0-0,Championship,90,0,0
max-oleary,14 Feb,Norwich City,1-3,FA Cup,45,0,0
max-oleary,21 Feb,Coventry City,0-2,Championship,90,0,0
max-oleary,24 Feb,Charlton Athletic,1-1,Championship,90,0,0
max-oleary,28 Feb,Oxford United,1-2,Championship,90,0,0
max-oleary,07 Mar,Sheffield United,1-1,Championship,90,0,0
max-oleary,11 Mar,Southampton,1-1,Championship,90,0,0
max-oleary,14 Mar,Hull City,3-0,Championship,66,0,0
max-oleary,06 Apr,Blackburn Rovers,0-0,Championship,90,0,0
max-oleary,10 Apr,Millwall,0-0,Championship,90,0,0
max-oleary,18 Apr,Preston North End,2-0,Championship,90,0,0
max-oleary,21 Apr,Watford,3-0,Championship,90,0,0
max-oleary,25 Apr,Ipswich Town,0-0,Championship,90,0,0
max-oleary,02 May,Sheffield Wednesday,1-2,Championship,90,0,0
max-oleary,16 May,Grenada,5-0,Friendlies,74,0,0
max-oleary,08 Aug,Rotherham United,4-1,EFL Cup,90,0,0
max-oleary,15 Aug,Norwich City,2-1,Championship,90,0,1
max-oleary,23 Aug,Burnley,3-1,Championship,90,0,0
michael-noonan,28 Aug,Santa Clara,0-0,Conference League Qualification,18,0,0
michael-noonan,31 Aug,Drogheda United,2-1,Premier Division,79,0,1
michael-noonan,26 Sep,Bohemian FC,2-1,Premier Division,27,0,0
michael-noonan,02 Oct,Sparta Prague,1-4,Conference League,29,0,0
michael-noonan,17 Oct,St. Patrick's Athletic,0-1,Premier Division,65,0,0
michael-noonan,23 Oct,NK Celje,0-2,Conference League,8,0,0
michael-noonan,26 Oct,Derry City,1-2,Premier Division,66,0,0
michael-noonan,05 Nov,Panama U17,4-1,World Cup U17 Grp. J,90,1,0
michael-noonan,08 Nov,Uzbekistan U17,2-1,World Cup U17 Grp. J,90,1,0
michael-noonan,11 Nov,Paraguay U17,0-0,World Cup U17 Grp. J,90,0,0
michael-noonan,14 Nov,Canada U17,1-1,World Cup U17,90,1,0
michael-noonan,18 Nov,Switzerland U17,1-3,World Cup U17,90,0,0
michael-noonan,27 Nov,Shakhtar Donetsk,1-2,Conference League,22,0,0
michael-noonan,11 Dec,Breidablik,1-3,Conference League,21,0,0
michael-noonan,20 Feb,St. Patrick's Athletic,2-0,Premier Division,23,1,0
michael-noonan,23 Feb,Dundalk,1-1,Premier Division,75,0,0
michael-noonan,27 Feb,Bohemian FC,2-3,Premier Division,79,0,0
michael-noonan,06 Mar,Derry City,1-0,Premier Division,71,0,0
michael-noonan,09 Mar,Shelbourne,2-2,Premier Division,22,0,0
michael-noonan,13 Mar,Sligo Rovers,2-0,Premier Division,28,0,0
michael-noonan,16 Mar,Drogheda United,0-0,Premier Division,14,0,0
michael-noonan,20 Mar,Galway United FC,2-0,Premier Division,26,0,0
michael-noonan,26 Mar,Moldova U21,1-1,EURO U21 Qualification Grp. D,90,0,0
michael-noonan,03 Apr,Waterford FC,1-1,Premier Division,29,0,0
michael-noonan,06 Apr,Shelbourne,3-2,Premier Division,90,1,0
michael-noonan,10 Apr,St. Patrick's Athletic,1-0,Premier Division,82,0,0
michael-noonan,17 Apr,Bohemian FC,2-1,Premier Division,73,0,0
michael-noonan,24 Apr,Derry City,0-1,Premier Division,75,0,0
michael-noonan,01 May,Waterford FC,1-0,Premier Division,90,0,0
michael-noonan,08 May,Galway United FC,3-1,Premier Division,76,1,0
michael-noonan,15 May,Dundalk,0-1,Premier Division,45,0,0
michael-noonan,22 May,Sligo Rovers,1-2,Premier Division,65,0,0
michael-noonan,29 May,St. Patrick's Athletic,1-0,Premier Division,16,0,0
michael-noonan,12 Jun,Shelbourne,1-2,Premier Division,16,0,0
michael-noonan,19 Jun,Waterford FC,2-0,Premier Division,20,1,0
michael-noonan,22 Jun,Derry City,1-1,Premier Division,70,0,0
michael-noonan,26 Jun,Galway United FC,3-1,Premier Division,22,1,0
michael-noonan,03 Jul,Sligo Rovers,2-1,Premier Division,45,0,0
michael-noonan,07 Jul,Floriana,0-2,Champions League Qualification,71,0,0
michael-noonan,14 Jul,Floriana,5-1,Champions League Qualification,13,0,0
michael-noonan,28 Jul,Ararat Armenia,2-1,Champions League Qualification,2,0,0
michael-noonan,31 Jul,Drogheda United,0-0,Premier Division,83,0,0
michael-noonan,07 Aug,Dundalk,3-2,Premier Division,90,1,0
michael-noonan,20 Aug,KuPS,1-1,Conference League Qualification,22,0,0
millenic-alli,23 Aug,Cardiff City,0-1,League One,90,0,0
millenic-alli,30 Aug,Burton Albion,3-0,League One,89,1,0
millenic-alli,02 Sep,Barnet,4-1,EFL Trophy Southern Grp. H,27,0,0
millenic-alli,13 Sep,Plymouth Argyle,2-3,League One,90,0,0
millenic-alli,20 Sep,Lincoln City,1-3,League One,90,0,1
millenic-alli,27 Sep,Doncaster Rovers,1-0,League One,75,0,0
millenic-alli,30 Sep,Blackpool,2-2,League One,57,0,0
millenic-alli,04 Oct,Stevenage,0-2,League One,22,0,0
millenic-alli,07 Oct,Cambridge United,1-3,EFL Trophy Southern Grp. H,90,0,0
millenic-alli,18 Oct,Mansfield Town,0-2,League One,90,0,0
millenic-alli,28 Oct,Brighton & Hove Albion U21,3-1,EFL Trophy Southern Grp. H,45,0,0
millenic-alli,15 Nov,Rotherham United,0-0,League One,12,0,0
millenic-alli,22 Nov,Barnsley,0-5,League One,45,0,0
millenic-alli,29 Nov,Bolton Wanderers,1-1,League One,8,0,1
millenic-alli,02 Dec,Exeter City,4-0,EFL Trophy,90,0,1
millenic-alli,06 Dec,Fleetwood Town,2-2,FA Cup,63,0,0
millenic-alli,13 Dec,Port Vale,2-2,League One,45,0,0
millenic-alli,17 Jan,Sheffield Wednesday,1-0,Championship,73,0,0
millenic-alli,21 Jan,Watford,1-1,Championship,89,0,0
millenic-alli,25 Jan,Southampton,1-1,Championship,90,0,0
millenic-alli,31 Jan,West Bromwich Albion,3-0,Championship,84,1,1
millenic-alli,07 Feb,Preston North End,0-1,Championship,90,0,0
millenic-alli,14 Feb,Sheffield United,0-1,Championship,90,0,0
millenic-alli,17 Feb,Charlton Athletic,3-1,Championship,90,0,0
millenic-alli,21 Feb,Millwall,3-1,Championship,89,0,0
millenic-alli,24 Feb,Wrexham,1-2,Championship,90,0,0
millenic-alli,28 Feb,Hull City,0-1,Championship,90,0,0
millenic-alli,07 Mar,Blackburn Rovers,1-1,Championship,90,0,0
millenic-alli,10 Mar,Swansea City,1-2,Championship,45,0,0
millenic-alli,16 Mar,Derby County,0-1,Championship,77,0,0
millenic-alli,21 Mar,Queens Park Rangers,1-6,Championship,75,0,0
millenic-alli,03 Apr,Norwich City,1-1,Championship,65,0,0
millenic-alli,06 Apr,Oxford United,2-2,Championship,9,0,1
millenic-alli,11 Apr,Middlesbrough,1-0,Championship,15,0,0
millenic-alli,14 Apr,Ipswich Town,2-0,Championship,89,0,0
millenic-alli,18 Apr,Leicester City,1-0,Championship,90,0,0
millenic-alli,21 Apr,Coventry City,1-5,Championship,62,0,0
millenic-alli,02 May,Birmingham City,1-1,Championship,71,0,0
millenic-alli,16 May,Grenada,5-0,Friendlies,27,0,1
millenic-alli,08 Aug,Cheltenham Town,3-1,EFL Cup,12,0,0
millenic-alli,15 Aug,Derby County,2-1,Championship,31,0,0
naj-razi,03 Apr,Waterford FC,1-1,Premier Division,14,0,0
naj-razi,06 Apr,Shelbourne,3-2,Premier Division,10,0,0
naj-razi,10 Apr,St. Patrick's Athletic,1-0,Premier Division,9,0,0
naj-razi,17 Apr,Bohemian FC,2-1,Premier Division,16,0,0
naj-razi,04 May,Drogheda United,4-1,Premier Division,18,0,0
naj-razi,12 Jun,Shelbourne,1-2,Premier Division,7,0,0
naj-razi,22 Jun,Derry City,1-1,Premier Division,20,0,0
naj-razi,14 Jul,Floriana,5-1,Champions League Qualification,13,0,0
naj-razi,21 Jul,Ararat Armenia,0-2,Champions League Qualification,1,0,0
naj-razi,28 Jul,Ararat Armenia,2-1,Champions League Qualification,5,0,0
naj-razi,31 Jul,Drogheda United,0-0,Premier Division,90,0,0
naj-razi,04 Aug,Egnatia,3-1,Europa League Qualification,21,0,0
nathan-collins,23 Aug,Aston Villa,1-0,Premier League,90,0,0
nathan-collins,26 Aug,AFC Bournemouth,2-0,EFL Cup,31,0,0
nathan-collins,30 Aug,Sunderland,1-2,Premier League,90,0,0
nathan-collins,06 Sep,Hungary,2-2,World Cup Qualification UEFA 1st Round Grp. F,90,0,1
nathan-collins,09 Sep,Armenia,1-2,World Cup Qualification UEFA 1st Round Grp. F,90,0,0
nathan-collins,13 Sep,Chelsea,2-2,Premier League,90,0,0
nathan-collins,16 Sep,Aston Villa,1-1,EFL Cup,38,0,0
nathan-collins,20 Sep,Fulham,1-3,Premier League,90,0,0
nathan-collins,27 Sep,Manchester United,3-1,Premier League,90,0,0
nathan-collins,05 Oct,Manchester City,0-1,Premier League,90,0,0
nathan-collins,11 Oct,Portugal,0-1,World Cup Qualification UEFA 1st Round Grp. F,90,0,0
nathan-collins,14 Oct,Armenia,1-0,World Cup Qualification UEFA 1st Round Grp. F,90,0,0
nathan-collins,20 Oct,West Ham United,2-0,Premier League,90,0,0
nathan-collins,25 Oct,Liverpool,3-2,Premier League,90,0,0
nathan-collins,28 Oct,Grimsby Town,5-0,EFL Cup,30,1,0
nathan-collins,01 Nov,Crystal Palace,0-2,Premier League,90,0,0
nathan-collins,09 Nov,Newcastle United,3-1,Premier League,90,0,0
nathan-collins,13 Nov,Portugal,2-0,World Cup Qualification UEFA 1st Round Grp. F,90,0,0
nathan-collins,16 Nov,Hungary,3-2,World Cup Qualification UEFA 1st Round Grp. F,90,0,0
nathan-collins,22 Nov,Brighton & Hove Albion,1-2,Premier League,90,0,0
nathan-collins,29 Nov,Burnley,3-1,Premier League,90,0,0
nathan-collins,03 Dec,Arsenal,0-2,Premier League,16,0,0
nathan-collins,06 Dec,Tottenham Hotspur,0-2,Premier League,90,0,0
nathan-collins,14 Dec,Leeds United,1-1,Premier League,90,0,0
nathan-collins,17 Dec,Manchester City,0-2,EFL Cup,90,0,0
nathan-collins,20 Dec,Wolverhampton Wanderers,2-0,Premier League,90,0,0
nathan-collins,27 Dec,AFC Bournemouth,4-1,Premier League,90,0,0
nathan-collins,01 Jan,Tottenham Hotspur,0-0,Premier League,90,0,0
nathan-collins,04 Jan,Everton,4-2,Premier League,90,1,1
nathan-collins,07 Jan,Sunderland,3-0,Premier League,90,0,1
nathan-collins,17 Jan,Chelsea,0-2,Premier League,90,0,0
nathan-collins,25 Jan,Nottingham Forest,0-2,Premier League,90,0,0
nathan-collins,01 Feb,Aston Villa,1-0,Premier League,30,0,0
nathan-collins,16 Feb,Macclesfield FC,1-0,FA Cup,90,0,0
nathan-collins,21 Feb,Brighton & Hove Albion,0-2,Premier League,46,0,0
nathan-collins,03 Mar,AFC Bournemouth,0-0,Premier League,90,0,0
nathan-collins,09 Mar,West Ham United,2-2,FA Cup,120,0,1
nathan-collins,16 Mar,Wolverhampton Wanderers,2-2,Premier League,90,0,0
nathan-collins,21 Mar,Leeds United,0-0,Premier League,90,0,0
nathan-collins,26 Mar,Czechia,2-2,World Cup Qualification UEFA 2nd Round,120,0,0
nathan-collins,31 Mar,North Macedonia,0-0,Friendlies,90,0,0
nathan-collins,11 Apr,Everton,2-2,Premier League,90,0,0
nathan-collins,18 Apr,Fulham,0-0,Premier League,90,0,0
nathan-collins,27 Apr,Manchester United,1-2,Premier League,90,0,0
nathan-collins,02 May,West Ham United,3-0,Premier League,90,0,0
nathan-collins,09 May,Manchester City,0-3,Premier League,90,0,0
nathan-collins,17 May,Crystal Palace,2-2,Premier League,90,0,0
nathan-collins,24 May,Liverpool,1-1,Premier League,90,0,0
nathan-collins,28 May,Qatar,1-0,Friendlies,90,1,0
nathan-collins,05 Jun,Canada,1-1,Friendlies,90,0,0
nathan-collins,08 Aug,Rennes,4-2,Club Friendlies,90,0,0
nathan-collins,15 Aug,Eintracht Frankfurt,7-0,Club Friendlies,90,0,1
nathan-collins,22 Aug,Tottenham Hotspur,3-0,Premier League,90,0,0
niall-morahan,30 Aug,Sligo Rovers,0-0,Premier Division,90,0,0
niall-morahan,12 Sep,Derry City,3-4,Premier Division,90,0,0
niall-morahan,19 Sep,Waterford FC,2-1,Premier Division,90,0,0
niall-morahan,26 Sep,Shamrock Rovers,1-2,Premier Division,90,0,0
niall-morahan,17 Oct,Galway United FC,0-2,Premier Division,78,0,0
niall-morahan,20 Oct,St. Patrick's Athletic,0-0,Premier Division,90,0,0
niall-morahan,26 Oct,Shelbourne,2-3,Premier Division,90,0,0
niall-morahan,01 Nov,Drogheda United,4-1,Premier Division,57,0,0
niall-morahan,08 Feb,St. Patrick's Athletic,0-0,Premier Division,12,0,0
niall-morahan,14 Feb,Sligo Rovers,4-0,Premier Division,15,0,0
niall-morahan,20 Feb,Derry City,1-0,Premier Division,8,0,0
niall-morahan,27 Feb,Shamrock Rovers,3-2,Premier Division,90,0,0
niall-morahan,06 Mar,Waterford FC,1-0,Premier Division,1,0,0
niall-morahan,13 Mar,Galway United FC,1-0,Premier Division,60,0,0
niall-morahan,01 May,Derry City,1-1,Premier Division,76,0,0
niall-morahan,04 May,Shelbourne,2-2,Premier Division,79,0,0
niall-morahan,08 May,Dundalk,3-1,Premier Division,45,0,0
niall-morahan,15 May,Drogheda United,2-1,Premier Division,1,0,0
niall-morahan,22 May,Galway United FC,4-2,Premier Division,20,0,0
niall-morahan,29 May,Sligo Rovers,3-1,Premier Division,13,0,0
niall-morahan,19 Jun,Dundalk,1-2,Premier Division,28,0,0
niall-morahan,26 Jun,St. Patrick's Athletic,2-0,Premier Division,7,0,0
niall-morahan,16 Jul,St Joseph's,0-0,Conference League Qualification,90,0,0
niall-morahan,22 Jul,Ballkani,2-1,Conference League Qualification,1,0,0
niall-morahan,02 Aug,Galway United FC,1-1,Premier Division,66,0,0
niall-morahan,09 Aug,Waterford FC,1-3,Premier Division,45,0,0
niall-morahan,13 Aug,FC Midtjylland,2-3,Conference League Qualification,32,0,1
niall-morahan,21 Aug,Derry City,5-3,Premier Division,1,0,0
noah-jauny,04 Sep,Moldova U21,2-1,EURO U21 Qualification Grp. D,90,0,0
noah-jauny,09 Sep,Andorra U21,1-0,EURO U21 Qualification Grp. D,90,0,0
noah-jauny,10 Oct,Slovakia U21,2-2,EURO U21 Qualification Grp. D,90,0,0
noah-jauny,14 Nov,England U21,0-2,EURO U21 Qualification Grp. D,90,0,0
noah-jauny,18 Nov,Andorra U21,0-4,EURO U21 Qualification Grp. D,90,0,0
noah-jauny,31 Mar,Kazakhstan U21,1-0,EURO U21 Qualification Grp. D,90,0,0
oisin-gallagher,11 Nov,Barnsley,2-0,EFL Trophy Northern Grp. D,64,0,0
oisin-gallagher,15 Nov,Woking,1-1,National League,90,0,0
oisin-gallagher,22 Nov,Carlisle United,1-2,National League,90,0,0
oisin-gallagher,29 Nov,Yeovil Town,1-2,National League,90,0,0
oisin-gallagher,06 Dec,Morecambe,3-0,National League,90,0,0
oisin-gallagher,20 Dec,Aldershot Town,0-2,National League,90,0,0
oisin-gallagher,26 Dec,York City,2-2,National League,90,0,0
oisin-gallagher,30 Dec,Brackley Town,1-2,National League,90,1,0
oisin-gallagher,03 Jan,Eastleigh,1-2,National League,90,0,0
oisin-gallagher,10 Jan,Braintree Town,0-0,National League,90,0,0
oisin-gallagher,17 Jan,FC Halifax Town,1-2,National League,90,0,0
oisin-gallagher,24 Jan,Southend United,3-3,National League,90,0,0
oisin-gallagher,27 Jan,West Ham United U21,1-2,National League Cup,90,0,0
oisin-gallagher,31 Jan,Boreham Wood,2-1,National League,90,0,0
oisin-gallagher,07 Feb,Sutton United,1-0,National League,90,0,0
oisin-gallagher,10 Feb,Gateshead FC,1-0,National League,90,0,0
oisin-gallagher,14 Feb,Scunthorpe United,6-3,National League,90,0,0
oisin-gallagher,21 Feb,Tamworth,0-0,National League,81,0,0
oisin-gallagher,24 Feb,Forest Green Rovers,3-2,National League,90,0,1
oisin-gallagher,03 Mar,Woking,2-2,National League,90,0,0
oisin-gallagher,07 Mar,Rochdale,0-1,National League,88,0,0
oisin-gallagher,14 Mar,Yeovil Town,2-1,National League,90,0,0
oisin-gallagher,21 Mar,Carlisle United,2-6,National League,90,0,0
oisin-gallagher,24 Mar,Altrincham,2-2,National League,85,0,0
oisin-gallagher,31 Mar,Kazakhstan U21,1-0,EURO U21 Qualification Grp. D,90,1,0
oisin-gallagher,06 Apr,Brackley Town,1-1,National League,90,0,0
oisin-gallagher,11 Apr,Truro City,1-0,National League,66,0,0
oisin-gallagher,14 Apr,Wealdstone,1-1,National League,74,0,0
oisin-gallagher,18 Apr,Solihull Moors,3-0,National League,90,0,0
oisin-gallagher,25 Apr,Hartlepool United,3-1,National League,90,0,0
oisin-gallagher,08 Aug,Cambridge United,1-2,EFL Cup,90,0,0
oisin-gallagher,15 Aug,Salford City,3-1,League Two,83,1,0
oisin-gallagher,18 Aug,Arsenal U21,5-1,EFL Trophy Southern Grp. F,45,0,0
oisin-gallagher,22 Aug,Shrewsbury Town,3-1,League Two,90,0,0
rocco-vata,23 Aug,Swansea City,1-1,Championship,3,0,0
rocco-vata,30 Aug,Southampton,2-2,Championship,33,0,1
rocco-vata,04 Sep,Moldova U21,2-1,EURO U21 Qualification Grp. D,90,0,0
rocco-vata,09 Sep,Andorra U21,1-0,EURO U21 Qualification Grp. D,90,0,0
rocco-vata,13 Sep,Blackburn Rovers,0-1,Championship,55,0,0
rocco-vata,22 Sep,Millwall,0-1,Championship,2,0,0
rocco-vata,01 Oct,Portsmouth,2-2,Championship,55,1,1
rocco-vata,04 Oct,Oxford United,2-1,Championship,70,0,0
rocco-vata,10 Oct,Slovakia U21,2-2,EURO U21 Qualification Grp. D,90,0,0
rocco-vata,18 Oct,Sheffield United,0-1,Championship,17,0,0
rocco-vata,22 Oct,West Bromwich Albion,2-1,Championship,73,1,0
rocco-vata,25 Oct,Coventry City,1-3,Championship,85,0,0
rocco-vata,01 Nov,Middlesbrough,3-0,Championship,62,0,0
rocco-vata,21 Jan,Portsmouth,1-1,Championship,26,0,0
rocco-vata,24 Jan,Blackburn Rovers,1-1,Championship,42,0,0
rocco-vata,08 Aug,Crawley Town,1-0,EFL Cup,13,0,0
rocco-vata,16 Aug,Southampton,2-1,Championship,13,0,0
rocco-vata,22 Aug,Wrexham,1-1,Championship,23,0,0
ronan-maher,02 Sep,Shrewsbury Town,3-1,EFL Trophy Southern Grp. C,90,0,0
ronan-maher,04 Oct,Morecambe,1-1,National League,30,0,0
ronan-maher,07 Oct,Northampton Town,0-1,EFL Trophy Southern Grp. C,24,0,0
ronan-maher,11 Oct,Hyde United,1-0,FA Cup Qualification,90,0,0
ronan-maher,21 Oct,Burnley U21,4-0,National League Cup Group A,31,0,0
ronan-maher,25 Oct,Boston United,1-3,National League,25,0,0
ronan-maher,03 Nov,Leyton Orient,0-1,FA Cup,15,0,0
ronan-maher,08 Nov,Woking,0-1,National League,58,0,0
ronan-maher,11 Nov,Forest Green Rovers,2-4,National League,66,0,0
ronan-maher,15 Nov,Boreham Wood,2-1,National League,67,0,0
ronan-maher,22 Nov,Rochdale,1-2,National League,90,0,0
ronan-maher,25 Nov,Blackburn Rovers U21,3-0,National League Cup Group A,62,0,0
ronan-maher,29 Nov,Carlisle United,1-2,National League,90,0,1
ronan-maher,02 Dec,Stevenage,2-1,EFL Trophy,16,0,0
ronan-maher,06 Dec,Scunthorpe United,1-3,National League,90,0,0
ronan-maher,20 Dec,Southend United,2-1,National League,89,1,0
ronan-maher,26 Dec,Solihull Moors,1-7,National League,90,1,0
ronan-maher,30 Dec,FC Halifax Town,0-2,National League,90,0,0
ronan-maher,24 Jan,Sutton United,0-1,National League,23,0,0
ronan-maher,27 Jan,FC Halifax Town,1-0,National League Cup,90,1,0
ronan-maher,07 Feb,Hartlepool United,1-1,National League,76,0,1
ronan-maher,17 Feb,West Ham United U21,1-3,National League Cup,90,1,0
ronan-maher,21 Feb,Boston United,0-0,National League,86,0,0
ronan-maher,24 Feb,Altrincham,5-1,National League,46,0,0
ronan-maher,18 Apr,Eastleigh,1-1,National League,30,0,0
ronan-maher,25 Apr,Braintree Town,5-1,National League,26,0,0
rory-finneran,18 Sep,Barcelona U19,2-3,UEFA Youth League,69,0,0
rory-finneran,22 Sep,Norwich City U21,2-3,Premier League 2,79,1,0
rory-finneran,26 Sep,Reading U21,1-1,Premier League 2,81,0,0
rory-finneran,01 Oct,Union St.Gilloise U19,0-2,UEFA Youth League,90,0,0
rory-finneran,05 Oct,Tottenham Hotspur U21,1-4,Premier League 2,61,0,0
rory-finneran,21 Oct,Benfica U19,1-5,UEFA Youth League,29,0,1
rory-finneran,05 Nov,Panama U17,4-1,World Cup U17 Grp. J,90,0,0
rory-finneran,08 Nov,Uzbekistan U17,2-1,World Cup U17 Grp. J,90,0,0
rory-finneran,11 Nov,Paraguay U17,0-0,World Cup U17 Grp. J,90,0,0
rory-finneran,14 Nov,Canada U17,1-1,World Cup U17,90,0,0
rory-finneran,18 Nov,Switzerland U17,1-3,World Cup U17,90,0,0
rory-finneran,25 Nov,Marseille U19,0-2,UEFA Youth League,74,0,0
rory-finneran,02 Dec,Scunthorpe United,0-2,National League Cup Group D,85,0,0
rory-finneran,10 Dec,Bayer Leverkusen U19,1-2,UEFA Youth League,90,0,0
rory-finneran,09 Jan,Middlesbrough U21,0-1,Premier League 2,90,0,0
rory-finneran,16 Jan,Sunderland U21,1-1,Premier League 2,8,0,0
rory-finneran,06 Feb,Aston Villa U21,4-3,Premier League 2,1,0,0
rory-finneran,13 Feb,Arsenal U21,0-1,Premier League 2,90,0,0
rory-finneran,20 Feb,Fulham U21,3-0,Premier League 2,90,0,0
rory-finneran,27 Feb,Brighton & Hove Albion U21,2-2,Premier League 2,90,0,0
rory-finneran,09 Mar,Leicester City U21,2-2,Premier League 2,90,0,0
rory-finneran,13 Mar,Blackburn Rovers U21,2-0,Premier League 2,90,0,0
rory-finneran,20 Mar,Nottingham Forest U21,0-3,Premier League 2,90,0,0
rory-finneran,10 Apr,Manchester United U21,3-1,Premier League 2,90,0,0
rory-finneran,13 Apr,Wolverhampton Wanderers U21,1-1,Premier League 2,90,0,1
rory-finneran,16 May,Grenada,5-0,Friendlies,16,0,0
rory-finneran,15 Aug,Bayer Leverkusen,1-2,Club Friendlies,45,0,0
rory-finneran,16 Aug,Strasbourg,1-1,Club Friendlies,3,0,0
ryan-manning,23 Aug,Stoke City,1-2,Championship,69,0,0
ryan-manning,26 Aug,Norwich City,3-0,EFL Cup,63,0,1
ryan-manning,30 Aug,Watford,2-2,Championship,90,1,0
ryan-manning,06 Sep,Hungary,2-2,World Cup Qualification UEFA 1st Round Grp. F,90,0,1
ryan-manning,09 Sep,Armenia,1-2,World Cup Qualification UEFA 1st Round Grp. F,81,0,0
ryan-manning,14 Sep,Portsmouth,0-0,Championship,90,0,0
ryan-manning,20 Sep,Hull City,1-3,Championship,83,0,0
ryan-manning,23 Sep,Liverpool,1-2,EFL Cup,90,0,0
ryan-manning,27 Sep,Middlesbrough,1-1,Championship,86,0,0
ryan-manning,30 Sep,Sheffield United,2-1,Championship,75,0,0
ryan-manning,04 Oct,Derby County,1-1,Championship,90,0,0
ryan-manning,11 Oct,Portugal,0-1,World Cup Qualification UEFA 1st Round Grp. F,90,0,0
ryan-manning,14 Oct,Armenia,1-0,World Cup Qualification UEFA 1st Round Grp. F,90,0,0
ryan-manning,21 Oct,Bristol City,1-3,Championship,25,0,0
ryan-manning,25 Oct,Blackburn Rovers,1-2,Championship,81,0,0
ryan-manning,01 Nov,Preston North End,0-2,Championship,90,0,0
ryan-manning,05 Nov,Queens Park Rangers,2-1,Championship,90,0,0
ryan-manning,08 Nov,Sheffield Wednesday,3-1,Championship,90,0,0
ryan-manning,16 Nov,Hungary,3-2,World Cup Qualification UEFA 1st Round Grp. F,45,0,0
ryan-manning,22 Nov,Charlton Athletic,5-1,Championship,90,1,0
ryan-manning,25 Nov,Leicester City,3-0,Championship,67,0,2
ryan-manning,29 Nov,Millwall,2-3,Championship,90,0,0
ryan-manning,06 Dec,Birmingham City,3-1,Championship,90,0,0
ryan-manning,09 Dec,West Bromwich Albion,3-2,Championship,90,0,0
ryan-manning,13 Dec,Norwich City,1-2,Championship,90,1,0
ryan-manning,20 Dec,Coventry City,1-1,Championship,90,0,0
ryan-manning,26 Dec,Oxford United,1-2,Championship,90,0,0
ryan-manning,29 Dec,Birmingham City,1-1,Championship,90,0,0
ryan-manning,01 Jan,Millwall,0-0,Championship,90,0,0
ryan-manning,04 Jan,Middlesbrough,0-4,Championship,74,0,0
ryan-manning,17 Jan,Hull City,1-2,Championship,89,0,0
ryan-manning,21 Jan,Sheffield United,1-0,Championship,12,0,0
ryan-manning,31 Jan,Stoke City,2-0,Championship,1,0,0
ryan-manning,10 Feb,Leicester City,4-3,Championship,17,1,0
ryan-manning,14 Feb,Leicester City,2-1,FA Cup,120,0,0
ryan-manning,21 Feb,Charlton Athletic,1-1,Championship,90,0,0
ryan-manning,24 Feb,Queens Park Rangers,5-0,Championship,90,0,1
ryan-manning,28 Feb,Sheffield Wednesday,3-1,Championship,90,1,0
ryan-manning,08 Mar,Fulham,1-0,FA Cup,90,0,0
ryan-manning,11 Mar,West Bromwich Albion,1-1,Championship,90,0,0
ryan-manning,14 Mar,Coventry City,2-1,Championship,90,0,0
ryan-manning,18 Mar,Norwich City,1-0,Championship,90,0,0
ryan-manning,21 Mar,Oxford United,2-0,Championship,89,0,0
ryan-manning,26 Mar,Czechia,2-2,World Cup Qualification UEFA 2nd Round,68,0,0
ryan-manning,04 Apr,Arsenal,2-1,FA Cup,89,0,0
ryan-manning,07 Apr,Wrexham,5-1,Championship,65,0,0
ryan-manning,11 Apr,Derby County,2-1,Championship,90,0,1
ryan-manning,14 Apr,Blackburn Rovers,3-0,Championship,71,1,0
ryan-manning,18 Apr,Swansea City,2-1,Championship,90,0,0
ryan-manning,21 Apr,Bristol City,2-2,Championship,90,0,1
ryan-manning,28 Apr,Ipswich Town,2-2,Championship,90,1,1
ryan-manning,02 May,Preston North End,3-1,Championship,13,0,0
ryan-manning,09 May,Middlesbrough,0-0,Championship Playoff,90,0,0
ryan-manning,12 May,Middlesbrough,2-1,Championship Playoff,120,0,0
ryan-manning,08 Aug,Colchester United,2-0,EFL Cup,90,0,1
ryan-manning,16 Aug,Watford,1-2,Championship,90,0,0
ryan-manning,22 Aug,Stoke City,3-1,Championship,90,1,0
ryan-sheridan,03 Jul,Galway United FC,3-0,Premier Division,12,0,0
ryan-sheridan,02 Aug,Derry City,1-1,Premier Division,8,0,0
ryan-sheridan,09 Aug,Shelbourne,2-1,Premier Division,24,0,0
ryan-sheridan,21 Aug,Drogheda United,2-0,Premier Division,2,0,1
sam-curtis,04 Jan,Milton Keynes Dons,2-2,League Two,76,1,0
sam-curtis,17 Jan,Bromley,0-0,League Two,82,0,0
sam-curtis,24 Jan,Newport County,1-2,League Two,90,0,0
sam-curtis,27 Jan,Salford City,1-0,League Two,90,0,0
sam-curtis,31 Jan,Walsall,2-2,League Two,90,0,0
sam-curtis,07 Feb,Bristol Rovers,3-2,League Two,90,0,1
sam-curtis,14 Feb,Harrogate Town,1-1,League Two,90,0,0
sam-curtis,17 Feb,Gillingham,1-0,League Two,90,1,0
sam-curtis,21 Feb,Crawley Town,1-1,League Two,90,0,0
sam-curtis,28 Feb,Barnet,0-1,League Two,63,0,0
sam-curtis,03 Mar,Colchester United,3-0,League Two,90,0,0
sam-curtis,07 Mar,Shrewsbury Town,2-3,League Two,90,0,0
sam-curtis,14 Mar,Notts County,3-2,League Two,45,0,0
sam-curtis,17 Mar,Oldham Athletic,0-3,League Two,45,0,0
sam-curtis,21 Mar,Accrington Stanley,1-0,League Two,90,0,0
sam-curtis,26 Mar,Moldova U21,1-1,EURO U21 Qualification Grp. D,90,0,0
sam-curtis,31 Mar,Kazakhstan U21,1-0,EURO U21 Qualification Grp. D,90,0,0
sam-curtis,03 Apr,Cheltenham Town,1-0,League Two,2,0,0
sam-curtis,06 Apr,Barrow,1-0,League Two,73,0,0
sam-curtis,11 Apr,Tranmere Rovers,1-1,League Two,90,0,0
sam-curtis,14 Apr,Grimsby Town,2-1,League Two,90,0,0
sam-curtis,18 Apr,Fleetwood Town,1-1,League Two,90,0,0
sam-curtis,25 Apr,Crewe Alexandra,2-0,League Two,90,0,0
sam-curtis,02 May,Swindon Town,2-1,League Two,90,0,0
sam-curtis,10 May,Notts County,0-1,League Two Playoff,45,0,0
sam-curtis,15 May,Notts County,0-0,League Two Playoff,27,0,0
sammie-szmodics,23 Aug,Preston North End,0-1,Championship,77,0,0
sammie-szmodics,30 Aug,Derby County,2-2,Championship,22,0,0
sammie-szmodics,06 Sep,Hungary,2-2,World Cup Qualification UEFA 1st Round Grp. F,78,0,0
sammie-szmodics,12 Sep,Sheffield United,5-0,Championship,27,0,0
sammie-szmodics,20 Sep,Blackburn Rovers,0-1,Championship,25,0,0
sammie-szmodics,27 Sep,Portsmouth,2-1,Championship,90,0,0
sammie-szmodics,30 Sep,Bristol City,1-1,Championship,11,0,0
sammie-szmodics,05 Oct,Norwich City,3-1,Championship,86,0,0
sammie-szmodics,17 Oct,Middlesbrough,1-2,Championship,67,0,0
sammie-szmodics,25 Oct,West Bromwich Albion,1-0,Championship,21,0,0
sammie-szmodics,06 Dec,Coventry City,3-0,Championship,1,0,0
sammie-szmodics,10 Dec,Stoke City,1-0,Championship,6,0,0
sammie-szmodics,13 Dec,Leicester City,1-3,Championship,26,0,0
sammie-szmodics,10 Jan,Blackpool,2-1,FA Cup,17,0,0
sammie-szmodics,17 Jan,Blackburn Rovers,3-0,Championship,11,1,0
sammie-szmodics,20 Jan,Bristol City,2-0,Championship,17,0,0
sammie-szmodics,24 Jan,Sheffield United,1-3,Championship,57,0,0
sammie-szmodics,14 Feb,Swansea City,2-0,Championship,88,0,0
sammie-szmodics,21 Feb,Watford,0-2,Championship,90,0,0
sammie-szmodics,24 Feb,Hull City,2-4,Championship,90,1,0
sammie-szmodics,28 Feb,Blackburn Rovers,3-1,Championship,80,0,0
sammie-szmodics,07 Mar,Sheffield Wednesday,2-1,Championship,74,0,0
sammie-szmodics,10 Mar,Millwall,0-1,Championship,90,0,0
sammie-szmodics,16 Mar,Portsmouth,1-0,Championship,72,1,0
sammie-szmodics,21 Mar,Birmingham City,1-0,Championship,83,0,0
sammie-szmodics,26 Mar,Czechia,2-2,World Cup Qualification UEFA 2nd Round,4,0,0
sammie-szmodics,11 Apr,Southampton,1-2,Championship,90,0,0
sammie-szmodics,18 Apr,Oxford United,1-0,Championship,89,0,1
sammie-szmodics,21 Apr,Norwich City,1-2,Championship,90,0,0
sammie-szmodics,25 Apr,Queens Park Rangers,3-2,Championship,89,0,0
sammie-szmodics,02 May,Sheffield United,1-2,Championship,90,1,0
sammie-szmodics,08 Aug,Lincoln City,1-2,EFL Cup,80,1,0
sammie-szmodics,15 Aug,Charlton Athletic,1-2,Championship,54,1,0
seamus-coleman,27 Aug,Mansfield Town,2-0,EFL Cup,90,0,0
seamus-coleman,30 Aug,Wolverhampton Wanderers,3-2,Premier League,1,0,0
seamus-coleman,23 Sep,Wolverhampton Wanderers,0-2,EFL Cup,78,0,0
seamus-coleman,05 Oct,Crystal Palace,2-1,Premier League,1,0,0
seamus-coleman,11 Oct,Portugal,0-1,World Cup Qualification UEFA 1st Round Grp. F,86,0,0
seamus-coleman,14 Oct,Armenia,1-0,World Cup Qualification UEFA 1st Round Grp. F,65,0,0
seamus-coleman,13 Nov,Portugal,2-0,World Cup Qualification UEFA 1st Round Grp. F,90,0,0
seamus-coleman,16 Nov,Hungary,3-2,World Cup Qualification UEFA 1st Round Grp. F,60,0,0
seamus-coleman,24 Nov,Manchester United,1-0,Premier League,10,0,0
seamus-coleman,26 Mar,Czechia,2-2,World Cup Qualification UEFA 2nd Round,96,0,0
seamus-coleman,31 Mar,North Macedonia,0-0,Friendlies,61,0,0
seamus-coleman,17 May,Sunderland,1-3,Premier League,2,0,0
seamus-coleman,24 May,Tottenham Hotspur,0-1,Premier League,6,0,0
seamus-coleman,28 May,Qatar,1-0,Friendlies,90,0,0
seamus-coleman,05 Jun,Canada,1-1,Friendlies,70,0,0
sean-grehan,26 Aug,Accrington Stanley,2-0,EFL Cup,90,0,0
sean-grehan,04 Sep,Moldova U21,2-1,EURO U21 Qualification Grp. D,90,0,0
sean-grehan,09 Sep,Andorra U21,1-0,EURO U21 Qualification Grp. D,90,0,0
sean-grehan,13 Sep,Wigan Athletic,0-3,League One,31,0,0
sean-grehan,24 Sep,Tottenham Hotspur,0-3,EFL Cup,90,0,0
sean-grehan,27 Sep,Luton Town,0-1,League One,70,0,0
sean-grehan,04 Oct,Burton Albion,1-1,League One,90,0,0
sean-grehan,10 Oct,Slovakia U21,2-2,EURO U21 Qualification Grp. D,90,0,0
sean-grehan,18 Oct,Northampton Town,1-2,League One,90,0,0
sean-grehan,25 Oct,Reading,1-1,League One,90,0,0
sean-grehan,01 Nov,Crewe Alexandra,2-1,FA Cup,90,0,0
sean-grehan,08 Nov,Barnsley,1-2,League One,45,0,0
sean-grehan,14 Nov,England U21,0-2,EURO U21 Qualification Grp. D,90,0,0
sean-grehan,18 Nov,Andorra U21,0-4,EURO U21 Qualification Grp. D,90,0,0
sean-grehan,29 Nov,Peterborough United,2-1,League One,17,0,0
sean-grehan,02 Dec,Chesterfield,5-1,EFL Trophy,90,0,0
sean-grehan,13 Dec,Cardiff City,3-4,League One,90,0,0
sean-grehan,20 Dec,Plymouth Argyle,1-5,League One,60,0,0
sean-grehan,29 Dec,Stockport County,2-4,League One,4,0,0
sean-grehan,13 Jan,Fleetwood Town,3-1,EFL Trophy,54,0,0
sean-grehan,24 Jan,Wigan Athletic,3-3,League One,6,0,0
sean-grehan,10 Feb,Huddersfield Town,1-1,EFL Trophy,90,0,0
sean-grehan,11 Apr,Reading,1-0,League One,90,0,0
sean-grehan,18 Apr,Northampton Town,3-1,League One,90,0,0
sean-grehan,21 Apr,Lincoln City,0-2,League One,90,0,0
sean-grehan,25 Apr,Stevenage,1-1,League One,45,0,0
sean-grehan,02 May,Peterborough United,3-1,League One,83,0,0
sean-grehan,08 Aug,Stockport County,1-1,EFL Cup,17,0,0
sean-grehan,15 Aug,Mansfield Town,1-2,League One,79,0,0
sean-keogh,29 Aug,Arsenal U21,0-1,Premier League 2,1,0,0
sean-keogh,16 Sep,Sutton United,2-1,National League Cup Group C,78,0,0
sean-keogh,19 Sep,Derby County U21,3-1,Premier League 2,25,0,0
sean-keogh,26 Sep,West Ham United U21,3-3,Premier League 2,90,0,0
sean-keogh,30 Sep,Barnet,1-1,EFL Trophy Southern Grp. H,45,0,0
sean-keogh,04 Oct,Middlesbrough U21,1-1,Premier League 2,86,0,0
sean-keogh,21 Oct,Truro City,0-3,National League Cup Group C,90,0,0
sean-keogh,24 Oct,Ipswich Town U21,1-3,Premier League 2,45,0,0
sean-keogh,28 Oct,Luton Town,1-3,EFL Trophy Southern Grp. H,84,0,0
sean-keogh,02 Nov,Leeds United U21,2-2,Premier League 2,89,0,0
sean-keogh,05 Nov,Cambridge United,0-1,EFL Trophy Southern Grp. H,88,0,0
sean-keogh,09 Nov,Manchester City U21,2-0,Premier League 2,90,0,0
sean-keogh,25 Nov,Woking,1-1,National League Cup Group C,89,0,0
sean-keogh,16 Jan,Southampton U21,0-1,Premier League 2,90,0,0
sean-keogh,26 Jan,Manchester United U21,1-1,Premier League 2,19,0,0
sean-keogh,30 Jan,Liverpool U21,0-1,Premier League 2,11,0,0
sean-keogh,16 Feb,Wolverhampton Wanderers U21,2-1,Premier League 2,6,0,0
sean-keogh,22 Feb,Birmingham U21,3-2,Premier League 2,83,0,1
sean-keogh,27 Feb,Newcastle United U21,2-2,Premier League 2,90,0,1
sean-keogh,06 Mar,Fulham U21,3-4,Premier League 2,90,0,0
sean-keogh,16 Mar,Burnley U21,2-0,Premier League 2,90,0,0
sean-keogh,22 Mar,Everton U21,5-0,Premier League 2,90,0,0
sean-keogh,03 Apr,Aston Villa U21,0-0,Premier League 2,90,0,0
sean-keogh,24 Apr,Ipswich Town U21,2-1,Premier League 2,90,1,0
sean-keogh,04 May,West Ham United U21,3-0,Premier League 2,90,0,0
sean-keogh,08 May,Tottenham Hotspur U21,3-1,Premier League 2,90,0,0
sean-keogh,16 May,Manchester United U21,1-0,Premier League 2,76,0,1
sean-keogh,18 Aug,Northampton Town,3-0,EFL Trophy Southern Grp. G,81,0,0
sean-keogh,21 Aug,Aston Villa U21,1-2,Premier League 2,90,0,0
sean-spaight,20 Mar,Bohemian FC,1-1,Premier Division,39,0,0
sean-spaight,06 Apr,St. Patrick's Athletic,2-0,Premier Division,45,0,0
sean-spaight,04 May,Waterford FC,3-3,Premier Division,90,0,0
sean-spaight,15 May,Shamrock Rovers,1-0,Premier Division,5,0,0
shane-duffy,01 Nov,Hull City,0-2,Championship,90,0,0
shane-duffy,05 Nov,Sheffield Wednesday,1-1,Championship,45,0,0
shane-duffy,22 Nov,Birmingham City,1-4,Championship,90,0,0
shane-duffy,29 Nov,Queens Park Rangers,3-1,Championship,34,0,0
thomas-oconnor,06 Sep,Huddersfield Town,2-3,League One,90,0,0
thomas-oconnor,13 Sep,Wycombe Wanderers,2-1,League One,90,0,0
thomas-oconnor,20 Sep,Plymouth Argyle,1-0,League One,90,0,0
thomas-oconnor,27 Sep,Lincoln City,0-3,League One,90,0,0
thomas-oconnor,04 Oct,Bolton Wanderers,1-2,League One,90,0,0
thomas-oconnor,18 Oct,Burton Albion,1-0,League One,90,0,0
thomas-oconnor,25 Oct,Blackpool,1-2,League One,90,0,0
thomas-oconnor,01 Nov,Cardiff City,1-0,FA Cup,90,0,0
thomas-oconnor,08 Nov,AFC Wimbledon,5-0,League One,90,0,0
thomas-oconnor,11 Nov,Crawley Town,2-1,EFL Trophy Southern Grp. F,90,0,0
thomas-oconnor,20 Nov,Stockport County,3-0,League One,90,0,0
thomas-oconnor,25 Nov,Stevenage,0-1,League One,90,0,0
thomas-oconnor,29 Nov,Doncaster Rovers,1-2,League One,90,0,0
thomas-oconnor,02 Dec,Swindon Town,0-1,EFL Trophy,90,0,0
thomas-oconnor,20 Dec,Port Vale,1-0,League One,19,0,0
thomas-oconnor,01 Jan,Rotherham United,2-0,League One,90,0,0
thomas-oconnor,04 Jan,Lincoln City,2-5,League One,90,0,0
thomas-oconnor,10 Jan,Bolton Wanderers,3-1,League One,90,0,0
thomas-oconnor,17 Jan,Plymouth Argyle,0-1,League One,25,0,0
thomas-oconnor,08 Aug,Bristol Rovers,1-0,EFL Cup,45,0,0
thomas-oconnor,15 Aug,Bradford City,0-2,League One,61,0,0
thomas-oconnor,22 Aug,Mansfield Town,2-1,League One,90,0,0
troy-parrott,05 Oct,Telstar,2-1,Eredivisie,20,0,0
troy-parrott,11 Oct,Portugal,0-1,World Cup Qualification UEFA 1st Round Grp. F,12,0,0
troy-parrott,14 Oct,Armenia,1-0,World Cup Qualification UEFA 1st Round Grp. F,25,0,0
troy-parrott,18 Oct,Ajax,2-0,Eredivisie,73,1,0
troy-parrott,23 Oct,Slovan Bratislava,1-0,Conference League,26,0,0
troy-parrott,26 Oct,FC Utrecht,4-1,Eredivisie,75,2,0
troy-parrott,02 Nov,Sparta Rotterdam,1-0,Eredivisie,81,0,0
troy-parrott,06 Nov,Crystal Palace,1-3,Conference League,74,0,0
troy-parrott,09 Nov,PSV Eindhoven,1-5,Eredivisie,90,0,0
troy-parrott,13 Nov,Portugal,2-0,World Cup Qualification UEFA 1st Round Grp. F,68,2,0
troy-parrott,16 Nov,Hungary,3-2,World Cup Qualification UEFA 1st Round Grp. F,90,3,0
troy-parrott,23 Nov,SC Heerenveen,1-3,Eredivisie,90,1,0
troy-parrott,27 Nov,Shelbourne,2-0,Conference League,90,0,0
troy-parrott,30 Nov,FC Twente,0-1,Eredivisie,90,0,0
troy-parrott,03 Dec,PEC Zwolle,3-1,KNVB Cup,90,0,1
troy-parrott,07 Dec,Go Ahead Eagles,2-2,Eredivisie,90,1,0
troy-parrott,11 Dec,Drita,3-0,Conference League,75,0,0
troy-parrott,18 Dec,Jagiellonia Białystok,0-0,Conference League,90,0,0
troy-parrott,21 Dec,Fortuna Sittard,3-4,Eredivisie,90,1,0
troy-parrott,10 Jan,FC Volendam,1-0,Eredivisie,79,0,0
troy-parrott,14 Jan,Ajax,6-0,KNVB Cup,90,3,1
troy-parrott,17 Jan,PEC Zwolle,1-3,Eredivisie,90,0,0
troy-parrott,21 Jan,Excelsior,1-1,Eredivisie,90,1,0
troy-parrott,25 Jan,Telstar,1-0,Eredivisie,90,0,1
troy-parrott,31 Jan,NEC Nijmegen,1-3,Eredivisie,90,1,0
troy-parrott,03 Feb,FC Twente,2-1,KNVB Cup,120,1,1
troy-parrott,08 Feb,Ajax,1-1,Eredivisie,90,0,0
troy-parrott,14 Feb,Excelsior,2-1,Eredivisie,90,1,0
troy-parrott,19 Feb,FC Noah,0-1,Conference League,90,0,0
troy-parrott,22 Feb,Sparta Rotterdam,3-1,Eredivisie,90,1,0
troy-parrott,26 Feb,FC Noah,4-0,Conference League,90,0,0
troy-parrott,01 Mar,FC Utrecht,0-2,Eredivisie,45,0,0
troy-parrott,04 Mar,Telstar,2-1,KNVB Cup,90,0,0
troy-parrott,07 Mar,PSV Eindhoven,1-2,Eredivisie,88,0,0
troy-parrott,12 Mar,Sparta Prague,2-1,Conference League,90,2,0
troy-parrott,15 Mar,Heracles,4-0,Eredivisie,76,1,2
troy-parrott,19 Mar,Sparta Prague,4-0,Conference League,76,1,1
troy-parrott,22 Mar,FC Groningen,0-3,Eredivisie,90,0,0
troy-parrott,26 Mar,Czechia,2-2,World Cup Qualification UEFA 2nd Round,120,1,0
troy-parrott,31 Mar,North Macedonia,0-0,Friendlies,72,0,0
troy-parrott,04 Apr,Fortuna Sittard,2-0,Eredivisie,19,0,0
troy-parrott,09 Apr,Shakhtar Donetsk,0-3,Conference League,74,0,0
troy-parrott,12 Apr,SC Heerenveen,3-0,Eredivisie,83,1,0
troy-parrott,19 Apr,NEC Nijmegen,5-1,KNVB Cup,90,1,1
troy-parrott,03 May,FC Twente,2-2,Eredivisie,90,0,0
troy-parrott,10 May,Feyenoord,1-1,Eredivisie,90,1,0
troy-parrott,17 May,NAC Breda,3-3,Eredivisie,37,0,1
troy-parrott,28 May,Qatar,1-0,Friendlies,89,0,0
troy-parrott,05 Jun,Canada,1-1,Friendlies,88,0,0
troy-parrott,02 Aug,PSV Eindhoven,4-0,Super Cup,45,0,0
troy-parrott,08 Aug,ADO Den Haag,2-0,Eredivisie,33,0,0
victor-ozhianvuna,31 Aug,Drogheda United,2-1,Premier Division,17,0,0
victor-ozhianvuna,11 Nov,Paraguay U17,0-0,World Cup U17 Grp. J,90,0,0
victor-ozhianvuna,14 Nov,Canada U17,1-1,World Cup U17,90,0,0
victor-ozhianvuna,18 Nov,Switzerland U17,1-3,World Cup U17,90,0,0
victor-ozhianvuna,11 Dec,Breidablik,1-3,Conference League,84,0,0
victor-ozhianvuna,18 Dec,Hamrun Spartans,3-1,Conference League,78,0,0
victor-ozhianvuna,31 Jan,Derry City,0-1,Super Cup,90,0,0
victor-ozhianvuna,20 Feb,St. Patrick's Athletic,2-0,Premier Division,77,0,0
victor-ozhianvuna,23 Feb,Dundalk,1-1,Premier Division,15,0,0
victor-ozhianvuna,27 Feb,Bohemian FC,2-3,Premier Division,73,0,0
victor-ozhianvuna,06 Mar,Derry City,1-0,Premier Division,71,0,0
victor-ozhianvuna,09 Mar,Shelbourne,2-2,Premier Division,13,0,0
victor-ozhianvuna,13 Mar,Sligo Rovers,2-0,Premier Division,28,0,0
victor-ozhianvuna,16 Mar,Drogheda United,0-0,Premier Division,68,0,0
victor-ozhianvuna,20 Mar,Galway United FC,2-0,Premier Division,64,0,0
victor-ozhianvuna,06 Apr,Shelbourne,3-2,Premier Division,80,0,0
victor-ozhianvuna,10 Apr,St. Patrick's Athletic,1-0,Premier Division,81,0,0
victor-ozhianvuna,17 Apr,Bohemian FC,2-1,Premier Division,88,0,0
victor-ozhianvuna,24 Apr,Derry City,0-1,Premier Division,90,0,0
victor-ozhianvuna,01 May,Waterford FC,1-0,Premier Division,90,0,0
victor-ozhianvuna,04 May,Drogheda United,4-1,Premier Division,90,0,1
victor-ozhianvuna,08 May,Galway United FC,3-1,Premier Division,82,0,1
victor-ozhianvuna,15 May,Dundalk,0-1,Premier Division,90,0,0
victor-ozhianvuna,22 May,Sligo Rovers,1-2,Premier Division,25,0,0
victor-ozhianvuna,25 May,Bohemian FC,2-1,Premier Division,49,0,0
will-ferry,31 Aug,Dundee FC,2-0,Premiership,90,0,0
will-ferry,13 Sep,Hibernian,3-3,Premiership,90,0,1
will-ferry,23 Sep,Aberdeen,2-0,Premiership,90,0,0
will-ferry,27 Sep,Kilmarnock,0-2,Premiership,90,0,0
will-ferry,04 Oct,Livingston,1-1,Premiership,90,0,1
will-ferry,18 Oct,Rangers,2-2,Premiership,90,0,0
will-ferry,25 Oct,St. Mirren,3-1,Premiership,90,0,0
will-ferry,29 Oct,Motherwell,0-2,Premiership,90,0,0
will-ferry,22 Nov,Falkirk,0-3,Premiership,90,0,0
will-ferry,29 Nov,Kilmarnock,1-1,Premiership,90,0,0
will-ferry,03 Dec,Rangers,2-2,Premiership,90,0,0
will-ferry,06 Dec,St. Mirren,0-2,Premiership,90,0,0
will-ferry,13 Dec,Motherwell,0-0,Premiership,90,0,0
will-ferry,17 Dec,Celtic,2-1,Premiership,90,0,0
will-ferry,20 Dec,Hibernian,1-1,Premiership,90,0,0
will-ferry,27 Dec,Aberdeen,1-1,Premiership,90,0,0
will-ferry,30 Dec,Livingston,3-1,Premiership,90,0,0
will-ferry,03 Jan,Dundee FC,0-1,Premiership,90,0,0
will-ferry,10 Jan,Celtic,0-4,Premiership,90,0,0
will-ferry,31 Jan,Heart of Midlothian,0-3,Premiership,90,0,0
will-ferry,04 Feb,Hibernian,2-3,Premiership,90,0,0
will-ferry,14 Feb,Falkirk,3-2,Premiership,90,0,0
will-ferry,17 Feb,Spartans FC,2-1,FA Cup,90,0,1
will-ferry,21 Feb,Kilmarnock,1-1,Premiership,90,0,1
will-ferry,24 Feb,Aberdeen,0-0,Premiership,90,0,0
will-ferry,03 Mar,St. Mirren,2-1,Premiership,15,0,0
will-ferry,06 Mar,Falkirk,1-2,FA Cup,90,0,1
will-ferry,15 Mar,Dundee FC,2-2,Premiership,90,0,1
will-ferry,22 Mar,Celtic,2-0,Premiership,90,1,0
will-ferry,04 Apr,Rangers,2-4,Premiership,90,0,0
will-ferry,11 Apr,Livingston,3-2,Premiership,88,1,1
will-ferry,26 Apr,Dundee FC,3-0,Premiership Relegation Group,83,2,1
will-ferry,02 May,Kilmarnock,0-3,Premiership Relegation Group,90,0,0
will-ferry,09 May,Aberdeen,0-2,Premiership Relegation Group,90,0,0
will-ferry,12 May,Livingston,0-0,Premiership Relegation Group,90,0,0
will-ferry,16 May,Grenada,5-0,Friendlies,45,0,0
will-ferry,31 Jul,Rangers,1-1,Premiership,90,0,0
will-ferry,09 Aug,Heart of Midlothian,0-4,Premiership,90,0,0
will-ferry,22 Aug,Dundee FC,0-2,Premiership,90,0,0
will-smallbone,22 Sep,Watford,1-0,Championship,23,0,0
will-smallbone,27 Sep,Swansea City,1-1,Championship,68,0,0
will-smallbone,01 Oct,Coventry City,0-4,Championship,16,0,0
will-smallbone,04 Oct,West Bromwich Albion,3-0,Championship,78,0,0
will-smallbone,11 Oct,Portugal,0-1,World Cup Qualification UEFA 1st Round Grp. F,13,0,0
will-smallbone,14 Oct,Armenia,1-0,World Cup Qualification UEFA 1st Round Grp. F,81,0,1
will-smallbone,18 Oct,Queens Park Rangers,2-1,Championship,90,0,0
will-smallbone,21 Oct,Stoke City,2-0,Championship,27,0,0
will-smallbone,07 Mar,Hull City,3-1,Championship,7,0,0
will-smallbone,10 Mar,Derby County,1-0,Championship,1,0,0
will-smallbone,14 Mar,Blackburn Rovers,1-2,Championship,6,0,0
will-smallbone,02 May,Oxford United,2-0,Championship,17,0,0
