match_id,side,team,formation,status,updated,role,number,name,slug,pos,x,y
2026-09-10-stevenage-v-luton-town,home,Stevenage,4-4-1-1,,2026-09-11T00:44:47Z,start,1,Tommy Setford,,,0.1,0.5
2026-09-10-stevenage-v-luton-town,home,Stevenage,4-4-1-1,,2026-09-11T00:44:47Z,start,2,Luther Wildin,,,0.292,0.875
2026-09-10-stevenage-v-luton-town,home,Stevenage,4-4-1-1,,2026-09-11T00:44:47Z,start,15,Terence Vancooten,,,0.292,0.625
2026-09-10-stevenage-v-luton-town,home,Stevenage,4-4-1-1,,2026-09-11T00:44:47Z,start,5,Carl Piergianni,,,0.292,0.375
2026-09-10-stevenage-v-luton-town,home,Stevenage,4-4-1-1,,2026-09-11T00:44:47Z,start,6,Lewis Freestone,,,0.292,0.125
2026-09-10-stevenage-v-luton-town,home,Stevenage,4-4-1-1,,2026-09-11T00:44:47Z,start,18,Oliver Sanderson,,,0.485,0.875
2026-09-10-stevenage-v-luton-town,home,Stevenage,4-4-1-1,,2026-09-11T00:44:47Z,start,8,Daniel Phillips,,,0.485,0.625
2026-09-10-stevenage-v-luton-town,home,Stevenage,4-4-1-1,,2026-09-11T00:44:47Z,start,23,Louis Thompson,,,0.485,0.375
2026-09-10-stevenage-v-luton-town,home,Stevenage,4-4-1-1,,2026-09-11T00:44:47Z,start,11,Jordan Roberts,,,0.485,0.125
2026-09-10-stevenage-v-luton-town,home,Stevenage,4-4-1-1,,2026-09-11T00:44:47Z,start,10,Dan Kemp,,,0.678,0.5
2026-09-10-stevenage-v-luton-town,home,Stevenage,4-4-1-1,,2026-09-11T00:44:47Z,start,9,Josh Magennis,,,0.87,0.5
2026-09-10-stevenage-v-luton-town,home,Stevenage,4-4-1-1,,2026-09-11T00:44:47Z,bench,27,Ben Broggio,,,,
2026-09-10-stevenage-v-luton-town,home,Stevenage,4-4-1-1,,2026-09-11T00:44:47Z,bench,14,Saxon Earley,,,,
2026-09-10-stevenage-v-luton-town,home,Stevenage,4-4-1-1,,2026-09-11T00:44:47Z,bench,4,Jordan Houghton,,,,
2026-09-10-stevenage-v-luton-town,home,Stevenage,4-4-1-1,,2026-09-11T00:44:47Z,bench,28,Michael Mellon,,,,
2026-09-10-stevenage-v-luton-town,home,Stevenage,4-4-1-1,,2026-09-11T00:44:47Z,bench,24,Matthew Smith,,,,
2026-09-10-stevenage-v-luton-town,home,Stevenage,4-4-1-1,,2026-09-11T00:44:47Z,bench,12,Daniel Barden,,,,
2026-09-10-stevenage-v-luton-town,home,Stevenage,4-4-1-1,,2026-09-11T00:44:47Z,bench,16,Kaelan Casey,,,,
2026-09-10-stevenage-v-luton-town,away,Luton Town,4-1-4-1,,2026-09-11T00:44:47Z,start,24,Josh Keeley,josh-keeley,,0.1,0.5
2026-09-10-stevenage-v-luton-town,away,Luton Town,4-1-4-1,,2026-09-11T00:44:47Z,start,2,Hakeem Odoffin,,,0.292,0.875
2026-09-10-stevenage-v-luton-town,away,Luton Town,4-1-4-1,,2026-09-11T00:44:47Z,start,5,Mads Juel Andersen,,,0.292,0.625
2026-09-10-stevenage-v-luton-town,away,Luton Town,4-1-4-1,,2026-09-11T00:44:47Z,start,6,George Johnston,,,0.292,0.375
2026-09-10-stevenage-v-luton-town,away,Luton Town,4-1-4-1,,2026-09-11T00:44:47Z,start,12,Joseph Johnson,,,0.292,0.125
2026-09-10-stevenage-v-luton-town,away,Luton Town,4-1-4-1,,2026-09-11T00:44:47Z,start,8,Liam Walsh,,,0.485,0.5
2026-09-10-stevenage-v-luton-town,away,Luton Town,4-1-4-1,,2026-09-11T00:44:47Z,start,25,Isaiah Jones,,,0.678,0.875
2026-09-10-stevenage-v-luton-town,away,Luton Town,4-1-4-1,,2026-09-11T00:44:47Z,start,10,Jamie Donley,,,0.678,0.625
2026-09-10-stevenage-v-luton-town,away,Luton Town,4-1-4-1,,2026-09-11T00:44:47Z,start,16,Daniel Gore,,,0.678,0.375
2026-09-10-stevenage-v-luton-town,away,Luton Town,4-1-4-1,,2026-09-11T00:44:47Z,start,30,Gideon Kodua,,,0.678,0.125
2026-09-10-stevenage-v-luton-town,away,Luton Town,4-1-4-1,,2026-09-11T00:44:47Z,start,9,Callum Marshall,callum-marshall,,0.89,0.5
2026-09-10-stevenage-v-luton-town,away,Luton Town,4-1-4-1,,2026-09-11T00:44:47Z,bench,45,Kasey Palmer,,,,
2026-09-10-stevenage-v-luton-town,away,Luton Town,4-1-4-1,,2026-09-11T00:44:47Z,bench,7,Jake Richards,,,,
2026-09-10-stevenage-v-luton-town,away,Luton Town,4-1-4-1,,2026-09-11T00:44:47Z,bench,21,Nahki Wells,,,,
2026-09-10-stevenage-v-luton-town,away,Luton Town,4-1-4-1,,2026-09-11T00:44:47Z,bench,17,Tudor Mendel-Idowu,,,,
2026-09-10-stevenage-v-luton-town,away,Luton Town,4-1-4-1,,2026-09-11T00:44:47Z,bench,1,James Shea,,,,
2026-09-10-stevenage-v-luton-town,away,Luton Town,4-1-4-1,,2026-09-11T00:44:47Z,bench,3,Kal Naismith,,,,
2026-09-10-stevenage-v-luton-town,away,Luton Town,4-1-4-1,,2026-09-11T00:44:47Z,bench,22,Harry Fox,,,,
2026-09-11-besiktas-v-erzurumspor-fk,home,Beşiktaş,4-1-4-1,,2026-09-11T00:44:47Z,start,1,Alexander Nübel,,,0.1,0.5
2026-09-11-besiktas-v-erzurumspor-fk,home,Beşiktaş,4-1-4-1,,2026-09-11T00:44:47Z,start,62,Amir Murillo,,,0.292,0.875
2026-09-11-besiktas-v-erzurumspor-fk,home,Beşiktaş,4-1-4-1,,2026-09-11T00:44:47Z,start,12,Emmanuel Agbadou,,,0.292,0.625
2026-09-11-besiktas-v-erzurumspor-fk,home,Beşiktaş,4-1-4-1,,2026-09-11T00:44:47Z,start,53,Emirhan Topçu,,,0.292,0.375
2026-09-11-besiktas-v-erzurumspor-fk,home,Beşiktaş,4-1-4-1,,2026-09-11T00:44:47Z,start,33,Rıdvan Yılmaz,,,0.292,0.125
2026-09-11-besiktas-v-erzurumspor-fk,home,Beşiktaş,4-1-4-1,,2026-09-11T00:44:47Z,start,6,Salih Özcan,,,0.485,0.5
2026-09-11-besiktas-v-erzurumspor-fk,home,Beşiktaş,4-1-4-1,,2026-09-11T00:44:47Z,start,18,Václav Cerny,,,0.678,0.875
2026-09-11-besiktas-v-erzurumspor-fk,home,Beşiktaş,4-1-4-1,,2026-09-11T00:44:47Z,start,15,Junior Olaïtan,,,0.678,0.625
2026-09-11-besiktas-v-erzurumspor-fk,home,Beşiktaş,4-1-4-1,,2026-09-11T00:44:47Z,start,10,Orkun Kökcü,,,0.678,0.375
2026-09-11-besiktas-v-erzurumspor-fk,home,Beşiktaş,4-1-4-1,,2026-09-11T00:44:47Z,start,19,Leandro Trossard,,,0.678,0.125
2026-09-11-besiktas-v-erzurumspor-fk,home,Beşiktaş,4-1-4-1,,2026-09-11T00:44:47Z,start,28,Dušan Vlahović,,,0.89,0.5
2026-09-11-besiktas-v-erzurumspor-fk,home,Beşiktaş,4-1-4-1,,2026-09-11T00:44:47Z,bench,80,Doğan Alemdar,,,,
2026-09-11-besiktas-v-erzurumspor-fk,home,Beşiktaş,4-1-4-1,,2026-09-11T00:44:47Z,bench,11,Kassoum Ouattara,,,,
2026-09-11-besiktas-v-erzurumspor-fk,home,Beşiktaş,4-1-4-1,,2026-09-11T00:44:47Z,bench,22,Taylan Bulut,,,,
2026-09-11-besiktas-v-erzurumspor-fk,home,Beşiktaş,4-1-4-1,,2026-09-11T00:44:47Z,bench,35,Tiago Djaló,,,,
2026-09-11-besiktas-v-erzurumspor-fk,home,Beşiktaş,4-1-4-1,,2026-09-11T00:44:47Z,bench,17,Ernest Poku,,,,
2026-09-11-besiktas-v-erzurumspor-fk,home,Beşiktaş,4-1-4-1,,2026-09-11T00:44:47Z,bench,8,Kartal Yılmaz,,,,
2026-09-11-besiktas-v-erzurumspor-fk,home,Beşiktaş,4-1-4-1,,2026-09-11T00:44:47Z,bench,4,Wilfred Ndidi,,,,
2026-09-11-besiktas-v-erzurumspor-fk,home,Beşiktaş,4-1-4-1,,2026-09-11T00:44:47Z,bench,9,Hyeon-Gyu Oh,,,,
2026-09-11-besiktas-v-erzurumspor-fk,home,Beşiktaş,4-1-4-1,,2026-09-11T00:44:47Z,bench,29,İlhan Fakılı,,,,
2026-09-11-besiktas-v-erzurumspor-fk,home,Beşiktaş,4-1-4-1,,2026-09-11T00:44:47Z,bench,90,Semih Kiliçsoy,,,,
2026-09-11-besiktas-v-erzurumspor-fk,away,Erzurumspor FK,5-4-1,,2026-09-11T00:44:47Z,start,1,Ertuğrul Taşkıran,,,0.1,0.5
2026-09-11-besiktas-v-erzurumspor-fk,away,Erzurumspor FK,5-4-1,,2026-09-11T00:44:47Z,start,4,Amar Gërxhaliu,,,0.357,0.695
2026-09-11-besiktas-v-erzurumspor-fk,away,Erzurumspor FK,5-4-1,,2026-09-11T00:44:47Z,start,22,Mustafa Yumlu,,,0.357,0.5
2026-09-11-besiktas-v-erzurumspor-fk,away,Erzurumspor FK,5-4-1,,2026-09-11T00:44:47Z,start,18,Nihad Mujakić,,,0.357,0.305
2026-09-11-besiktas-v-erzurumspor-fk,away,Erzurumspor FK,5-4-1,,2026-09-11T00:44:47Z,start,53,Orhan Ovacıklı,,,0.371,0.89
2026-09-11-besiktas-v-erzurumspor-fk,away,Erzurumspor FK,5-4-1,,2026-09-11T00:44:47Z,start,15,Guram Giorbelidze,,,0.371,0.11
2026-09-11-besiktas-v-erzurumspor-fk,away,Erzurumspor FK,5-4-1,,2026-09-11T00:44:47Z,start,99,Mustafa Fettahoğlu,,,0.613,0.875
2026-09-11-besiktas-v-erzurumspor-fk,away,Erzurumspor FK,5-4-1,,2026-09-11T00:44:47Z,start,42,Elisha Owusu,,,0.613,0.625
2026-09-11-besiktas-v-erzurumspor-fk,away,Erzurumspor FK,5-4-1,,2026-09-11T00:44:47Z,start,6,Brandon Baiye,,,0.613,0.375
2026-09-11-besiktas-v-erzurumspor-fk,away,Erzurumspor FK,5-4-1,,2026-09-11T00:44:47Z,start,65,Martín Rodríguez,,,0.613,0.125
2026-09-11-besiktas-v-erzurumspor-fk,away,Erzurumspor FK,5-4-1,,2026-09-11T00:44:47Z,start,10,Eren Tozlu,,,0.87,0.5
2026-09-11-besiktas-v-erzurumspor-fk,away,Erzurumspor FK,5-4-1,,2026-09-11T00:44:47Z,bench,17,Erkan Anapa,,,,
2026-09-11-besiktas-v-erzurumspor-fk,away,Erzurumspor FK,5-4-1,,2026-09-11T00:44:47Z,bench,31,Matija Orbanić,,,,
2026-09-11-besiktas-v-erzurumspor-fk,away,Erzurumspor FK,5-4-1,,2026-09-11T00:44:47Z,bench,23,Cengizhan Bayrak,,,,
2026-09-11-besiktas-v-erzurumspor-fk,away,Erzurumspor FK,5-4-1,,2026-09-11T00:44:47Z,bench,2,Festy Ebosele,festy-ebosele,,,
2026-09-11-besiktas-v-erzurumspor-fk,away,Erzurumspor FK,5-4-1,,2026-09-11T00:44:47Z,bench,3,Yakup Kırtay,,,,
2026-09-11-besiktas-v-erzurumspor-fk,away,Erzurumspor FK,5-4-1,,2026-09-11T00:44:47Z,bench,90,Nəriman Akhundzada,,,,
2026-09-11-besiktas-v-erzurumspor-fk,away,Erzurumspor FK,5-4-1,,2026-09-11T00:44:47Z,bench,8,Sefa Akgün,,,,
2026-09-11-besiktas-v-erzurumspor-fk,away,Erzurumspor FK,5-4-1,,2026-09-11T00:44:47Z,bench,9,Gyrano Kerk,,,,
2026-09-11-besiktas-v-erzurumspor-fk,away,Erzurumspor FK,5-4-1,,2026-09-11T00:44:47Z,bench,19,Ibrahim Diabate,,,,
2026-09-11-besiktas-v-erzurumspor-fk,away,Erzurumspor FK,5-4-1,,2026-09-11T00:44:47Z,bench,20,Miguel Cardoso,,,,
2026-09-11-empoli-v-arezzo,home,Empoli,3-4-2-1,,2026-09-11T00:44:47Z,start,12,Jacopo Seghetti,,,0.1,0.5
2026-09-11-empoli-v-arezzo,home,Empoli,3-4-2-1,,2026-09-11T00:44:47Z,start,8,Luca Magnino,,,0.292,0.79
2026-09-11-empoli-v-arezzo,home,Empoli,3-4-2-1,,2026-09-11T00:44:47Z,start,25,Marco Curto,,,0.292,0.5
2026-09-11-empoli-v-arezzo,home,Empoli,3-4-2-1,,2026-09-11T00:44:47Z,start,33,Cristian Cauz,,,0.292,0.21
2026-09-11-empoli-v-arezzo,home,Empoli,3-4-2-1,,2026-09-11T00:44:47Z,start,15,Joseph Ceesay,,,0.485,0.875
2026-09-11-empoli-v-arezzo,home,Empoli,3-4-2-1,,2026-09-11T00:44:47Z,start,39,Edoardo Biondini,,,0.485,0.625
2026-09-11-empoli-v-arezzo,home,Empoli,3-4-2-1,,2026-09-11T00:44:47Z,start,21,Gerard Yepes,,,0.485,0.375
2026-09-11-empoli-v-arezzo,home,Empoli,3-4-2-1,,2026-09-11T00:44:47Z,start,91,Niccolò Corrado,,,0.485,0.125
2026-09-11-empoli-v-arezzo,home,Empoli,3-4-2-1,,2026-09-11T00:44:47Z,start,35,Matteo Egan,matteo-egan,,0.678,0.7
2026-09-11-empoli-v-arezzo,home,Empoli,3-4-2-1,,2026-09-11T00:44:47Z,start,10,Edoardo Saporiti,,,0.678,0.3
2026-09-11-empoli-v-arezzo,home,Empoli,3-4-2-1,,2026-09-11T00:44:47Z,start,11,Stiven Shpendi,,,0.87,0.5
2026-09-11-empoli-v-arezzo,home,Empoli,3-4-2-1,,2026-09-11T00:44:47Z,bench,1,Samuele Perisan,,,,
2026-09-11-empoli-v-arezzo,home,Empoli,3-4-2-1,,2026-09-11T00:44:47Z,bench,36,Dawid Bembnista,,,,
2026-09-11-empoli-v-arezzo,home,Empoli,3-4-2-1,,2026-09-11T00:44:47Z,bench,28,Gabriele Indragoli,,,,
2026-09-11-empoli-v-arezzo,home,Empoli,3-4-2-1,,2026-09-11T00:44:47Z,bench,40,Roberto Berizzi,,,,
2026-09-11-empoli-v-arezzo,home,Empoli,3-4-2-1,,2026-09-11T00:44:47Z,bench,6,Simone Romagnoli,,,,
2026-09-11-empoli-v-arezzo,home,Empoli,3-4-2-1,,2026-09-11T00:44:47Z,bench,5,Duccio Degli Innocenti,,,,
2026-09-11-empoli-v-arezzo,home,Empoli,3-4-2-1,,2026-09-11T00:44:47Z,bench,23,Filippo Bandinelli,,,,
2026-09-11-empoli-v-arezzo,home,Empoli,3-4-2-1,,2026-09-11T00:44:47Z,bench,98,Karim Zedadka,,,,
2026-09-11-empoli-v-arezzo,home,Empoli,3-4-2-1,,2026-09-11T00:44:47Z,bench,44,Lapo Deli,,,,
2026-09-11-empoli-v-arezzo,home,Empoli,3-4-2-1,,2026-09-11T00:44:47Z,bench,57,Luca Belardinelli,,,,
2026-09-11-empoli-v-arezzo,home,Empoli,3-4-2-1,,2026-09-11T00:44:47Z,bench,77,Bogdan Popov,,,,
2026-09-11-empoli-v-arezzo,home,Empoli,3-4-2-1,,2026-09-11T00:44:47Z,bench,20,Filippo Distefano,,,,
2026-09-11-empoli-v-arezzo,away,Arezzo,4-3-3,,2026-09-11T00:44:47Z,start,14,Alessandro Nunziante,,,0.1,0.5
2026-09-11-empoli-v-arezzo,away,Arezzo,4-3-3,,2026-09-11T00:44:47Z,start,6,Alessandro Renzi,,,0.357,0.875
2026-09-11-empoli-v-arezzo,away,Arezzo,4-3-3,,2026-09-11T00:44:47Z,start,13,Matteo Gilli,,,0.357,0.625
2026-09-11-empoli-v-arezzo,away,Arezzo,4-3-3,,2026-09-11T00:44:47Z,start,5,Julián Illanes,,,0.357,0.375
2026-09-11-empoli-v-arezzo,away,Arezzo,4-3-3,,2026-09-11T00:44:47Z,start,37,Samuele Righetti,,,0.357,0.125
2026-09-11-empoli-v-arezzo,away,Arezzo,4-3-3,,2026-09-11T00:44:47Z,start,30,Alessandro Arena,,,0.613,0.79
2026-09-11-empoli-v-arezzo,away,Arezzo,4-3-3,,2026-09-11T00:44:47Z,start,78,Gennaro Iaccarino,,,0.613,0.5
2026-09-11-empoli-v-arezzo,away,Arezzo,4-3-3,,2026-09-11T00:44:47Z,start,17,Artur Ioniţă,,,0.613,0.21
2026-09-11-empoli-v-arezzo,away,Arezzo,4-3-3,,2026-09-11T00:44:47Z,start,16,Mattia Sala,,,0.87,0.79
2026-09-11-empoli-v-arezzo,away,Arezzo,4-3-3,,2026-09-11T00:44:47Z,start,71,Pietro Cianci,,,0.87,0.5
2026-09-11-empoli-v-arezzo,away,Arezzo,4-3-3,,2026-09-11T00:44:47Z,start,21,Camillo Tavernelli,,,0.87,0.21
2026-09-11-empoli-v-arezzo,away,Arezzo,4-3-3,,2026-09-11T00:44:47Z,bench,90,Andrea Seculin,,,,
2026-09-11-empoli-v-arezzo,away,Arezzo,4-3-3,,2026-09-11T00:44:47Z,bench,32,Andrea Cagnano,,,,
2026-09-11-empoli-v-arezzo,away,Arezzo,4-3-3,,2026-09-11T00:44:47Z,bench,33,Davide Mancini,,,,
2026-09-11-empoli-v-arezzo,away,Arezzo,4-3-3,,2026-09-11T00:44:47Z,bench,4,Mauro Coppolaro,,,,
2026-09-11-empoli-v-arezzo,away,Arezzo,4-3-3,,2026-09-11T00:44:47Z,bench,7,Kevin Leone,,,,
2026-09-11-empoli-v-arezzo,away,Arezzo,4-3-3,,2026-09-11T00:44:47Z,bench,24,Luca Chierico,,,,
2026-09-11-empoli-v-arezzo,away,Arezzo,4-3-3,,2026-09-11T00:44:47Z,bench,23,Mattia Viviani,,,,
2026-09-11-empoli-v-arezzo,away,Arezzo,4-3-3,,2026-09-11T00:44:47Z,bench,8,Shaka Mawuli,,,,
2026-09-11-empoli-v-arezzo,away,Arezzo,4-3-3,,2026-09-11T00:44:47Z,bench,9,Alberto Cerri,,,,
2026-09-11-empoli-v-arezzo,away,Arezzo,4-3-3,,2026-09-11T00:44:47Z,bench,10,Emiliano Pattarello,,,,
2026-09-11-empoli-v-arezzo,away,Arezzo,4-3-3,,2026-09-11T00:44:47Z,bench,11,Leonardo Mancuso,,,,
2026-09-11-empoli-v-arezzo,away,Arezzo,4-3-3,,2026-09-11T00:44:47Z,bench,99,Marco Olivieri,,,,
2026-09-11-derby-county-u21-v-tottenham-hotspur-u21,home,Derby County U21,4-2-3-1,,2026-09-11T00:44:47Z,start,1,Nicholas Bilokapić,,,0.1,0.5
2026-09-11-derby-county-u21-v-tottenham-hotspur-u21,home,Derby County U21,4-2-3-1,,2026-09-11T00:44:47Z,start,2,Isaac Gordon,,,0.292,0.875
2026-09-11-derby-county-u21-v-tottenham-hotspur-u21,home,Derby County U21,4-2-3-1,,2026-09-11T00:44:47Z,start,4,Adisa Osayande,,,0.292,0.625
2026-09-11-derby-county-u21-v-tottenham-hotspur-u21,home,Derby County U21,4-2-3-1,,2026-09-11T00:44:47Z,start,5,Raymond Offor,,,0.292,0.375
2026-09-11-derby-county-u21-v-tottenham-hotspur-u21,home,Derby County U21,4-2-3-1,,2026-09-11T00:44:47Z,start,3,Keilen Robinson,,,0.292,0.125
2026-09-11-derby-county-u21-v-tottenham-hotspur-u21,home,Derby County U21,4-2-3-1,,2026-09-11T00:44:47Z,start,6,Marsel Tola,,,0.485,0.7
2026-09-11-derby-county-u21-v-tottenham-hotspur-u21,home,Derby County U21,4-2-3-1,,2026-09-11T00:44:47Z,start,8,Marley Mintus,,,0.485,0.3
2026-09-11-derby-county-u21-v-tottenham-hotspur-u21,home,Derby County U21,4-2-3-1,,2026-09-11T00:44:47Z,start,7,Charlie Smith,,,0.678,0.837
2026-09-11-derby-county-u21-v-tottenham-hotspur-u21,home,Derby County U21,4-2-3-1,,2026-09-11T00:44:47Z,start,10,Cameron Wilson,,,0.678,0.5
2026-09-11-derby-county-u21-v-tottenham-hotspur-u21,home,Derby County U21,4-2-3-1,,2026-09-11T00:44:47Z,start,11,Frankie Jones,,,0.678,0.163
2026-09-11-derby-county-u21-v-tottenham-hotspur-u21,home,Derby County U21,4-2-3-1,,2026-09-11T00:44:47Z,start,,Zach Marsh,,,0.87,0.5
2026-09-11-derby-county-u21-v-tottenham-hotspur-u21,home,Derby County U21,4-2-3-1,,2026-09-11T00:44:47Z,bench,13,Alfie Halliwell,,,,
2026-09-11-derby-county-u21-v-tottenham-hotspur-u21,home,Derby County U21,4-2-3-1,,2026-09-11T00:44:47Z,bench,14,Rio Canoville,,,,
2026-09-11-derby-county-u21-v-tottenham-hotspur-u21,home,Derby County U21,4-2-3-1,,2026-09-11T00:44:47Z,bench,18,Tristan Gill,,,,
2026-09-11-derby-county-u21-v-tottenham-hotspur-u21,home,Derby County U21,4-2-3-1,,2026-09-11T00:44:47Z,bench,15,Jaydan Davidson,,,,
2026-09-11-derby-county-u21-v-tottenham-hotspur-u21,home,Derby County U21,4-2-3-1,,2026-09-11T00:44:47Z,bench,12,Sean Corry,,,,
2026-09-11-derby-county-u21-v-tottenham-hotspur-u21,home,Derby County U21,4-2-3-1,,2026-09-11T00:44:47Z,bench,16,Justin Oguntolu,,,,
2026-09-11-derby-county-u21-v-tottenham-hotspur-u21,home,Derby County U21,4-2-3-1,,2026-09-11T00:44:47Z,bench,17,Kean Wren,,,,
2026-09-11-derby-county-u21-v-tottenham-hotspur-u21,away,Tottenham Hotspur U21,4-2-3-1,,2026-09-11T00:44:47Z,start,51,Jacob Knightbridge,,,0.1,0.5
2026-09-11-derby-county-u21-v-tottenham-hotspur-u21,away,Tottenham Hotspur U21,4-2-3-1,,2026-09-11T00:44:47Z,start,76,James Rowswell,,,0.292,0.875
2026-09-11-derby-county-u21-v-tottenham-hotspur-u21,away,Tottenham Hotspur U21,4-2-3-1,,2026-09-11T00:44:47Z,start,48,Alfie Dorrington,,,0.292,0.625
2026-09-11-derby-county-u21-v-tottenham-hotspur-u21,away,Tottenham Hotspur U21,4-2-3-1,,2026-09-11T00:44:47Z,start,66,Malachi Hardy,,,0.292,0.375
2026-09-11-derby-county-u21-v-tottenham-hotspur-u21,away,Tottenham Hotspur U21,4-2-3-1,,2026-09-11T00:44:47Z,start,74,Maeson King,,,0.292,0.125
2026-09-11-derby-county-u21-v-tottenham-hotspur-u21,away,Tottenham Hotspur U21,4-2-3-1,,2026-09-11T00:44:47Z,start,89,Tye Hall,,,0.485,0.7
2026-09-11-derby-county-u21-v-tottenham-hotspur-u21,away,Tottenham Hotspur U21,4-2-3-1,,2026-09-11T00:44:47Z,start,78,Harry Byrne,,,0.485,0.3
2026-09-11-derby-county-u21-v-tottenham-hotspur-u21,away,Tottenham Hotspur U21,4-2-3-1,,2026-09-11T00:44:47Z,start,71,George Feeney,,,0.678,0.837
2026-09-11-derby-county-u21-v-tottenham-hotspur-u21,away,Tottenham Hotspur U21,4-2-3-1,,2026-09-11T00:44:47Z,start,49,Tyrese Hall,,,0.678,0.5
2026-09-11-derby-county-u21-v-tottenham-hotspur-u21,away,Tottenham Hotspur U21,4-2-3-1,,2026-09-11T00:44:47Z,start,58,Ellis Lehane,,,0.678,0.163
2026-09-11-derby-county-u21-v-tottenham-hotspur-u21,away,Tottenham Hotspur U21,4-2-3-1,,2026-09-11T00:44:47Z,start,72,Reiss Elliott-Parris,,,0.87,0.5
2026-09-11-derby-county-u21-v-tottenham-hotspur-u21,away,Tottenham Hotspur U21,4-2-3-1,,2026-09-11T00:44:47Z,bench,77,Samual Archer,,,,
2026-09-11-derby-county-u21-v-tottenham-hotspur-u21,away,Tottenham Hotspur U21,4-2-3-1,,2026-09-11T00:44:47Z,bench,84,Miracle Adewole,,,,
2026-09-11-derby-county-u21-v-tottenham-hotspur-u21,away,Tottenham Hotspur U21,4-2-3-1,,2026-09-11T00:44:47Z,bench,82,Elisha Sowunmi,,,,
2026-09-11-derby-county-u21-v-tottenham-hotspur-u21,away,Tottenham Hotspur U21,4-2-3-1,,2026-09-11T00:44:47Z,bench,81,Maxwell Adedeji,,,,
2026-09-11-derby-county-u21-v-tottenham-hotspur-u21,away,Tottenham Hotspur U21,4-2-3-1,,2026-09-11T00:44:47Z,bench,87,Oliver Boast,,,,
2026-09-11-derby-county-u21-v-tottenham-hotspur-u21,away,Tottenham Hotspur U21,4-2-3-1,,2026-09-11T00:44:47Z,bench,86,Ronny Moncur,,,,
2026-09-11-sunderland-u21-v-ipswich-town-u21,home,Sunderland U21,4-3-3,,2026-09-11T00:44:47Z,start,1,Joe Cowan,,,0.1,0.5
2026-09-11-sunderland-u21-v-ipswich-town-u21,home,Sunderland U21,4-3-3,,2026-09-11T00:44:47Z,start,2,Jenson Jones,,,0.357,0.875
2026-09-11-sunderland-u21-v-ipswich-town-u21,home,Sunderland U21,4-3-3,,2026-09-11T00:44:47Z,start,6,Ben Kindon,,,0.357,0.625
2026-09-11-sunderland-u21-v-ipswich-town-u21,home,Sunderland U21,4-3-3,,2026-09-11T00:44:47Z,start,5,Joseph Neild,,,0.357,0.375
2026-09-11-sunderland-u21-v-ipswich-town-u21,home,Sunderland U21,4-3-3,,2026-09-11T00:44:47Z,start,3,Archie Lightfoot,,,0.357,0.125
2026-09-11-sunderland-u21-v-ipswich-town-u21,home,Sunderland U21,4-3-3,,2026-09-11T00:44:47Z,start,10,Tom Proctor,,,0.613,0.79
2026-09-11-sunderland-u21-v-ipswich-town-u21,home,Sunderland U21,4-3-3,,2026-09-11T00:44:47Z,start,4,Jack Whittaker,,,0.613,0.5
2026-09-11-sunderland-u21-v-ipswich-town-u21,home,Sunderland U21,4-3-3,,2026-09-11T00:44:47Z,start,8,Kay Munyakazi,,,0.613,0.21
2026-09-11-sunderland-u21-v-ipswich-town-u21,home,Sunderland U21,4-3-3,,2026-09-11T00:44:47Z,start,7,Charlie Dinsdale,,,0.87,0.79
2026-09-11-sunderland-u21-v-ipswich-town-u21,home,Sunderland U21,4-3-3,,2026-09-11T00:44:47Z,start,9,Trey Samuel-Ogunsuyi,,,0.87,0.5
2026-09-11-sunderland-u21-v-ipswich-town-u21,home,Sunderland U21,4-3-3,,2026-09-11T00:44:47Z,start,11,Jaydon Jones,,,0.87,0.21
2026-09-11-sunderland-u21-v-ipswich-town-u21,home,Sunderland U21,4-3-3,,2026-09-11T00:44:47Z,bench,13,Ben Metcalf,,,,
2026-09-11-sunderland-u21-v-ipswich-town-u21,home,Sunderland U21,4-3-3,,2026-09-11T00:44:47Z,bench,14,Finlay Holcroft,,,,
2026-09-11-sunderland-u21-v-ipswich-town-u21,home,Sunderland U21,4-3-3,,2026-09-11T00:44:47Z,bench,17,Bayley Hester,,,,
2026-09-11-sunderland-u21-v-ipswich-town-u21,home,Sunderland U21,4-3-3,,2026-09-11T00:44:47Z,bench,12,Luke Bell,,,,
2026-09-11-sunderland-u21-v-ipswich-town-u21,home,Sunderland U21,4-3-3,,2026-09-11T00:44:47Z,bench,16,Charlie Scorer,,,,
2026-09-11-sunderland-u21-v-ipswich-town-u21,home,Sunderland U21,4-3-3,,2026-09-11T00:44:47Z,bench,18,James Barker,,,,
2026-09-11-sunderland-u21-v-ipswich-town-u21,home,Sunderland U21,4-3-3,,2026-09-11T00:44:47Z,bench,15,Felix Scott,,,,
2026-09-11-sunderland-u21-v-ipswich-town-u21,away,Ipswich Town U21,4-2-3-1,,2026-09-11T00:44:47Z,start,1,Alex Noonan,alex-noonan,,0.1,0.5
2026-09-11-sunderland-u21-v-ipswich-town-u21,away,Ipswich Town U21,4-2-3-1,,2026-09-11T00:44:47Z,start,2,Leon Elliott,,,0.292,0.875
2026-09-11-sunderland-u21-v-ipswich-town-u21,away,Ipswich Town U21,4-2-3-1,,2026-09-11T00:44:47Z,start,5,Corbin Mthunzi,,,0.292,0.625
2026-09-11-sunderland-u21-v-ipswich-town-u21,away,Ipswich Town U21,4-2-3-1,,2026-09-11T00:44:47Z,start,4,Jokūbas Mažionis,,,0.292,0.375
2026-09-11-sunderland-u21-v-ipswich-town-u21,away,Ipswich Town U21,4-2-3-1,,2026-09-11T00:44:47Z,start,3,Josh Lewis,,,0.292,0.125
2026-09-11-sunderland-u21-v-ipswich-town-u21,away,Ipswich Town U21,4-2-3-1,,2026-09-11T00:44:47Z,start,6,Ryan Doherty,,,0.485,0.7
2026-09-11-sunderland-u21-v-ipswich-town-u21,away,Ipswich Town U21,4-2-3-1,,2026-09-11T00:44:47Z,start,8,Charlie Wood,,,0.485,0.3
2026-09-11-sunderland-u21-v-ipswich-town-u21,away,Ipswich Town U21,4-2-3-1,,2026-09-11T00:44:47Z,start,9,James Mauge,,,0.678,0.837
2026-09-11-sunderland-u21-v-ipswich-town-u21,away,Ipswich Town U21,4-2-3-1,,2026-09-11T00:44:47Z,start,15,Nelson Eze,,,0.678,0.5
2026-09-11-sunderland-u21-v-ipswich-town-u21,away,Ipswich Town U21,4-2-3-1,,2026-09-11T00:44:47Z,start,11,Shakil Nicolaou,,,0.678,0.163
2026-09-11-sunderland-u21-v-ipswich-town-u21,away,Ipswich Town U21,4-2-3-1,,2026-09-11T00:44:47Z,start,7,Luca Fletcher,,,0.87,0.5
2026-09-11-sunderland-u21-v-ipswich-town-u21,away,Ipswich Town U21,4-2-3-1,,2026-09-11T00:44:47Z,bench,31,Josh Bentley,,,,
2026-09-11-sunderland-u21-v-ipswich-town-u21,away,Ipswich Town U21,4-2-3-1,,2026-09-11T00:44:47Z,bench,12,Oliver Wilkinson,,,,
2026-09-11-sunderland-u21-v-ipswich-town-u21,away,Ipswich Town U21,4-2-3-1,,2026-09-11T00:44:47Z,bench,14,Bobby Sains,,,,
2026-09-11-sunderland-u21-v-ipswich-town-u21,away,Ipswich Town U21,4-2-3-1,,2026-09-11T00:44:47Z,bench,18,Sid Eldred,,,,
2026-09-11-sunderland-u21-v-ipswich-town-u21,away,Ipswich Town U21,4-2-3-1,,2026-09-11T00:44:47Z,bench,16,Frankie Runham,,,,
2026-09-11-sunderland-u21-v-ipswich-town-u21,away,Ipswich Town U21,4-2-3-1,,2026-09-11T00:44:47Z,bench,17,Gerrard Buabo,,,,
2026-09-11-sunderland-u21-v-ipswich-town-u21,away,Ipswich Town U21,4-2-3-1,,2026-09-11T00:44:47Z,bench,10,Josh Pitts,,,,
2026-09-11-vvv-venlo-v-top-oss,home,VVV-Venlo,4-2-3-1,,2026-09-11T00:44:47Z,start,13,Youri Schoonderwaldt,,,0.1,0.5
2026-09-11-vvv-venlo-v-top-oss,home,VVV-Venlo,4-2-3-1,,2026-09-11T00:44:47Z,start,21,Luis Görlich,,,0.292,0.875
2026-09-11-vvv-venlo-v-top-oss,home,VVV-Venlo,4-2-3-1,,2026-09-11T00:44:47Z,start,4,Éanna Clancy,eanna-clancy,,0.292,0.625
2026-09-11-vvv-venlo-v-top-oss,home,VVV-Venlo,4-2-3-1,,2026-09-11T00:44:47Z,start,33,Gabin Blancquart,,,0.292,0.375
2026-09-11-vvv-venlo-v-top-oss,home,VVV-Venlo,4-2-3-1,,2026-09-11T00:44:47Z,start,5,Lars de Blok,,,0.292,0.125
2026-09-11-vvv-venlo-v-top-oss,home,VVV-Venlo,4-2-3-1,,2026-09-11T00:44:47Z,start,14,Raf Vullers,,,0.485,0.7
2026-09-11-vvv-venlo-v-top-oss,home,VVV-Venlo,4-2-3-1,,2026-09-11T00:44:47Z,start,38,Tristan Schenkhuizen,,,0.485,0.3
2026-09-11-vvv-venlo-v-top-oss,home,VVV-Venlo,4-2-3-1,,2026-09-11T00:44:47Z,start,7,Edhy Zuliani,,,0.678,0.837
2026-09-11-vvv-venlo-v-top-oss,home,VVV-Venlo,4-2-3-1,,2026-09-11T00:44:47Z,start,24,Mohammed Odriss,,,0.678,0.5
2026-09-11-vvv-venlo-v-top-oss,home,VVV-Venlo,4-2-3-1,,2026-09-11T00:44:47Z,start,11,Nassim Ait Mouhou,,,0.678,0.163
2026-09-11-vvv-venlo-v-top-oss,home,VVV-Venlo,4-2-3-1,,2026-09-11T00:44:47Z,start,10,Alex Schalk,,,0.87,0.5
2026-09-11-vvv-venlo-v-top-oss,home,VVV-Venlo,4-2-3-1,,2026-09-11T00:44:47Z,bench,1,Trevor Doornbusch,,,,
2026-09-11-vvv-venlo-v-top-oss,home,VVV-Venlo,4-2-3-1,,2026-09-11T00:44:47Z,bench,22,Zidane Taylan,,,,
2026-09-11-vvv-venlo-v-top-oss,home,VVV-Venlo,4-2-3-1,,2026-09-11T00:44:47Z,bench,6,Andreas Verstraeten,,,,
2026-09-11-vvv-venlo-v-top-oss,home,VVV-Venlo,4-2-3-1,,2026-09-11T00:44:47Z,bench,31,Michael Davis,,,,
2026-09-11-vvv-venlo-v-top-oss,home,VVV-Venlo,4-2-3-1,,2026-09-11T00:44:47Z,bench,15,Tijn Joosten,,,,
2026-09-11-vvv-venlo-v-top-oss,home,VVV-Venlo,4-2-3-1,,2026-09-11T00:44:47Z,bench,34,Amir Rais,,,,
2026-09-11-vvv-venlo-v-top-oss,home,VVV-Venlo,4-2-3-1,,2026-09-11T00:44:47Z,bench,8,Ismail M'Hand,,,,
2026-09-11-vvv-venlo-v-top-oss,home,VVV-Venlo,4-2-3-1,,2026-09-11T00:44:47Z,bench,17,Leon Schmidt,,,,
2026-09-11-vvv-venlo-v-top-oss,home,VVV-Venlo,4-2-3-1,,2026-09-11T00:44:47Z,bench,35,Yousri El Anbri,,,,
2026-09-11-vvv-venlo-v-top-oss,home,VVV-Venlo,4-2-3-1,,2026-09-11T00:44:47Z,bench,9,Mattheos Tsigkas,,,,
2026-09-11-vvv-venlo-v-top-oss,home,VVV-Venlo,4-2-3-1,,2026-09-11T00:44:47Z,bench,19,Thomas Janssen,,,,
2026-09-11-vvv-venlo-v-top-oss,away,TOP Oss,4-3-3,,2026-09-11T00:44:47Z,start,1,Mike Havekotte,,,0.1,0.5
2026-09-11-vvv-venlo-v-top-oss,away,TOP Oss,4-3-3,,2026-09-11T00:44:47Z,start,2,Ilounga Pata,,,0.357,0.875
2026-09-11-vvv-venlo-v-top-oss,away,TOP Oss,4-3-3,,2026-09-11T00:44:47Z,start,3,Leonel Miguel,,,0.357,0.625
2026-09-11-vvv-venlo-v-top-oss,away,TOP Oss,4-3-3,,2026-09-11T00:44:47Z,start,23,Delano Vianello,,,0.357,0.375
2026-09-11-vvv-venlo-v-top-oss,away,TOP Oss,4-3-3,,2026-09-11T00:44:47Z,start,26,Julian Kuijpers,,,0.357,0.125
2026-09-11-vvv-venlo-v-top-oss,away,TOP Oss,4-3-3,,2026-09-11T00:44:47Z,start,10,Richard van der Venne,,,0.613,0.79
2026-09-11-vvv-venlo-v-top-oss,away,TOP Oss,4-3-3,,2026-09-11T00:44:47Z,start,8,Marcelencio Esajas,,,0.613,0.5
2026-09-11-vvv-venlo-v-top-oss,away,TOP Oss,4-3-3,,2026-09-11T00:44:47Z,start,27,Maurilio de Lannoy,,,0.613,0.21
2026-09-11-vvv-venlo-v-top-oss,away,TOP Oss,4-3-3,,2026-09-11T00:44:47Z,start,22,Mert Erkan,,,0.87,0.79
2026-09-11-vvv-venlo-v-top-oss,away,TOP Oss,4-3-3,,2026-09-11T00:44:47Z,start,19,Franslyn Nsingi,,,0.87,0.5
2026-09-11-vvv-venlo-v-top-oss,away,TOP Oss,4-3-3,,2026-09-11T00:44:47Z,start,17,Mauresmo Hinoke,,,0.87,0.21
2026-09-11-vvv-venlo-v-top-oss,away,TOP Oss,4-3-3,,2026-09-11T00:44:47Z,bench,16,Devin Remie,,,,
2026-09-11-vvv-venlo-v-top-oss,away,TOP Oss,4-3-3,,2026-09-11T00:44:47Z,bench,12,Alvaro Henry,,,,
2026-09-11-vvv-venlo-v-top-oss,away,TOP Oss,4-3-3,,2026-09-11T00:44:47Z,bench,24,Jay Kuiper,,,,
2026-09-11-vvv-venlo-v-top-oss,away,TOP Oss,4-3-3,,2026-09-11T00:44:47Z,bench,4,Quint Jansen,,,,
2026-09-11-vvv-venlo-v-top-oss,away,TOP Oss,4-3-3,,2026-09-11T00:44:47Z,bench,21,Thomas Cox,,,,
2026-09-11-vvv-venlo-v-top-oss,away,TOP Oss,4-3-3,,2026-09-11T00:44:47Z,bench,5,Jafar Bynoe,,,,
2026-09-11-vvv-venlo-v-top-oss,away,TOP Oss,4-3-3,,2026-09-11T00:44:47Z,bench,28,Lars Mol,,,,
2026-09-11-vvv-venlo-v-top-oss,away,TOP Oss,4-3-3,,2026-09-11T00:44:47Z,bench,6,Milo Horemans,,,,
2026-09-11-vvv-venlo-v-top-oss,away,TOP Oss,4-3-3,,2026-09-11T00:44:47Z,bench,9,Andy Visser,,,,
2026-09-11-vvv-venlo-v-top-oss,away,TOP Oss,4-3-3,,2026-09-11T00:44:47Z,bench,11,Justin Mathieu,,,,
2026-09-11-vvv-venlo-v-top-oss,away,TOP Oss,4-3-3,,2026-09-11T00:44:47Z,bench,18,Kyanno Silva,,,,
2026-09-11-vvv-venlo-v-top-oss,away,TOP Oss,4-3-3,,2026-09-11T00:44:47Z,bench,99,Siriné Doucouré,,,,
2026-09-11-norwich-city-u21-v-birmingham-u21,home,Norwich City U21,4-2-3-1,,2026-09-11T00:44:47Z,start,1,Vicente Reyes,,,0.1,0.5
2026-09-11-norwich-city-u21-v-birmingham-u21,home,Norwich City U21,4-2-3-1,,2026-09-11T00:44:47Z,start,2,Rio Mundle,,,0.292,0.875
2026-09-11-norwich-city-u21-v-birmingham-u21,home,Norwich City U21,4-2-3-1,,2026-09-11T00:44:47Z,start,4,Theodore Adelusi,,,0.292,0.625
2026-09-11-norwich-city-u21-v-birmingham-u21,home,Norwich City U21,4-2-3-1,,2026-09-11T00:44:47Z,start,5,Sonny Rowland,,,0.292,0.375
2026-09-11-norwich-city-u21-v-birmingham-u21,home,Norwich City U21,4-2-3-1,,2026-09-11T00:44:47Z,start,3,Vatan Özcan,,,0.292,0.125
2026-09-11-norwich-city-u21-v-birmingham-u21,home,Norwich City U21,4-2-3-1,,2026-09-11T00:44:47Z,start,8,Luke Towler,,,0.485,0.7
2026-09-11-norwich-city-u21-v-birmingham-u21,home,Norwich City U21,4-2-3-1,,2026-09-11T00:44:47Z,start,6,Alan Domeracki,,,0.485,0.3
2026-09-11-norwich-city-u21-v-birmingham-u21,home,Norwich City U21,4-2-3-1,,2026-09-11T00:44:47Z,start,7,Reuben Cooper,,,0.678,0.837
2026-09-11-norwich-city-u21-v-birmingham-u21,home,Norwich City U21,4-2-3-1,,2026-09-11T00:44:47Z,start,10,Toby Chilvers,,,0.678,0.5
2026-09-11-norwich-city-u21-v-birmingham-u21,home,Norwich City U21,4-2-3-1,,2026-09-11T00:44:47Z,start,11,Elliot Myles,,,0.678,0.163
2026-09-11-norwich-city-u21-v-birmingham-u21,home,Norwich City U21,4-2-3-1,,2026-09-11T00:44:47Z,start,9,Finn Corke,,,0.87,0.5
2026-09-11-norwich-city-u21-v-birmingham-u21,home,Norwich City U21,4-2-3-1,,2026-09-11T00:44:47Z,bench,13,Luis Lines,,,,
2026-09-11-norwich-city-u21-v-birmingham-u21,home,Norwich City U21,4-2-3-1,,2026-09-11T00:44:47Z,bench,16,Finlay Oligbo,,,,
2026-09-11-norwich-city-u21-v-birmingham-u21,home,Norwich City U21,4-2-3-1,,2026-09-11T00:44:47Z,bench,14,Takudzwa Gwanzura,,,,
2026-09-11-norwich-city-u21-v-birmingham-u21,home,Norwich City U21,4-2-3-1,,2026-09-11T00:44:47Z,bench,12,Tyler Williams,,,,
2026-09-11-norwich-city-u21-v-birmingham-u21,home,Norwich City U21,4-2-3-1,,2026-09-11T00:44:47Z,bench,18,Zach Sclare,,,,
2026-09-11-norwich-city-u21-v-birmingham-u21,home,Norwich City U21,4-2-3-1,,2026-09-11T00:44:47Z,bench,15,Reece Wilkes,,,,
2026-09-11-norwich-city-u21-v-birmingham-u21,home,Norwich City U21,4-2-3-1,,2026-09-11T00:44:47Z,bench,17,Luke Chukwu,,,,
2026-09-11-norwich-city-u21-v-birmingham-u21,away,Birmingham U21,4-2-3-1,,2026-09-11T00:44:47Z,start,13,Tyrese Warmington,,,0.1,0.5
2026-09-11-norwich-city-u21-v-birmingham-u21,away,Birmingham U21,4-2-3-1,,2026-09-11T00:44:47Z,start,2,Riquelme Thompson-Jones,,,0.292,0.875
2026-09-11-norwich-city-u21-v-birmingham-u21,away,Birmingham U21,4-2-3-1,,2026-09-11T00:44:47Z,start,4,Billy Burrell,,,0.292,0.625
2026-09-11-norwich-city-u21-v-birmingham-u21,away,Birmingham U21,4-2-3-1,,2026-09-11T00:44:47Z,start,5,Jack Quirk,,,0.292,0.375
2026-09-11-norwich-city-u21-v-birmingham-u21,away,Birmingham U21,4-2-3-1,,2026-09-11T00:44:47Z,start,3,Curran Chahal,,,0.292,0.125
2026-09-11-norwich-city-u21-v-birmingham-u21,away,Birmingham U21,4-2-3-1,,2026-09-11T00:44:47Z,start,14,Alezandro Da Silva,,,0.485,0.7
2026-09-11-norwich-city-u21-v-birmingham-u21,away,Birmingham U21,4-2-3-1,,2026-09-11T00:44:47Z,start,6,Cobi Maddox,,,0.485,0.3
2026-09-11-norwich-city-u21-v-birmingham-u21,away,Birmingham U21,4-2-3-1,,2026-09-11T00:44:47Z,start,10,Menzi Mazwi,,,0.678,0.837
2026-09-11-norwich-city-u21-v-birmingham-u21,away,Birmingham U21,4-2-3-1,,2026-09-11T00:44:47Z,start,7,Salif Bamba,,,0.678,0.5
2026-09-11-norwich-city-u21-v-birmingham-u21,away,Birmingham U21,4-2-3-1,,2026-09-11T00:44:47Z,start,11,Scott Wright,,,0.678,0.163
2026-09-11-norwich-city-u21-v-birmingham-u21,away,Birmingham U21,4-2-3-1,,2026-09-11T00:44:47Z,start,9,Tobey Ugorji,,,0.87,0.5
2026-09-11-norwich-city-u21-v-birmingham-u21,away,Birmingham U21,4-2-3-1,,2026-09-11T00:44:47Z,bench,1,Shea Birmingham,,,,
2026-09-11-norwich-city-u21-v-birmingham-u21,away,Birmingham U21,4-2-3-1,,2026-09-11T00:44:47Z,bench,16,Blake Campbell,,,,
2026-09-11-norwich-city-u21-v-birmingham-u21,away,Birmingham U21,4-2-3-1,,2026-09-11T00:44:47Z,bench,15,Taha Elmansuri,,,,
2026-09-11-norwich-city-u21-v-birmingham-u21,away,Birmingham U21,4-2-3-1,,2026-09-11T00:44:47Z,bench,12,Connor Reilly,,,,
2026-09-11-norwich-city-u21-v-birmingham-u21,away,Birmingham U21,4-2-3-1,,2026-09-11T00:44:47Z,bench,8,Finn Eamonn McGreevy,,,,
2026-09-11-stoke-city-u21-v-wolverhampton-wanderers-u21,home,Stoke City U21,4-3-3,,2026-09-11T00:44:47Z,start,1,Noah Cooper,,,0.1,0.5
2026-09-11-stoke-city-u21-v-wolverhampton-wanderers-u21,home,Stoke City U21,4-3-3,,2026-09-11T00:44:47Z,start,2,Jaden Mears,,,0.357,0.875
2026-09-11-stoke-city-u21-v-wolverhampton-wanderers-u21,home,Stoke City U21,4-3-3,,2026-09-11T00:44:47Z,start,5,Harry Collins,,,0.357,0.625
2026-09-11-stoke-city-u21-v-wolverhampton-wanderers-u21,home,Stoke City U21,4-3-3,,2026-09-11T00:44:47Z,start,4,Will Thompson,,,0.357,0.375
2026-09-11-stoke-city-u21-v-wolverhampton-wanderers-u21,home,Stoke City U21,4-3-3,,2026-09-11T00:44:47Z,start,3,Anas Dauda,,,0.357,0.125
2026-09-11-stoke-city-u21-v-wolverhampton-wanderers-u21,home,Stoke City U21,4-3-3,,2026-09-11T00:44:47Z,start,8,George Morrison,,,0.613,0.79
2026-09-11-stoke-city-u21-v-wolverhampton-wanderers-u21,home,Stoke City U21,4-3-3,,2026-09-11T00:44:47Z,start,6,Gabriel Kelly,gabriel-kelly,,0.613,0.5
2026-09-11-stoke-city-u21-v-wolverhampton-wanderers-u21,home,Stoke City U21,4-3-3,,2026-09-11T00:44:47Z,start,10,Tristan Achu,,,0.613,0.21
2026-09-11-stoke-city-u21-v-wolverhampton-wanderers-u21,home,Stoke City U21,4-3-3,,2026-09-11T00:44:47Z,start,7,Elliot Fearn,,,0.87,0.79
2026-09-11-stoke-city-u21-v-wolverhampton-wanderers-u21,home,Stoke City U21,4-3-3,,2026-09-11T00:44:47Z,start,9,Adriel Walker,,,0.87,0.5
2026-09-11-stoke-city-u21-v-wolverhampton-wanderers-u21,home,Stoke City U21,4-3-3,,2026-09-11T00:44:47Z,start,11,Tyler Martin,,,0.87,0.21
2026-09-11-stoke-city-u21-v-wolverhampton-wanderers-u21,home,Stoke City U21,4-3-3,,2026-09-11T00:44:47Z,bench,13,Caleb Clothier,,,,
2026-09-11-stoke-city-u21-v-wolverhampton-wanderers-u21,home,Stoke City U21,4-3-3,,2026-09-11T00:44:47Z,bench,16,Sanchez Phillips,,,,
2026-09-11-stoke-city-u21-v-wolverhampton-wanderers-u21,home,Stoke City U21,4-3-3,,2026-09-11T00:44:47Z,bench,15,Paul Makavore,,,,
2026-09-11-stoke-city-u21-v-wolverhampton-wanderers-u21,home,Stoke City U21,4-3-3,,2026-09-11T00:44:47Z,bench,12,Ryan Liu,,,,
2026-09-11-stoke-city-u21-v-wolverhampton-wanderers-u21,home,Stoke City U21,4-3-3,,2026-09-11T00:44:47Z,bench,14,Fletcher Poole,,,,
2026-09-11-stoke-city-u21-v-wolverhampton-wanderers-u21,away,Wolverhampton Wanderers U21,4-2-3-1,,2026-09-11T00:44:47Z,start,1,Josh Gracey,,,0.1,0.5
2026-09-11-stoke-city-u21-v-wolverhampton-wanderers-u21,away,Wolverhampton Wanderers U21,4-2-3-1,,2026-09-11T00:44:47Z,start,2,Myles Dayman,,,0.292,0.875
2026-09-11-stoke-city-u21-v-wolverhampton-wanderers-u21,away,Wolverhampton Wanderers U21,4-2-3-1,,2026-09-11T00:44:47Z,start,5,Sebastian Lochhead,,,0.292,0.625
2026-09-11-stoke-city-u21-v-wolverhampton-wanderers-u21,away,Wolverhampton Wanderers U21,4-2-3-1,,2026-09-11T00:44:47Z,start,4,Alfie White,,,0.292,0.375
2026-09-11-stoke-city-u21-v-wolverhampton-wanderers-u21,away,Wolverhampton Wanderers U21,4-2-3-1,,2026-09-11T00:44:47Z,start,3,Max Nolan-Ruddock,,,0.292,0.125
2026-09-11-stoke-city-u21-v-wolverhampton-wanderers-u21,away,Wolverhampton Wanderers U21,4-2-3-1,,2026-09-11T00:44:47Z,start,8,Fin Ashworth,,,0.485,0.7
2026-09-11-stoke-city-u21-v-wolverhampton-wanderers-u21,away,Wolverhampton Wanderers U21,4-2-3-1,,2026-09-11T00:44:47Z,start,6,Makenzie Bradbury,,,0.485,0.3
2026-09-11-stoke-city-u21-v-wolverhampton-wanderers-u21,away,Wolverhampton Wanderers U21,4-2-3-1,,2026-09-11T00:44:47Z,start,7,Enso González,,,0.678,0.837
2026-09-11-stoke-city-u21-v-wolverhampton-wanderers-u21,away,Wolverhampton Wanderers U21,4-2-3-1,,2026-09-11T00:44:47Z,start,10,Min-Kyu Ji,,,0.678,0.5
2026-09-11-stoke-city-u21-v-wolverhampton-wanderers-u21,away,Wolverhampton Wanderers U21,4-2-3-1,,2026-09-11T00:44:47Z,start,11,Tom Edozie,,,0.678,0.163
2026-09-11-stoke-city-u21-v-wolverhampton-wanderers-u21,away,Wolverhampton Wanderers U21,4-2-3-1,,2026-09-11T00:44:47Z,start,9,Dani Ángel,,,0.87,0.5
2026-09-11-stoke-city-u21-v-wolverhampton-wanderers-u21,away,Wolverhampton Wanderers U21,4-2-3-1,,2026-09-11T00:44:47Z,bench,13,Alfie Arnold,,,,
2026-09-11-stoke-city-u21-v-wolverhampton-wanderers-u21,away,Wolverhampton Wanderers U21,4-2-3-1,,2026-09-11T00:44:47Z,bench,14,Aaron Aneke,,,,
2026-09-11-stoke-city-u21-v-wolverhampton-wanderers-u21,away,Wolverhampton Wanderers U21,4-2-3-1,,2026-09-11T00:44:47Z,bench,17,Emilio Ballard-Matthews,,,,
2026-09-11-stoke-city-u21-v-wolverhampton-wanderers-u21,away,Wolverhampton Wanderers U21,4-2-3-1,,2026-09-11T00:44:47Z,bench,15,Luke Rawlings,,,,
2026-09-11-stoke-city-u21-v-wolverhampton-wanderers-u21,away,Wolverhampton Wanderers U21,4-2-3-1,,2026-09-11T00:44:47Z,bench,12,Temple Ojinnaka,,,,
2026-09-11-stoke-city-u21-v-wolverhampton-wanderers-u21,away,Wolverhampton Wanderers U21,4-2-3-1,,2026-09-11T00:44:47Z,bench,16,Dapo Anunlopo,,,,
2026-09-11-stoke-city-u21-v-wolverhampton-wanderers-u21,away,Wolverhampton Wanderers U21,4-2-3-1,,2026-09-11T00:44:47Z,bench,18,Nathan Fraser,nathan-fraser,,,
2026-09-11-nancy-v-reims,home,Nancy,4-4-2,,2026-09-11T00:44:47Z,start,1,Enzo Basilio,,,0.1,0.5
2026-09-11-nancy-v-reims,home,Nancy,4-4-2,,2026-09-11T00:44:47Z,start,44,Enzo Tacafred,,,0.357,0.875
2026-09-11-nancy-v-reims,home,Nancy,4-4-2,,2026-09-11T00:44:47Z,start,77,Yannis Nahounou,,,0.357,0.625
2026-09-11-nancy-v-reims,home,Nancy,4-4-2,,2026-09-11T00:44:47Z,start,21,Elydjah Mendy,,,0.357,0.375
2026-09-11-nancy-v-reims,home,Nancy,4-4-2,,2026-09-11T00:44:47Z,start,4,Nehemiah Fernandez,,,0.357,0.125
2026-09-11-nancy-v-reims,home,Nancy,4-4-2,,2026-09-11T00:44:47Z,start,70,Nordine Kandil,,,0.613,0.875
2026-09-11-nancy-v-reims,home,Nancy,4-4-2,,2026-09-11T00:44:47Z,start,6,Kouroufia Kebe,,,0.613,0.625
2026-09-11-nancy-v-reims,home,Nancy,4-4-2,,2026-09-11T00:44:47Z,start,8,Walid Bouabdeli,,,0.613,0.375
2026-09-11-nancy-v-reims,home,Nancy,4-4-2,,2026-09-11T00:44:47Z,start,7,Zakaria Fdaouch,,,0.613,0.125
2026-09-11-nancy-v-reims,home,Nancy,4-4-2,,2026-09-11T00:44:47Z,start,9,Ilyes Housni,,,0.87,0.7
2026-09-11-nancy-v-reims,home,Nancy,4-4-2,,2026-09-11T00:44:47Z,start,5,Pape Meïssa Ba,,,0.87,0.3
2026-09-11-nancy-v-reims,home,Nancy,4-4-2,,2026-09-11T00:44:47Z,bench,30,Geoffrey Lembet,,,,
2026-09-11-nancy-v-reims,home,Nancy,4-4-2,,2026-09-11T00:44:47Z,bench,2,Héliohdino Tavares,,,,
2026-09-11-nancy-v-reims,home,Nancy,4-4-2,,2026-09-11T00:44:47Z,bench,22,Logan Ndenbe,,,,
2026-09-11-nancy-v-reims,home,Nancy,4-4-2,,2026-09-11T00:44:47Z,bench,14,Nicolas Saint-Ruf,,,,
2026-09-11-nancy-v-reims,home,Nancy,4-4-2,,2026-09-11T00:44:47Z,bench,45,Chafik El Hansar,,,,
2026-09-11-nancy-v-reims,home,Nancy,4-4-2,,2026-09-11T00:44:47Z,bench,17,Mamadou Fofana,,,,
2026-09-11-nancy-v-reims,home,Nancy,4-4-2,,2026-09-11T00:44:47Z,bench,10,Adrian Dabasse,,,,
2026-09-11-nancy-v-reims,home,Nancy,4-4-2,,2026-09-11T00:44:47Z,bench,12,El Hadary Raheriniaina,,,,
2026-09-11-nancy-v-reims,home,Nancy,4-4-2,,2026-09-11T00:44:47Z,bench,29,Noam Jacquet,,,,
2026-09-11-nancy-v-reims,away,Reims,4-2-3-1,,2026-09-11T00:44:47Z,start,1,Tom Hülsmann,,,0.1,0.5
2026-09-11-nancy-v-reims,away,Reims,4-2-3-1,,2026-09-11T00:44:47Z,start,21,Jean Mambuku,,,0.292,0.875
2026-09-11-nancy-v-reims,away,Reims,4-2-3-1,,2026-09-11T00:44:47Z,start,28,Elie N'Tamon,,,0.292,0.625
2026-09-11-nancy-v-reims,away,Reims,4-2-3-1,,2026-09-11T00:44:47Z,start,22,Samuel Kotto,,,0.292,0.375
2026-09-11-nancy-v-reims,away,Reims,4-2-3-1,,2026-09-11T00:44:47Z,start,27,Daouda Guindo,,,0.292,0.125
2026-09-11-nancy-v-reims,away,Reims,4-2-3-1,,2026-09-11T00:44:47Z,start,6,Théo Leoni,,,0.485,0.7
2026-09-11-nancy-v-reims,away,Reims,4-2-3-1,,2026-09-11T00:44:47Z,start,30,John Patrick,john-patrick,,0.485,0.3
2026-09-11-nancy-v-reims,away,Reims,4-2-3-1,,2026-09-11T00:44:47Z,start,87,Ange Martial Tia,,,0.678,0.837
2026-09-11-nancy-v-reims,away,Reims,4-2-3-1,,2026-09-11T00:44:47Z,start,8,Yaya Fofana,,,0.678,0.5
2026-09-11-nancy-v-reims,away,Reims,4-2-3-1,,2026-09-11T00:44:47Z,start,9,Mohamed Daramy,,,0.678,0.163
2026-09-11-nancy-v-reims,away,Reims,4-2-3-1,,2026-09-11T00:44:47Z,start,10,Youssef El Kachati,,,0.87,0.5
2026-09-11-nancy-v-reims,away,Reims,4-2-3-1,,2026-09-11T00:44:47Z,bench,12,Edin Omeragic,,,,
2026-09-11-nancy-v-reims,away,Reims,4-2-3-1,,2026-09-11T00:44:47Z,bench,63,Armel Zohouri,,,,
2026-09-11-nancy-v-reims,away,Reims,4-2-3-1,,2026-09-11T00:44:47Z,bench,5,John Otomewo,,,,
2026-09-11-nancy-v-reims,away,Reims,4-2-3-1,,2026-09-11T00:44:47Z,bench,44,Manzur Okwaro,,,,
2026-09-11-nancy-v-reims,away,Reims,4-2-3-1,,2026-09-11T00:44:47Z,bench,62,Amine Kashi,,,,
2026-09-11-nancy-v-reims,away,Reims,4-2-3-1,,2026-09-11T00:44:47Z,bench,48,Arone Gadou,,,,
2026-09-11-nancy-v-reims,away,Reims,4-2-3-1,,2026-09-11T00:44:47Z,bench,61,Chamsedin Kouranfal,,,,
2026-09-11-nancy-v-reims,away,Reims,4-2-3-1,,2026-09-11T00:44:47Z,bench,99,Sambou Soumano,,,,
2026-09-11-nancy-v-reims,away,Reims,4-2-3-1,,2026-09-11T00:44:47Z,bench,7,Tidiane Diarrassouba,,,,
2026-09-11-brighton-hove-albion-u21-v-leicester-city-u21,home,Brighton & Hove Albion U21,4-2-3-1,,2026-09-11T00:44:47Z,start,1,Steven Hall,,,0.1,0.5
2026-09-11-brighton-hove-albion-u21-v-leicester-city-u21,home,Brighton & Hove Albion U21,4-2-3-1,,2026-09-11T00:44:47Z,start,6,Theo Outen,,,0.292,0.875
2026-09-11-brighton-hove-albion-u21-v-leicester-city-u21,home,Brighton & Hove Albion U21,4-2-3-1,,2026-09-11T00:44:47Z,start,4,Benjamin Barclay,,,0.292,0.625
2026-09-11-brighton-hove-albion-u21-v-leicester-city-u21,home,Brighton & Hove Albion U21,4-2-3-1,,2026-09-11T00:44:47Z,start,5,Tate Ferdinand,,,0.292,0.375
2026-09-11-brighton-hove-albion-u21-v-leicester-city-u21,home,Brighton & Hove Albion U21,4-2-3-1,,2026-09-11T00:44:47Z,start,3,Sean Keogh,sean-keogh,,0.292,0.125
2026-09-11-brighton-hove-albion-u21-v-leicester-city-u21,home,Brighton & Hove Albion U21,4-2-3-1,,2026-09-11T00:44:47Z,start,2,Callum Mackley,,,0.485,0.7
2026-09-11-brighton-hove-albion-u21-v-leicester-city-u21,home,Brighton & Hove Albion U21,4-2-3-1,,2026-09-11T00:44:47Z,start,8,Shane Nti,,,0.485,0.3
2026-09-11-brighton-hove-albion-u21-v-leicester-city-u21,home,Brighton & Hove Albion U21,4-2-3-1,,2026-09-11T00:44:47Z,start,7,Tyler Silsby,,,0.678,0.837
2026-09-11-brighton-hove-albion-u21-v-leicester-city-u21,home,Brighton & Hove Albion U21,4-2-3-1,,2026-09-11T00:44:47Z,start,10,Younes Ibrahim,,,0.678,0.5
2026-09-11-brighton-hove-albion-u21-v-leicester-city-u21,home,Brighton & Hove Albion U21,4-2-3-1,,2026-09-11T00:44:47Z,start,11,Nehemiah Oriola,,,0.678,0.163
2026-09-11-brighton-hove-albion-u21-v-leicester-city-u21,home,Brighton & Hove Albion U21,4-2-3-1,,2026-09-11T00:44:47Z,start,9,George Munday,,,0.87,0.5
2026-09-11-brighton-hove-albion-u21-v-leicester-city-u21,home,Brighton & Hove Albion U21,4-2-3-1,,2026-09-11T00:44:47Z,bench,13,Michael Dike,,,,
2026-09-11-brighton-hove-albion-u21-v-leicester-city-u21,home,Brighton & Hove Albion U21,4-2-3-1,,2026-09-11T00:44:47Z,bench,16,Liam Crutchett,,,,
2026-09-11-brighton-hove-albion-u21-v-leicester-city-u21,home,Brighton & Hove Albion U21,4-2-3-1,,2026-09-11T00:44:47Z,bench,14,Sebastian Ademola,,,,
2026-09-11-brighton-hove-albion-u21-v-leicester-city-u21,home,Brighton & Hove Albion U21,4-2-3-1,,2026-09-11T00:44:47Z,bench,17,Bailey Palmer,,,,
2026-09-11-brighton-hove-albion-u21-v-leicester-city-u21,home,Brighton & Hove Albion U21,4-2-3-1,,2026-09-11T00:44:47Z,bench,18,Adam Brett,,,,
2026-09-11-brighton-hove-albion-u21-v-leicester-city-u21,home,Brighton & Hove Albion U21,4-2-3-1,,2026-09-11T00:44:47Z,bench,15,Valentin Joseph,,,,
2026-09-11-brighton-hove-albion-u21-v-leicester-city-u21,home,Brighton & Hove Albion U21,4-2-3-1,,2026-09-11T00:44:47Z,bench,12,Isaiah Alakiu,,,,
2026-09-11-brighton-hove-albion-u21-v-leicester-city-u21,away,Leicester City U21,4-4-2,,2026-09-11T00:44:47Z,start,1,Freddie Marson,,,0.1,0.5
2026-09-11-brighton-hove-albion-u21-v-leicester-city-u21,away,Leicester City U21,4-4-2,,2026-09-11T00:44:47Z,start,2,Michael Toko,,,0.357,0.875
2026-09-11-brighton-hove-albion-u21-v-leicester-city-u21,away,Leicester City U21,4-4-2,,2026-09-11T00:44:47Z,start,5,Kevon Gray,,,0.357,0.625
2026-09-11-brighton-hove-albion-u21-v-leicester-city-u21,away,Leicester City U21,4-4-2,,2026-09-11T00:44:47Z,start,6,Ryan Donnelly,,,0.357,0.375
2026-09-11-brighton-hove-albion-u21-v-leicester-city-u21,away,Leicester City U21,4-4-2,,2026-09-11T00:44:47Z,start,3,Will Daniels,,,0.357,0.125
2026-09-11-brighton-hove-albion-u21-v-leicester-city-u21,away,Leicester City U21,4-4-2,,2026-09-11T00:44:47Z,start,7,David Anugo,,,0.613,0.875
2026-09-11-brighton-hove-albion-u21-v-leicester-city-u21,away,Leicester City U21,4-4-2,,2026-09-11T00:44:47Z,start,4,Alpha Diallo,,,0.613,0.625
2026-09-11-brighton-hove-albion-u21-v-leicester-city-u21,away,Leicester City U21,4-4-2,,2026-09-11T00:44:47Z,start,8,Will Lawrence,,,0.613,0.375
2026-09-11-brighton-hove-albion-u21-v-leicester-city-u21,away,Leicester City U21,4-4-2,,2026-09-11T00:44:47Z,start,11,Lorenz Hutchinson,,,0.613,0.125
2026-09-11-brighton-hove-albion-u21-v-leicester-city-u21,away,Leicester City U21,4-4-2,,2026-09-11T00:44:47Z,start,10,Hugo de Lisle,,,0.87,0.7
2026-09-11-brighton-hove-albion-u21-v-leicester-city-u21,away,Leicester City U21,4-4-2,,2026-09-11T00:44:47Z,start,16,Joshua King,,,0.87,0.3
2026-09-11-brighton-hove-albion-u21-v-leicester-city-u21,away,Leicester City U21,4-4-2,,2026-09-11T00:44:47Z,bench,13,Leo Stretton,,,,
2026-09-11-brighton-hove-albion-u21-v-leicester-city-u21,away,Leicester City U21,4-4-2,,2026-09-11T00:44:47Z,bench,16,Reiss Khela,,,,
2026-09-11-brighton-hove-albion-u21-v-leicester-city-u21,away,Leicester City U21,4-4-2,,2026-09-11T00:44:47Z,bench,12,Joe Corden,,,,
2026-09-11-brighton-hove-albion-u21-v-leicester-city-u21,away,Leicester City U21,4-4-2,,2026-09-11T00:44:47Z,bench,14,Luqman Aideed,,,,
2026-09-11-brighton-hove-albion-u21-v-leicester-city-u21,away,Leicester City U21,4-4-2,,2026-09-11T00:44:47Z,bench,17,Rollo Szembell,,,,
2026-09-11-brighton-hove-albion-u21-v-leicester-city-u21,away,Leicester City U21,4-4-2,,2026-09-11T00:44:47Z,bench,15,Tinashe Manyumba,,,,
2026-09-11-greenock-morton-v-livingston,home,Greenock Morton,4-2-3-1,,2026-09-11T00:44:47Z,start,1,Elyh Harrison,,,0.1,0.5
2026-09-11-greenock-morton-v-livingston,home,Greenock Morton,4-2-3-1,,2026-09-11T00:44:47Z,start,2,Cameron Ballantyne,,,0.292,0.875
2026-09-11-greenock-morton-v-livingston,home,Greenock Morton,4-2-3-1,,2026-09-11T00:44:47Z,start,4,Christopher Cupps,,,0.292,0.625
2026-09-11-greenock-morton-v-livingston,home,Greenock Morton,4-2-3-1,,2026-09-11T00:44:47Z,start,5,Phil Croker,,,0.292,0.375
2026-09-11-greenock-morton-v-livingston,home,Greenock Morton,4-2-3-1,,2026-09-11T00:44:47Z,start,52,Laiith Fairnie,,,0.292,0.125
2026-09-11-greenock-morton-v-livingston,home,Greenock Morton,4-2-3-1,,2026-09-11T00:44:47Z,start,21,Grant Gillespie,,,0.485,0.7
2026-09-11-greenock-morton-v-livingston,home,Greenock Morton,4-2-3-1,,2026-09-11T00:44:47Z,start,47,Harry Cochrane,,,0.485,0.3
2026-09-11-greenock-morton-v-livingston,home,Greenock Morton,4-2-3-1,,2026-09-11T00:44:47Z,start,29,Michael O'Halloran,,,0.678,0.837
2026-09-11-greenock-morton-v-livingston,home,Greenock Morton,4-2-3-1,,2026-09-11T00:44:47Z,start,20,Callum Sandilands,,,0.678,0.5
2026-09-11-greenock-morton-v-livingston,home,Greenock Morton,4-2-3-1,,2026-09-11T00:44:47Z,start,7,Michael Garrity,,,0.678,0.163
2026-09-11-greenock-morton-v-livingston,home,Greenock Morton,4-2-3-1,,2026-09-11T00:44:47Z,start,10,Eamonn Brophy,,,0.87,0.5
2026-09-11-greenock-morton-v-livingston,home,Greenock Morton,4-2-3-1,,2026-09-11T00:44:47Z,bench,31,Brian Kinnear,,,,
2026-09-11-greenock-morton-v-livingston,home,Greenock Morton,4-2-3-1,,2026-09-11T00:44:47Z,bench,6,Calvin Okike,,,,
2026-09-11-greenock-morton-v-livingston,home,Greenock Morton,4-2-3-1,,2026-09-11T00:44:47Z,bench,12,Dylan Borso,,,,
2026-09-11-greenock-morton-v-livingston,home,Greenock Morton,4-2-3-1,,2026-09-11T00:44:47Z,bench,17,Sahil Bashir,,,,
2026-09-11-greenock-morton-v-livingston,home,Greenock Morton,4-2-3-1,,2026-09-11T00:44:47Z,bench,11,Bobby McLuckie,,,,
2026-09-11-greenock-morton-v-livingston,home,Greenock Morton,4-2-3-1,,2026-09-11T00:44:47Z,bench,8,Grant Savoury,,,,
2026-09-11-greenock-morton-v-livingston,home,Greenock Morton,4-2-3-1,,2026-09-11T00:44:47Z,bench,19,Kerr Robertson,,,,
2026-09-11-greenock-morton-v-livingston,home,Greenock Morton,4-2-3-1,,2026-09-11T00:44:47Z,bench,25,MacKenzie Carse,,,,
2026-09-11-greenock-morton-v-livingston,home,Greenock Morton,4-2-3-1,,2026-09-11T00:44:47Z,bench,9,Jayden Gorman,,,,
2026-09-11-greenock-morton-v-livingston,away,Livingston,4-3-3,,2026-09-11T00:44:47Z,start,28,Jérome Prior,,,0.1,0.5
2026-09-11-greenock-morton-v-livingston,away,Livingston,4-3-3,,2026-09-11T00:44:47Z,start,22,Jordan Doherty,jordan-doherty,,0.357,0.875
2026-09-11-greenock-morton-v-livingston,away,Livingston,4-3-3,,2026-09-11T00:44:47Z,start,23,Brooklyn Kabongolo,,,0.357,0.625
2026-09-11-greenock-morton-v-livingston,away,Livingston,4-3-3,,2026-09-11T00:44:47Z,start,5,Ryan McGowan,,,0.357,0.375
2026-09-11-greenock-morton-v-livingston,away,Livingston,4-3-3,,2026-09-11T00:44:47Z,start,4,Jack Wilkie,,,0.357,0.125
2026-09-11-greenock-morton-v-livingston,away,Livingston,4-3-3,,2026-09-11T00:44:47Z,start,36,Sam Culbert,,,0.613,0.79
2026-09-11-greenock-morton-v-livingston,away,Livingston,4-3-3,,2026-09-11T00:44:47Z,start,20,Emmanuel Danso,,,0.613,0.5
2026-09-11-greenock-morton-v-livingston,away,Livingston,4-3-3,,2026-09-11T00:44:47Z,start,16,Cammy Palmer,,,0.613,0.21
2026-09-11-greenock-morton-v-livingston,away,Livingston,4-3-3,,2026-09-11T00:44:47Z,start,9,Robbie Muirhead,,,0.87,0.79
2026-09-11-greenock-morton-v-livingston,away,Livingston,4-3-3,,2026-09-11T00:44:47Z,start,25,Bruce Anderson,,,0.87,0.5
2026-09-11-greenock-morton-v-livingston,away,Livingston,4-3-3,,2026-09-11T00:44:47Z,start,19,Bradly van Hoeven,,,0.87,0.21
2026-09-11-greenock-morton-v-livingston,away,Livingston,4-3-3,,2026-09-11T00:44:47Z,bench,14,Jack Hamilton,,,,
2026-09-11-greenock-morton-v-livingston,away,Livingston,4-3-3,,2026-09-11T00:44:47Z,bench,3,Babacar Fati,,,,
2026-09-11-greenock-morton-v-livingston,away,Livingston,4-3-3,,2026-09-11T00:44:47Z,bench,21,Besir Iseni,,,,
2026-09-11-greenock-morton-v-livingston,away,Livingston,4-3-3,,2026-09-11T00:44:47Z,bench,2,Cameron Kerr,,,,
2026-09-11-greenock-morton-v-livingston,away,Livingston,4-3-3,,2026-09-11T00:44:47Z,bench,39,Liam Polworth,,,,
2026-09-11-greenock-morton-v-livingston,away,Livingston,4-3-3,,2026-09-11T00:44:47Z,bench,8,Scott Pittman,,,,
2026-09-11-greenock-morton-v-livingston,away,Livingston,4-3-3,,2026-09-11T00:44:47Z,bench,27,Graham Carey,graham-carey,,,
2026-09-11-greenock-morton-v-livingston,away,Livingston,4-3-3,,2026-09-11T00:44:47Z,bench,17,Stevie May,,,,
2026-09-11-greenock-morton-v-livingston,away,Livingston,4-3-3,,2026-09-11T00:44:47Z,bench,7,Tyrese Sinclair,,,,
2026-09-11-galway-united-fc-v-bohemian-fc,away,Bohemian FC,4-3-3,last,2026-09-11T00:44:47Z,start,25,Paul Walters,,,0.1,0.5
2026-09-11-galway-united-fc-v-bohemian-fc,away,Bohemian FC,4-3-3,last,2026-09-11T00:44:47Z,start,15,Senan Mullen,senan-mullen,,0.357,0.875
2026-09-11-galway-united-fc-v-bohemian-fc,away,Bohemian FC,4-3-3,last,2026-09-11T00:44:47Z,start,24,Cian Byrne,cian-byrne,,0.357,0.625
2026-09-11-galway-united-fc-v-bohemian-fc,away,Bohemian FC,4-3-3,last,2026-09-11T00:44:47Z,start,12,Patrick Hickey,,,0.357,0.375
2026-09-11-galway-united-fc-v-bohemian-fc,away,Bohemian FC,4-3-3,last,2026-09-11T00:44:47Z,start,16,Darragh Power,darragh-power,,0.357,0.125
2026-09-11-galway-united-fc-v-bohemian-fc,away,Bohemian FC,4-3-3,last,2026-09-11T00:44:47Z,start,6,Jordan Flores,,,0.613,0.79
2026-09-11-galway-united-fc-v-bohemian-fc,away,Bohemian FC,4-3-3,last,2026-09-11T00:44:47Z,start,10,Dawson Devoy,dawson-devoy,,0.613,0.5
2026-09-11-galway-united-fc-v-bohemian-fc,away,Bohemian FC,4-3-3,last,2026-09-11T00:44:47Z,start,8,Harry Vaughan,harry-vaughan,,0.613,0.21
2026-09-11-galway-united-fc-v-bohemian-fc,away,Bohemian FC,4-3-3,last,2026-09-11T00:44:47Z,start,26,Ross Tierney,ross-tierney,,0.87,0.79
2026-09-11-galway-united-fc-v-bohemian-fc,away,Bohemian FC,4-3-3,last,2026-09-11T00:44:47Z,start,7,Connor Parsons,,,0.87,0.5
2026-09-11-galway-united-fc-v-bohemian-fc,away,Bohemian FC,4-3-3,last,2026-09-11T00:44:47Z,start,18,Douglas James-Taylor,,,0.87,0.21
2026-09-11-galway-united-fc-v-bohemian-fc,away,Bohemian FC,4-3-3,last,2026-09-11T00:44:47Z,bench,1,Kacper Chorazka,,,,
2026-09-11-galway-united-fc-v-bohemian-fc,away,Bohemian FC,4-3-3,last,2026-09-11T00:44:47Z,bench,4,Niall Morahan,niall-morahan,,,
2026-09-11-galway-united-fc-v-bohemian-fc,away,Bohemian FC,4-3-3,last,2026-09-11T00:44:47Z,bench,3,Ryan Burke,ryan-burke,,,
2026-09-11-galway-united-fc-v-bohemian-fc,away,Bohemian FC,4-3-3,last,2026-09-11T00:44:47Z,bench,17,Adam McDonnell,adam-mcdonnell,,,
2026-09-11-galway-united-fc-v-bohemian-fc,away,Bohemian FC,4-3-3,last,2026-09-11T00:44:47Z,bench,5,Sadou Diallo,,,,
2026-09-11-galway-united-fc-v-bohemian-fc,away,Bohemian FC,4-3-3,last,2026-09-11T00:44:47Z,bench,9,Colm Whelan,colm-whelan,,,
2026-09-11-galway-united-fc-v-bohemian-fc,away,Bohemian FC,4-3-3,last,2026-09-11T00:44:47Z,bench,32,Markuss Strods,,,,
2026-09-11-galway-united-fc-v-bohemian-fc,away,Bohemian FC,4-3-3,last,2026-09-11T00:44:47Z,bench,41,Paddy Madden,paddy-madden,,,
2026-09-11-galway-united-fc-v-bohemian-fc,away,Bohemian FC,4-3-3,last,2026-09-11T00:44:47Z,bench,23,Zane Myers,,,,
2026-09-11-waterford-fc-v-dundalk,home,Waterford FC,3-4-1-2,last,2026-09-11T00:44:47Z,start,1,Stephen McMullan,,,0.1,0.5
2026-09-11-waterford-fc-v-dundalk,home,Waterford FC,3-4-1-2,last,2026-09-11T00:44:47Z,start,16,Hayden Cann,,,0.292,0.79
2026-09-11-waterford-fc-v-dundalk,home,Waterford FC,3-4-1-2,last,2026-09-11T00:44:47Z,start,5,John Mahon,john-mahon,,0.292,0.5
2026-09-11-waterford-fc-v-dundalk,home,Waterford FC,3-4-1-2,last,2026-09-11T00:44:47Z,start,13,Kevin Long,kevin-long,,0.292,0.21
2026-09-11-waterford-fc-v-dundalk,home,Waterford FC,3-4-1-2,last,2026-09-11T00:44:47Z,start,2,Jordan Houston,,,0.485,0.875
2026-09-11-waterford-fc-v-dundalk,home,Waterford FC,3-4-1-2,last,2026-09-11T00:44:47Z,start,7,Noah Mawene,,,0.485,0.625
2026-09-11-waterford-fc-v-dundalk,home,Waterford FC,3-4-1-2,last,2026-09-11T00:44:47Z,start,8,Evan McLaughlin,evan-mclaughlin,,0.485,0.375
2026-09-11-waterford-fc-v-dundalk,home,Waterford FC,3-4-1-2,last,2026-09-11T00:44:47Z,start,3,Benny Couto,,,0.485,0.125
2026-09-11-waterford-fc-v-dundalk,home,Waterford FC,3-4-1-2,last,2026-09-11T00:44:47Z,start,18,Tom Lonergan,tom-lonergan,,0.678,0.5
2026-09-11-waterford-fc-v-dundalk,home,Waterford FC,3-4-1-2,last,2026-09-11T00:44:47Z,start,9,Pádraig Amond,padraig-amond,,0.87,0.7
2026-09-11-waterford-fc-v-dundalk,home,Waterford FC,3-4-1-2,last,2026-09-11T00:44:47Z,start,10,Conan Noonan,conan-noonan,,0.87,0.3
2026-09-11-waterford-fc-v-dundalk,home,Waterford FC,3-4-1-2,last,2026-09-11T00:44:47Z,bench,32,Goforth Amedu,,,,
2026-09-11-waterford-fc-v-dundalk,home,Waterford FC,3-4-1-2,last,2026-09-11T00:44:47Z,bench,21,Arlo Doherty,arlo-doherty,,,
2026-09-11-waterford-fc-v-dundalk,home,Waterford FC,3-4-1-2,last,2026-09-11T00:44:47Z,bench,12,Blair McKenzie,,,,
2026-09-11-waterford-fc-v-dundalk,home,Waterford FC,3-4-1-2,last,2026-09-11T00:44:47Z,bench,6,Joe Ashton,,,,
2026-09-11-waterford-fc-v-dundalk,home,Waterford FC,3-4-1-2,last,2026-09-11T00:44:47Z,bench,56,Aaron Brennan,aaron-brennan,,,
2026-09-11-waterford-fc-v-dundalk,home,Waterford FC,3-4-1-2,last,2026-09-11T00:44:47Z,bench,27,Dean McMenamy,dean-mcmenamy,,,
2026-09-11-waterford-fc-v-dundalk,home,Waterford FC,3-4-1-2,last,2026-09-11T00:44:47Z,bench,20,Jørgen Voilås,,,,
2026-09-11-waterford-fc-v-dundalk,home,Waterford FC,3-4-1-2,last,2026-09-11T00:44:47Z,bench,15,Luke Heeney,luke-heeney,,,
2026-09-11-waterford-fc-v-dundalk,home,Waterford FC,3-4-1-2,last,2026-09-11T00:44:47Z,bench,11,Trae Coyle,,,,
2026-09-11-waterford-fc-v-dundalk,away,Dundalk,4-2-3-1,last,2026-09-11T00:44:47Z,start,1,Enda Minogue,enda-minogue,,0.1,0.5
2026-09-11-waterford-fc-v-dundalk,away,Dundalk,4-2-3-1,last,2026-09-11T00:44:47Z,start,44,Tom Grivosti,,,0.292,0.875
2026-09-11-waterford-fc-v-dundalk,away,Dundalk,4-2-3-1,last,2026-09-11T00:44:47Z,start,24,Robert Cornwall,robert-cornwall,,0.292,0.625
2026-09-11-waterford-fc-v-dundalk,away,Dundalk,4-2-3-1,last,2026-09-11T00:44:47Z,start,4,Mayowa Animasahun,mayowa-animasahun,,0.292,0.375
2026-09-11-waterford-fc-v-dundalk,away,Dundalk,4-2-3-1,last,2026-09-11T00:44:47Z,start,11,Ronan Teahan,ronan-teahan,,0.292,0.125
2026-09-11-waterford-fc-v-dundalk,away,Dundalk,4-2-3-1,last,2026-09-11T00:44:47Z,start,18,Keith Buckley,keith-buckley,,0.485,0.7
2026-09-11-waterford-fc-v-dundalk,away,Dundalk,4-2-3-1,last,2026-09-11T00:44:47Z,start,6,Aodh Dervin,aodh-dervin,,0.485,0.3
2026-09-11-waterford-fc-v-dundalk,away,Dundalk,4-2-3-1,last,2026-09-11T00:44:47Z,start,3,Bobby Burns,,,0.678,0.837
2026-09-11-waterford-fc-v-dundalk,away,Dundalk,4-2-3-1,last,2026-09-11T00:44:47Z,start,7,Daryl Horgan,daryl-horgan,,0.678,0.5
2026-09-11-waterford-fc-v-dundalk,away,Dundalk,4-2-3-1,last,2026-09-11T00:44:47Z,start,9,Cian Dillon,cian-dillon,,0.678,0.163
2026-09-11-waterford-fc-v-dundalk,away,Dundalk,4-2-3-1,last,2026-09-11T00:44:47Z,start,15,Trevor Clarke,trevor-clarke,,0.87,0.5
2026-09-11-waterford-fc-v-dundalk,away,Dundalk,4-2-3-1,last,2026-09-11T00:44:47Z,bench,13,Peter Cherrie,,,,
2026-09-11-waterford-fc-v-dundalk,away,Dundalk,4-2-3-1,last,2026-09-11T00:44:47Z,bench,20,Samuel Safaei,samuel-safaei,,,
2026-09-11-waterford-fc-v-dundalk,away,Dundalk,4-2-3-1,last,2026-09-11T00:44:47Z,bench,16,Egor Vassenin,egor-vassenin,,,
2026-09-11-waterford-fc-v-dundalk,away,Dundalk,4-2-3-1,last,2026-09-11T00:44:47Z,bench,12,Luke Mulligan,luke-mulligan,,,
2026-09-11-waterford-fc-v-dundalk,away,Dundalk,4-2-3-1,last,2026-09-11T00:44:47Z,bench,23,Aaron Keogh,aaron-keogh,,,
2026-09-11-waterford-fc-v-dundalk,away,Dundalk,4-2-3-1,last,2026-09-11T00:44:47Z,bench,8,Harry Groome,harry-groome,,,
2026-09-11-waterford-fc-v-dundalk,away,Dundalk,4-2-3-1,last,2026-09-11T00:44:47Z,bench,17,Shane Tracey,shane-tracey,,,
2026-09-11-waterford-fc-v-dundalk,away,Dundalk,4-2-3-1,last,2026-09-11T00:44:47Z,bench,27,Declan McDaid,,,,
2026-09-11-waterford-fc-v-dundalk,away,Dundalk,4-2-3-1,last,2026-09-11T00:44:47Z,bench,10,Leonardo Gaxha,,,,
2026-09-11-drogheda-united-v-sligo-rovers,home,Drogheda United,3-5-2,last,2026-09-11T00:44:47Z,start,1,Luke Dennison,,,0.1,0.5
2026-09-11-drogheda-united-v-sligo-rovers,home,Drogheda United,3-5-2,last,2026-09-11T00:44:47Z,start,2,Edwin Agbaje,edwin-agbaje,,0.357,0.79
2026-09-11-drogheda-united-v-sligo-rovers,home,Drogheda United,3-5-2,last,2026-09-11T00:44:47Z,start,22,Conor Keeley,conor-keeley,,0.357,0.5
2026-09-11-drogheda-united-v-sligo-rovers,home,Drogheda United,3-5-2,last,2026-09-11T00:44:47Z,start,18,James Bolger,james-bolger,,0.357,0.21
2026-09-11-drogheda-united-v-sligo-rovers,home,Drogheda United,3-5-2,last,2026-09-11T00:44:47Z,start,7,Jason Bucknor,,,0.613,0.89
2026-09-11-drogheda-united-v-sligo-rovers,home,Drogheda United,3-5-2,last,2026-09-11T00:44:47Z,start,17,Shane Farrell,shane-farrell,,0.613,0.695
2026-09-11-drogheda-united-v-sligo-rovers,home,Drogheda United,3-5-2,last,2026-09-11T00:44:47Z,start,19,Ryan Brennan,ryan-brennan,,0.613,0.5
2026-09-11-drogheda-united-v-sligo-rovers,home,Drogheda United,3-5-2,last,2026-09-11T00:44:47Z,start,15,Alfie Bates,,,0.613,0.305
2026-09-11-drogheda-united-v-sligo-rovers,home,Drogheda United,3-5-2,last,2026-09-11T00:44:47Z,start,3,Conor Kane,conor-kane,,0.613,0.11
2026-09-11-drogheda-united-v-sligo-rovers,home,Drogheda United,3-5-2,last,2026-09-11T00:44:47Z,start,11,Thomas Oluwa,thomas-oluwa,,0.87,0.7
2026-09-11-drogheda-united-v-sligo-rovers,home,Drogheda United,3-5-2,last,2026-09-11T00:44:47Z,start,24,Warren Davis,warren-davis,,0.87,0.3
2026-09-11-drogheda-united-v-sligo-rovers,home,Drogheda United,3-5-2,last,2026-09-11T00:44:47Z,bench,44,Fynn Talley,,,,
2026-09-11-drogheda-united-v-sligo-rovers,home,Drogheda United,3-5-2,last,2026-09-11T00:44:47Z,bench,4,Andrew Quinn,andrew-quinn,,,
2026-09-11-drogheda-united-v-sligo-rovers,home,Drogheda United,3-5-2,last,2026-09-11T00:44:47Z,bench,5,Leo Burney,,,,
2026-09-11-drogheda-united-v-sligo-rovers,home,Drogheda United,3-5-2,last,2026-09-11T00:44:47Z,bench,10,Brandon Kavanagh,brandon-kavanagh,,,
2026-09-11-drogheda-united-v-sligo-rovers,home,Drogheda United,3-5-2,last,2026-09-11T00:44:47Z,bench,6,Jago Godden,,,,
2026-09-11-drogheda-united-v-sligo-rovers,home,Drogheda United,3-5-2,last,2026-09-11T00:44:47Z,bench,9,Keegan Ancelin,,,,
2026-09-11-drogheda-united-v-sligo-rovers,home,Drogheda United,3-5-2,last,2026-09-11T00:44:47Z,bench,31,Kieran Cruise,kieran-cruise,,,
2026-09-11-drogheda-united-v-sligo-rovers,home,Drogheda United,3-5-2,last,2026-09-11T00:44:47Z,bench,14,Mark Doyle,mark-doyle,,,
2026-09-11-drogheda-united-v-sligo-rovers,home,Drogheda United,3-5-2,last,2026-09-11T00:44:47Z,bench,25,Ryan Markey,ryan-markey,,,
2026-09-11-drogheda-united-v-sligo-rovers,away,Sligo Rovers,4-2-3-1,last,2026-09-11T00:44:47Z,start,29,Sam Sargeant,,,0.1,0.5
2026-09-11-drogheda-united-v-sligo-rovers,away,Sligo Rovers,4-2-3-1,last,2026-09-11T00:44:47Z,start,7,Jack Shorrock,,,0.292,0.875
2026-09-11-drogheda-united-v-sligo-rovers,away,Sligo Rovers,4-2-3-1,last,2026-09-11T00:44:47Z,start,15,Oliver Denham,,,0.292,0.625
2026-09-11-drogheda-united-v-sligo-rovers,away,Sligo Rovers,4-2-3-1,last,2026-09-11T00:44:47Z,start,52,Gareth McElroy,gareth-mcelroy,,0.292,0.375
2026-09-11-drogheda-united-v-sligo-rovers,away,Sligo Rovers,4-2-3-1,last,2026-09-11T00:44:47Z,start,3,Sean Stewart,,,0.292,0.125
2026-09-11-drogheda-united-v-sligo-rovers,away,Sligo Rovers,4-2-3-1,last,2026-09-11T00:44:47Z,start,4,Sebastian Quirk,,,0.485,0.7
2026-09-11-drogheda-united-v-sligo-rovers,away,Sligo Rovers,4-2-3-1,last,2026-09-11T00:44:47Z,start,16,Carl McHugh,carl-mchugh,,0.485,0.3
2026-09-11-drogheda-united-v-sligo-rovers,away,Sligo Rovers,4-2-3-1,last,2026-09-11T00:44:47Z,start,19,Alex Nolan,alex-nolan,,0.678,0.837
2026-09-11-drogheda-united-v-sligo-rovers,away,Sligo Rovers,4-2-3-1,last,2026-09-11T00:44:47Z,start,6,Luke Young,,,0.678,0.5
2026-09-11-drogheda-united-v-sligo-rovers,away,Sligo Rovers,4-2-3-1,last,2026-09-11T00:44:47Z,start,9,Luke Pearce,luke-pearce,,0.678,0.163
2026-09-11-drogheda-united-v-sligo-rovers,away,Sligo Rovers,4-2-3-1,last,2026-09-11T00:44:47Z,start,11,Cian Kavanagh,cian-kavanagh,,0.87,0.5
2026-09-11-drogheda-united-v-sligo-rovers,away,Sligo Rovers,4-2-3-1,last,2026-09-11T00:44:47Z,bench,1,Liam Hughes,,,,
2026-09-11-drogheda-united-v-sligo-rovers,away,Sligo Rovers,4-2-3-1,last,2026-09-11T00:44:47Z,bench,23,Kyle McDonagh,kyle-mcdonagh,,,
2026-09-11-drogheda-united-v-sligo-rovers,away,Sligo Rovers,4-2-3-1,last,2026-09-11T00:44:47Z,bench,10,Archie Meekison,,,,
2026-09-11-drogheda-united-v-sligo-rovers,away,Sligo Rovers,4-2-3-1,last,2026-09-11T00:44:47Z,bench,61,Conor Cannon,conor-cannon,,,
2026-09-11-drogheda-united-v-sligo-rovers,away,Sligo Rovers,4-2-3-1,last,2026-09-11T00:44:47Z,bench,14,James McManus,james-mcmanus,,,
2026-09-11-drogheda-united-v-sligo-rovers,away,Sligo Rovers,4-2-3-1,last,2026-09-11T00:44:47Z,bench,20,Trey George,,,,
2026-09-11-drogheda-united-v-sligo-rovers,away,Sligo Rovers,4-2-3-1,last,2026-09-11T00:44:47Z,bench,24,Jamie O'Donnell,jamie-odonnell,,,
2026-09-11-drogheda-united-v-sligo-rovers,away,Sligo Rovers,4-2-3-1,last,2026-09-11T00:44:47Z,bench,41,Kaiyne Woolery,,,,
2026-09-11-drogheda-united-v-sligo-rovers,away,Sligo Rovers,4-2-3-1,last,2026-09-11T00:44:47Z,bench,28,Ryan O'Kane,ryan-okane,,,
2026-09-11-kv-mechelen-v-anderlecht,home,KV Mechelen,3-4-2-1,,2026-09-11T00:44:47Z,start,13,Nacho Mirás,,,0.1,0.5
2026-09-11-kv-mechelen-v-anderlecht,home,KV Mechelen,3-4-2-1,,2026-09-11T00:44:47Z,start,2,Luc Marijnissen,,,0.292,0.79
2026-09-11-kv-mechelen-v-anderlecht,home,KV Mechelen,3-4-2-1,,2026-09-11T00:44:47Z,start,3,José Marsà,,,0.292,0.5
2026-09-11-kv-mechelen-v-anderlecht,home,KV Mechelen,3-4-2-1,,2026-09-11T00:44:47Z,start,44,Mike Eerdhuijzen,,,0.292,0.21
2026-09-11-kv-mechelen-v-anderlecht,home,KV Mechelen,3-4-2-1,,2026-09-11T00:44:47Z,start,7,Thérence Koudou,,,0.485,0.875
2026-09-11-kv-mechelen-v-anderlecht,home,KV Mechelen,3-4-2-1,,2026-09-11T00:44:47Z,start,26,Dennis Praet,,,0.485,0.625
2026-09-11-kv-mechelen-v-anderlecht,home,KV Mechelen,3-4-2-1,,2026-09-11T00:44:47Z,start,6,Fredrik Hammar,,,0.485,0.375
2026-09-11-kv-mechelen-v-anderlecht,home,KV Mechelen,3-4-2-1,,2026-09-11T00:44:47Z,start,17,Cedric Van Meirvenne,,,0.485,0.125
2026-09-11-kv-mechelen-v-anderlecht,home,KV Mechelen,3-4-2-1,,2026-09-11T00:44:47Z,start,16,Adeshina Ayodele,,,0.678,0.7
2026-09-11-kv-mechelen-v-anderlecht,home,KV Mechelen,3-4-2-1,,2026-09-11T00:44:47Z,start,9,Myron van Brederode,,,0.678,0.3
2026-09-11-kv-mechelen-v-anderlecht,home,KV Mechelen,3-4-2-1,,2026-09-11T00:44:47Z,start,27,Keano Vanrafelghem,,,0.87,0.5
2026-09-11-kv-mechelen-v-anderlecht,home,KV Mechelen,3-4-2-1,,2026-09-11T00:44:47Z,bench,1,Ortwin de Wolf,,,,
2026-09-11-kv-mechelen-v-anderlecht,home,KV Mechelen,3-4-2-1,,2026-09-11T00:44:47Z,bench,39,Massimo Decoene,,,,
2026-09-11-kv-mechelen-v-anderlecht,home,KV Mechelen,3-4-2-1,,2026-09-11T00:44:47Z,bench,11,Bilal Bafdili,,,,
2026-09-11-kv-mechelen-v-anderlecht,home,KV Mechelen,3-4-2-1,,2026-09-11T00:44:47Z,bench,29,Bill Antonio,,,,
2026-09-11-kv-mechelen-v-anderlecht,home,KV Mechelen,3-4-2-1,,2026-09-11T00:44:47Z,bench,30,Marco Decherf,,,,
2026-09-11-kv-mechelen-v-anderlecht,home,KV Mechelen,3-4-2-1,,2026-09-11T00:44:47Z,bench,14,Benito Raman,,,,
2026-09-11-kv-mechelen-v-anderlecht,home,KV Mechelen,3-4-2-1,,2026-09-11T00:44:47Z,bench,28,Bouke Boersma,,,,
2026-09-11-kv-mechelen-v-anderlecht,home,KV Mechelen,3-4-2-1,,2026-09-11T00:44:47Z,bench,19,Malcolm Lohunanu-Mbasi,,,,
2026-09-11-kv-mechelen-v-anderlecht,home,KV Mechelen,3-4-2-1,,2026-09-11T00:44:47Z,bench,23,Simion Michez,,,,
2026-09-11-kv-mechelen-v-anderlecht,away,Anderlecht,4-4-2,,2026-09-11T00:44:47Z,start,26,Colin Coosemans,,,0.1,0.5
2026-09-11-kv-mechelen-v-anderlecht,away,Anderlecht,4-4-2,,2026-09-11T00:44:47Z,start,79,Ali Maamar,,,0.357,0.875
2026-09-11-kv-mechelen-v-anderlecht,away,Anderlecht,4-4-2,,2026-09-11T00:44:47Z,start,4,Giulian Biancone,,,0.357,0.625
2026-09-11-kv-mechelen-v-anderlecht,away,Anderlecht,4-4-2,,2026-09-11T00:44:47Z,start,27,Léo Pétrot,,,0.357,0.375
2026-09-11-kv-mechelen-v-anderlecht,away,Anderlecht,4-4-2,,2026-09-11T00:44:47Z,start,6,Ludwig Augustinsson,,,0.357,0.125
2026-09-11-kv-mechelen-v-anderlecht,away,Anderlecht,4-4-2,,2026-09-11T00:44:47Z,start,53,Noa Ojea,,,0.613,0.875
2026-09-11-kv-mechelen-v-anderlecht,away,Anderlecht,4-4-2,,2026-09-11T00:44:47Z,start,30,Ilias Koutsoupias,,,0.613,0.625
2026-09-11-kv-mechelen-v-anderlecht,away,Anderlecht,4-4-2,,2026-09-11T00:44:47Z,start,55,Marco Kana,,,0.613,0.375
2026-09-11-kv-mechelen-v-anderlecht,away,Anderlecht,4-4-2,,2026-09-11T00:44:47Z,start,11,Oliver Antman,,,0.613,0.125
2026-09-11-kv-mechelen-v-anderlecht,away,Anderlecht,4-4-2,,2026-09-11T00:44:47Z,start,21,Tawfik Bentayeb,,,0.87,0.7
2026-09-11-kv-mechelen-v-anderlecht,away,Anderlecht,4-4-2,,2026-09-11T00:44:47Z,start,14,Danylo Sikan,,,0.87,0.3
2026-09-11-kv-mechelen-v-anderlecht,away,Anderlecht,4-4-2,,2026-09-11T00:44:47Z,bench,32,Justin Heekeren,,,,
2026-09-11-kv-mechelen-v-anderlecht,away,Anderlecht,4-4-2,,2026-09-11T00:44:47Z,bench,33,Mattis Seghers,,,,
2026-09-11-kv-mechelen-v-anderlecht,away,Anderlecht,4-4-2,,2026-09-11T00:44:47Z,bench,12,Andrew Omobamidele,andrew-omobamidele,,,
2026-09-11-kv-mechelen-v-anderlecht,away,Anderlecht,4-4-2,,2026-09-11T00:44:47Z,bench,50,Kaïs Barry,,,,
2026-09-11-kv-mechelen-v-anderlecht,away,Anderlecht,4-4-2,,2026-09-11T00:44:47Z,bench,24,Enric Llansana,,,,
2026-09-11-kv-mechelen-v-anderlecht,away,Anderlecht,4-4-2,,2026-09-11T00:44:47Z,bench,61,Joshua Nga Kana,,,,
2026-09-11-kv-mechelen-v-anderlecht,away,Anderlecht,4-4-2,,2026-09-11T00:44:47Z,bench,18,Lukás Ambros,,,,
2026-09-11-kv-mechelen-v-anderlecht,away,Anderlecht,4-4-2,,2026-09-11T00:44:47Z,bench,68,Noah Kalonji,,,,
2026-09-11-kv-mechelen-v-anderlecht,away,Anderlecht,4-4-2,,2026-09-11T00:44:47Z,bench,49,Jayden Seke,,,,
2026-09-11-kv-mechelen-v-anderlecht,away,Anderlecht,4-4-2,,2026-09-11T00:44:47Z,bench,10,Marten Winkler,,,,
2026-09-11-kv-mechelen-v-anderlecht,away,Anderlecht,4-4-2,,2026-09-11T00:44:47Z,bench,9,Mihajlo Cvetković,,,,
2026-09-11-kv-mechelen-v-anderlecht,away,Anderlecht,4-4-2,,2026-09-11T00:44:47Z,bench,83,Tristan Degreef,,,,
2026-09-11-stenhousemuir-v-heart-of-midlothian,home,Stenhousemuir,3-4-3,,2026-09-11T00:44:47Z,start,1,Darren Jamieson,,,0.1,0.5
2026-09-11-stenhousemuir-v-heart-of-midlothian,home,Stenhousemuir,3-4-3,,2026-09-11T00:44:47Z,start,24,Leyton Grant,,,0.357,0.79
2026-09-11-stenhousemuir-v-heart-of-midlothian,home,Stenhousemuir,3-4-3,,2026-09-11T00:44:47Z,start,5,Sam Young,,,0.357,0.5
2026-09-11-stenhousemuir-v-heart-of-midlothian,home,Stenhousemuir,3-4-3,,2026-09-11T00:44:47Z,start,19,Scott Bright,,,0.357,0.21
2026-09-11-stenhousemuir-v-heart-of-midlothian,home,Stenhousemuir,3-4-3,,2026-09-11T00:44:47Z,start,2,Ross Meechan,,,0.613,0.875
2026-09-11-stenhousemuir-v-heart-of-midlothian,home,Stenhousemuir,3-4-3,,2026-09-11T00:44:47Z,start,17,Michael Anderson,,,0.613,0.625
2026-09-11-stenhousemuir-v-heart-of-midlothian,home,Stenhousemuir,3-4-3,,2026-09-11T00:44:47Z,start,8,Finn Robson,,,0.613,0.375
2026-09-11-stenhousemuir-v-heart-of-midlothian,home,Stenhousemuir,3-4-3,,2026-09-11T00:44:47Z,start,14,Kinlay Bilham,,,0.613,0.125
2026-09-11-stenhousemuir-v-heart-of-midlothian,home,Stenhousemuir,3-4-3,,2026-09-11T00:44:47Z,start,21,Lewis Hodgkiss,,,0.87,0.79
2026-09-11-stenhousemuir-v-heart-of-midlothian,home,Stenhousemuir,3-4-3,,2026-09-11T00:44:47Z,start,10,Andrew Shinnie,,,0.87,0.5
2026-09-11-stenhousemuir-v-heart-of-midlothian,home,Stenhousemuir,3-4-3,,2026-09-11T00:44:47Z,start,11,Lewis O'Donnell,,,0.87,0.21
2026-09-11-stenhousemuir-v-heart-of-midlothian,home,Stenhousemuir,3-4-3,,2026-09-11T00:44:47Z,bench,34,Robbie Hemfrey,,,,
2026-09-11-stenhousemuir-v-heart-of-midlothian,home,Stenhousemuir,3-4-3,,2026-09-11T00:44:47Z,bench,28,Callum Penman,,,,
2026-09-11-stenhousemuir-v-heart-of-midlothian,home,Stenhousemuir,3-4-3,,2026-09-11T00:44:47Z,bench,4,Gregor Buchanan,,,,
2026-09-11-stenhousemuir-v-heart-of-midlothian,home,Stenhousemuir,3-4-3,,2026-09-11T00:44:47Z,bench,37,Oscar MacIntyre,,,,
2026-09-11-stenhousemuir-v-heart-of-midlothian,home,Stenhousemuir,3-4-3,,2026-09-11T00:44:47Z,bench,20,Gus Stevenson,,,,
2026-09-11-stenhousemuir-v-heart-of-midlothian,home,Stenhousemuir,3-4-3,,2026-09-11T00:44:47Z,bench,39,Matthew Gillies,,,,
2026-09-11-stenhousemuir-v-heart-of-midlothian,home,Stenhousemuir,3-4-3,,2026-09-11T00:44:47Z,bench,25,Shea Scally,,,,
2026-09-11-stenhousemuir-v-heart-of-midlothian,home,Stenhousemuir,3-4-3,,2026-09-11T00:44:47Z,bench,7,Euan O'Reilly,,,,
2026-09-11-stenhousemuir-v-heart-of-midlothian,home,Stenhousemuir,3-4-3,,2026-09-11T00:44:47Z,bench,9,Matthew Aitken,,,,
2026-09-11-stenhousemuir-v-heart-of-midlothian,away,Heart of Midlothian,4-2-3-1,,2026-09-11T00:44:47Z,start,1,Beau Reus,,,0.1,0.5
2026-09-11-stenhousemuir-v-heart-of-midlothian,away,Heart of Midlothian,4-2-3-1,,2026-09-11T00:44:47Z,start,23,Jordi Altena,,,0.292,0.875
2026-09-11-stenhousemuir-v-heart-of-midlothian,away,Heart of Midlothian,4-2-3-1,,2026-09-11T00:44:47Z,start,6,Oisin McEntee,oisin-mcentee,,0.292,0.625
2026-09-11-stenhousemuir-v-heart-of-midlothian,away,Heart of Midlothian,4-2-3-1,,2026-09-11T00:44:47Z,start,17,Stuart Findlay,,,0.292,0.375
2026-09-11-stenhousemuir-v-heart-of-midlothian,away,Heart of Midlothian,4-2-3-1,,2026-09-11T00:44:47Z,start,5,Jamie McCart,,,0.292,0.125
2026-09-11-stenhousemuir-v-heart-of-midlothian,away,Heart of Midlothian,4-2-3-1,,2026-09-11T00:44:47Z,start,22,Tómas Magnússon,,,0.485,0.7
2026-09-11-stenhousemuir-v-heart-of-midlothian,away,Heart of Midlothian,4-2-3-1,,2026-09-11T00:44:47Z,start,78,Laurent Mendy,,,0.485,0.3
2026-09-11-stenhousemuir-v-heart-of-midlothian,away,Heart of Midlothian,4-2-3-1,,2026-09-11T00:44:47Z,start,7,Calvin Miller,,,0.678,0.837
2026-09-11-stenhousemuir-v-heart-of-midlothian,away,Heart of Midlothian,4-2-3-1,,2026-09-11T00:44:47Z,start,10,Cláudio Braga,,,0.678,0.5
2026-09-11-stenhousemuir-v-heart-of-midlothian,away,Heart of Midlothian,4-2-3-1,,2026-09-11T00:44:47Z,start,15,Joshua McPake,,,0.678,0.163
2026-09-11-stenhousemuir-v-heart-of-midlothian,away,Heart of Midlothian,4-2-3-1,,2026-09-11T00:44:47Z,start,21,James Wilson,,,0.87,0.5
2026-09-11-stenhousemuir-v-heart-of-midlothian,away,Heart of Midlothian,4-2-3-1,,2026-09-11T00:44:47Z,bench,30,Ryan Fulton,,,,
2026-09-11-stenhousemuir-v-heart-of-midlothian,away,Heart of Midlothian,4-2-3-1,,2026-09-11T00:44:47Z,bench,2,Christian Dahle Borchgrevink,,,,
2026-09-11-stenhousemuir-v-heart-of-midlothian,away,Heart of Midlothian,4-2-3-1,,2026-09-11T00:44:47Z,bench,18,Harry Milne,,,,
2026-09-11-stenhousemuir-v-heart-of-midlothian,away,Heart of Midlothian,4-2-3-1,,2026-09-11T00:44:47Z,bench,19,Sabri Guendouz,,,,
2026-09-11-stenhousemuir-v-heart-of-midlothian,away,Heart of Midlothian,4-2-3-1,,2026-09-11T00:44:47Z,bench,77,Amadou Ba-Sy,,,,
2026-09-11-stenhousemuir-v-heart-of-midlothian,away,Heart of Midlothian,4-2-3-1,,2026-09-11T00:44:47Z,bench,9,JJ Williams,,,,
2026-09-11-stenhousemuir-v-heart-of-midlothian,away,Heart of Midlothian,4-2-3-1,,2026-09-11T00:44:47Z,bench,11,Pierre Landry Kaboré,,,,
2026-09-11-stenhousemuir-v-heart-of-midlothian,away,Heart of Midlothian,4-2-3-1,,2026-09-11T00:44:47Z,bench,74,Rogers Mato,,,,
2026-09-11-stenhousemuir-v-heart-of-midlothian,away,Heart of Midlothian,4-2-3-1,,2026-09-11T00:44:47Z,bench,29,Sabah Kerjota,,,,
2026-09-11-st-patricks-athletic-v-shamrock-rovers,home,St. Patrick's Athletic,3-5-2,last,2026-09-11T00:44:47Z,start,94,Joseph Anang,,,0.1,0.5
2026-09-11-st-patricks-athletic-v-shamrock-rovers,home,St. Patrick's Athletic,3-5-2,last,2026-09-11T00:44:47Z,start,4,Joe Redmond,joe-redmond,,0.357,0.79
2026-09-11-st-patricks-athletic-v-shamrock-rovers,home,St. Patrick's Athletic,3-5-2,last,2026-09-11T00:44:47Z,start,2,Seán Hoare,sean-hoare,,0.357,0.5
2026-09-11-st-patricks-athletic-v-shamrock-rovers,home,St. Patrick's Athletic,3-5-2,last,2026-09-11T00:44:47Z,start,24,Luke Turner,luke-turner,,0.357,0.21
2026-09-11-st-patricks-athletic-v-shamrock-rovers,home,St. Patrick's Athletic,3-5-2,last,2026-09-11T00:44:47Z,start,23,James Brown,james-brown,,0.613,0.89
2026-09-11-st-patricks-athletic-v-shamrock-rovers,home,St. Patrick's Athletic,3-5-2,last,2026-09-11T00:44:47Z,start,16,Darragh Nugent,darragh-nugent,,0.613,0.695
2026-09-11-st-patricks-athletic-v-shamrock-rovers,home,St. Patrick's Athletic,3-5-2,last,2026-09-11T00:44:47Z,start,6,Jamie Lennon,jamie-lennon,,0.613,0.5
2026-09-11-st-patricks-athletic-v-shamrock-rovers,home,St. Patrick's Athletic,3-5-2,last,2026-09-11T00:44:47Z,start,8,Chris Forrester,chris-forrester,,0.613,0.305
2026-09-11-st-patricks-athletic-v-shamrock-rovers,home,St. Patrick's Athletic,3-5-2,last,2026-09-11T00:44:47Z,start,3,Anthony Breslin,anthony-breslin,,0.613,0.11
2026-09-11-st-patricks-athletic-v-shamrock-rovers,home,St. Patrick's Athletic,3-5-2,last,2026-09-11T00:44:47Z,start,21,Anthony Olusanya,,,0.87,0.7
2026-09-11-st-patricks-athletic-v-shamrock-rovers,home,St. Patrick's Athletic,3-5-2,last,2026-09-11T00:44:47Z,start,9,Aidan Keena,aidan-keena,,0.87,0.3
2026-09-11-st-patricks-athletic-v-shamrock-rovers,home,St. Patrick's Athletic,3-5-2,last,2026-09-11T00:44:47Z,bench,1,Daniel Rogers,daniel-rogers,,,
2026-09-11-st-patricks-athletic-v-shamrock-rovers,home,St. Patrick's Athletic,3-5-2,last,2026-09-11T00:44:47Z,bench,33,Sean McHale,sean-mchale,,,
2026-09-11-st-patricks-athletic-v-shamrock-rovers,home,St. Patrick's Athletic,3-5-2,last,2026-09-11T00:44:47Z,bench,19,Barry Baggley,,,,
2026-09-11-st-patricks-athletic-v-shamrock-rovers,home,St. Patrick's Athletic,3-5-2,last,2026-09-11T00:44:47Z,bench,11,Jason McClelland,jason-mcclelland,,,
2026-09-11-st-patricks-athletic-v-shamrock-rovers,home,St. Patrick's Athletic,3-5-2,last,2026-09-11T00:44:47Z,bench,48,Ryan Sheridan,ryan-sheridan,,,
2026-09-11-st-patricks-athletic-v-shamrock-rovers,home,St. Patrick's Athletic,3-5-2,last,2026-09-11T00:44:47Z,bench,7,Zack Elbouzedi,zack-elbouzedi,,,
2026-09-11-st-patricks-athletic-v-shamrock-rovers,home,St. Patrick's Athletic,3-5-2,last,2026-09-11T00:44:47Z,bench,34,Kian Quigley,kian-quigley,,,
2026-09-11-st-patricks-athletic-v-shamrock-rovers,home,St. Patrick's Athletic,3-5-2,last,2026-09-11T00:44:47Z,bench,27,Ryan Edmondson,,,,
2026-09-11-st-patricks-athletic-v-shamrock-rovers,home,St. Patrick's Athletic,3-5-2,last,2026-09-11T00:44:47Z,bench,35,Sam Rooney,sam-rooney,,,
2026-09-11-st-patricks-athletic-v-shamrock-rovers,away,Shamrock Rovers,3-5-2,last,2026-09-11T00:44:47Z,start,1,Edward McGinty,edward-mcginty,,0.1,0.5
2026-09-11-st-patricks-athletic-v-shamrock-rovers,away,Shamrock Rovers,3-5-2,last,2026-09-11T00:44:47Z,start,5,Lee Grace,lee-grace,,0.357,0.79
2026-09-11-st-patricks-athletic-v-shamrock-rovers,away,Shamrock Rovers,3-5-2,last,2026-09-11T00:44:47Z,start,4,Roberto Lopes,,,0.357,0.5
2026-09-11-st-patricks-athletic-v-shamrock-rovers,away,Shamrock Rovers,3-5-2,last,2026-09-11T00:44:47Z,start,3,Enda Stevens,enda-stevens,,0.357,0.21
2026-09-11-st-patricks-athletic-v-shamrock-rovers,away,Shamrock Rovers,3-5-2,last,2026-09-11T00:44:47Z,start,22,Tunmise Sobowale,tunmise-sobowale,,0.613,0.89
2026-09-11-st-patricks-athletic-v-shamrock-rovers,away,Shamrock Rovers,3-5-2,last,2026-09-11T00:44:47Z,start,7,Dylan Watts,dylan-watts,,0.613,0.695
2026-09-11-st-patricks-athletic-v-shamrock-rovers,away,Shamrock Rovers,3-5-2,last,2026-09-11T00:44:47Z,start,8,Matthew Healy,matthew-healy,,0.613,0.5
2026-09-11-st-patricks-athletic-v-shamrock-rovers,away,Shamrock Rovers,3-5-2,last,2026-09-11T00:44:47Z,start,26,John O'Sullivan,john-osullivan,,0.613,0.305
2026-09-11-st-patricks-athletic-v-shamrock-rovers,away,Shamrock Rovers,3-5-2,last,2026-09-11T00:44:47Z,start,24,William Fitzgerald,william-fitzgerald,,0.613,0.11
2026-09-11-st-patricks-athletic-v-shamrock-rovers,away,Shamrock Rovers,3-5-2,last,2026-09-11T00:44:47Z,start,18,Jonathan Afolabi,jonathan-afolabi,,0.87,0.7
2026-09-11-st-patricks-athletic-v-shamrock-rovers,away,Shamrock Rovers,3-5-2,last,2026-09-11T00:44:47Z,start,9,Aaron Greene,aaron-greene,,0.87,0.3
2026-09-11-st-patricks-athletic-v-shamrock-rovers,away,Shamrock Rovers,3-5-2,last,2026-09-11T00:44:47Z,bench,41,Alex Noonan,alex-noonan,,,
2026-09-11-st-patricks-athletic-v-shamrock-rovers,away,Shamrock Rovers,3-5-2,last,2026-09-11T00:44:47Z,bench,25,Lee Steacy,lee-steacy,,,
2026-09-11-st-patricks-athletic-v-shamrock-rovers,away,Shamrock Rovers,3-5-2,last,2026-09-11T00:44:47Z,bench,27,Cory O'Sullivan,cory-osullivan,,,
2026-09-11-st-patricks-athletic-v-shamrock-rovers,away,Shamrock Rovers,3-5-2,last,2026-09-11T00:44:47Z,bench,19,Adam Brennan,adam-brennan,,,
2026-09-11-st-patricks-athletic-v-shamrock-rovers,away,Shamrock Rovers,3-5-2,last,2026-09-11T00:44:47Z,bench,29,Jack Byrne,jack-byrne,,,
2026-09-11-st-patricks-athletic-v-shamrock-rovers,away,Shamrock Rovers,3-5-2,last,2026-09-11T00:44:47Z,bench,11,Jake Mulraney,jake-mulraney,,,
2026-09-11-st-patricks-athletic-v-shamrock-rovers,away,Shamrock Rovers,3-5-2,last,2026-09-11T00:44:47Z,bench,17,Luke O'Regan,luke-oregan,,,
2026-09-11-st-patricks-athletic-v-shamrock-rovers,away,Shamrock Rovers,3-5-2,last,2026-09-11T00:44:47Z,bench,34,Ben Mahon,ben-mahon,,,
2026-09-11-st-patricks-athletic-v-shamrock-rovers,away,Shamrock Rovers,3-5-2,last,2026-09-11T00:44:47Z,bench,10,Graham Burke,graham-burke,,,
2026-09-11-st-patricks-athletic-v-shamrock-rovers,away,Shamrock Rovers,3-5-2,last,2026-09-11T00:44:47Z,bench,15,Maleace Asamoah,,,,
2026-09-11-st-patricks-athletic-v-shamrock-rovers,away,Shamrock Rovers,3-5-2,last,2026-09-11T00:44:47Z,bench,31,Michael Noonan,michael-noonan,,,
2026-09-12-new-mexico-united-v-indy-eleven,home,New Mexico United,4-3-3,,2026-09-11T00:44:47Z,start,13,Kristopher Shakes,,,0.1,0.5
2026-09-12-new-mexico-united-v-indy-eleven,home,New Mexico United,4-3-3,,2026-09-11T00:44:47Z,start,4,Kipp Keller,,,0.357,0.875
2026-09-12-new-mexico-united-v-indy-eleven,home,New Mexico United,4-3-3,,2026-09-11T00:44:47Z,start,24,Tyler Blackett,,,0.357,0.625
2026-09-12-new-mexico-united-v-indy-eleven,home,New Mexico United,4-3-3,,2026-09-11T00:44:47Z,start,2,Niko Hämäläinen,,,0.357,0.375
2026-09-12-new-mexico-united-v-indy-eleven,home,New Mexico United,4-3-3,,2026-09-11T00:44:47Z,start,3,Chris Gloster,,,0.357,0.125
2026-09-12-new-mexico-united-v-indy-eleven,home,New Mexico United,4-3-3,,2026-09-11T00:44:47Z,start,15,Ousman Jabang,,,0.613,0.79
2026-09-12-new-mexico-united-v-indy-eleven,home,New Mexico United,4-3-3,,2026-09-11T00:44:47Z,start,10,Greg Hurst,,,0.613,0.5
2026-09-12-new-mexico-united-v-indy-eleven,home,New Mexico United,4-3-3,,2026-09-11T00:44:47Z,start,19,Zico Bailey,,,0.613,0.21
2026-09-12-new-mexico-united-v-indy-eleven,home,New Mexico United,4-3-3,,2026-09-11T00:44:47Z,start,5,Dayonn Harris,,,0.87,0.79
2026-09-12-new-mexico-united-v-indy-eleven,home,New Mexico United,4-3-3,,2026-09-11T00:44:47Z,start,29,Luther Archimède,,,0.87,0.5
2026-09-12-new-mexico-united-v-indy-eleven,home,New Mexico United,4-3-3,,2026-09-11T00:44:47Z,start,7,Niall Reid-Stephen,,,0.87,0.21
2026-09-12-new-mexico-united-v-indy-eleven,home,New Mexico United,4-3-3,,2026-09-11T00:44:47Z,bench,33,Andrew Pannenberg,,,,
2026-09-12-new-mexico-united-v-indy-eleven,home,New Mexico United,4-3-3,,2026-09-11T00:44:47Z,bench,17,Jake LaCava,,,,
2026-09-12-new-mexico-united-v-indy-eleven,home,New Mexico United,4-3-3,,2026-09-11T00:44:47Z,bench,27,Maliek Howell,,,,
2026-09-12-new-mexico-united-v-indy-eleven,home,New Mexico United,4-3-3,,2026-09-11T00:44:47Z,bench,6,Gedion Zelalem,,,,
2026-09-12-new-mexico-united-v-indy-eleven,home,New Mexico United,4-3-3,,2026-09-11T00:44:47Z,bench,11,Cristian Nava,,,,
2026-09-12-new-mexico-united-v-indy-eleven,home,New Mexico United,4-3-3,,2026-09-11T00:44:47Z,bench,31,Joseph Melto Quiah,,,,
2026-09-12-new-mexico-united-v-indy-eleven,home,New Mexico United,4-3-3,,2026-09-11T00:44:47Z,bench,9,Justin Rennicks,,,,
2026-09-12-new-mexico-united-v-indy-eleven,away,Indy Eleven,4-4-2,,2026-09-11T00:44:47Z,start,1,Eric Dick,,,0.1,0.5
2026-09-12-new-mexico-united-v-indy-eleven,away,Indy Eleven,4-4-2,,2026-09-11T00:44:47Z,start,13,Joe Hafferty,,,0.357,0.875
2026-09-12-new-mexico-united-v-indy-eleven,away,Indy Eleven,4-4-2,,2026-09-11T00:44:47Z,start,37,Paco Craig,,,0.357,0.625
2026-09-12-new-mexico-united-v-indy-eleven,away,Indy Eleven,4-4-2,,2026-09-11T00:44:47Z,start,4,Anthony Herbert,,,0.357,0.375
2026-09-12-new-mexico-united-v-indy-eleven,away,Indy Eleven,4-4-2,,2026-09-11T00:44:47Z,start,29,Alejandro Mitrano,,,0.357,0.125
2026-09-12-new-mexico-united-v-indy-eleven,away,Indy Eleven,4-4-2,,2026-09-11T00:44:47Z,start,5,Josh O'Brien,josh-obrien,,0.613,0.875
2026-09-12-new-mexico-united-v-indy-eleven,away,Indy Eleven,4-4-2,,2026-09-11T00:44:47Z,start,8,Jack Blake,,,0.613,0.625
2026-09-12-new-mexico-united-v-indy-eleven,away,Indy Eleven,4-4-2,,2026-09-11T00:44:47Z,start,6,Cameron Lindley,,,0.613,0.375
2026-09-12-new-mexico-united-v-indy-eleven,away,Indy Eleven,4-4-2,,2026-09-11T00:44:47Z,start,14,Aodhan Quinn,,,0.613,0.125
2026-09-12-new-mexico-united-v-indy-eleven,away,Indy Eleven,4-4-2,,2026-09-11T00:44:47Z,start,19,Edward Kizza,,,0.87,0.7
2026-09-12-new-mexico-united-v-indy-eleven,away,Indy Eleven,4-4-2,,2026-09-11T00:44:47Z,start,27,Bruno Rendón,,,0.87,0.3
2026-09-12-new-mexico-united-v-indy-eleven,away,Indy Eleven,4-4-2,,2026-09-11T00:44:47Z,bench,23,Reice Charles-Cook,,,,
2026-09-12-new-mexico-united-v-indy-eleven,away,Indy Eleven,4-4-2,,2026-09-11T00:44:47Z,bench,39,Hesron Barry,,,,
2026-09-12-new-mexico-united-v-indy-eleven,away,Indy Eleven,4-4-2,,2026-09-11T00:44:47Z,bench,21,Makel Rasheed,,,,
2026-09-12-new-mexico-united-v-indy-eleven,away,Indy Eleven,4-4-2,,2026-09-11T00:44:47Z,bench,9,Charles Sharp,,,,
2026-09-12-new-mexico-united-v-indy-eleven,away,Indy Eleven,4-4-2,,2026-09-11T00:44:47Z,bench,20,Dylan Sing,,,,
2026-09-12-new-mexico-united-v-indy-eleven,away,Indy Eleven,4-4-2,,2026-09-11T00:44:47Z,bench,90,Loïc Mesanvi,,,,
2026-09-12-new-mexico-united-v-indy-eleven,away,Indy Eleven,4-4-2,,2026-09-11T00:44:47Z,bench,15,Malik Henry-Scott,,,,
2026-09-12-southampton-u21-v-bournemouth-u21,home,Southampton U21,4-4-2,,2026-09-11T00:44:47Z,start,1,Dylan Moody,,,0.1,0.5
2026-09-12-southampton-u21-v-bournemouth-u21,home,Southampton U21,4-4-2,,2026-09-11T00:44:47Z,start,2,Hansel Adjei-Afriyie,,,0.357,0.875
2026-09-12-southampton-u21-v-bournemouth-u21,home,Southampton U21,4-4-2,,2026-09-11T00:44:47Z,start,4,Lewis Day,,,0.357,0.625
2026-09-12-southampton-u21-v-bournemouth-u21,home,Southampton U21,4-4-2,,2026-09-11T00:44:47Z,start,5,Joachim Kayi Sanda,,,0.357,0.375
2026-09-12-southampton-u21-v-bournemouth-u21,home,Southampton U21,4-4-2,,2026-09-11T00:44:47Z,start,3,Broghan Sewell,,,0.357,0.125
2026-09-12-southampton-u21-v-bournemouth-u21,home,Southampton U21,4-4-2,,2026-09-11T00:44:47Z,start,11,Harry Gathercole,,,0.613,0.875
2026-09-12-southampton-u21-v-bournemouth-u21,home,Southampton U21,4-4-2,,2026-09-11T00:44:47Z,start,6,Korban McMullan,,,0.613,0.625
2026-09-12-southampton-u21-v-bournemouth-u21,home,Southampton U21,4-4-2,,2026-09-11T00:44:47Z,start,8,Aston Daley,,,0.613,0.375
2026-09-12-southampton-u21-v-bournemouth-u21,home,Southampton U21,4-4-2,,2026-09-11T00:44:47Z,start,7,Romeo Akachukwu,romeo-akachukwu,,0.613,0.125
2026-09-12-southampton-u21-v-bournemouth-u21,home,Southampton U21,4-4-2,,2026-09-11T00:44:47Z,start,10,Sufianu Sillah Dibaga,,,0.87,0.7
2026-09-12-southampton-u21-v-bournemouth-u21,home,Southampton U21,4-4-2,,2026-09-11T00:44:47Z,start,9,Princewill Ehibhatiomhan,,,0.87,0.3
2026-09-12-southampton-u21-v-bournemouth-u21,home,Southampton U21,4-4-2,,2026-09-11T00:44:47Z,bench,13,Xander Grieves,,,,
2026-09-12-southampton-u21-v-bournemouth-u21,home,Southampton U21,4-4-2,,2026-09-11T00:44:47Z,bench,15,Calum Anderson,,,,
2026-09-12-southampton-u21-v-bournemouth-u21,home,Southampton U21,4-4-2,,2026-09-11T00:44:47Z,bench,14,Davon Gbajumo,,,,
2026-09-12-southampton-u21-v-bournemouth-u21,home,Southampton U21,4-4-2,,2026-09-11T00:44:47Z,bench,12,Jake Vallance,,,,
2026-09-12-southampton-u21-v-bournemouth-u21,home,Southampton U21,4-4-2,,2026-09-11T00:44:47Z,bench,17,Lewis Bailey,,,,
2026-09-12-southampton-u21-v-bournemouth-u21,home,Southampton U21,4-4-2,,2026-09-11T00:44:47Z,bench,18,Luke Hawe,,,,
2026-09-12-southampton-u21-v-bournemouth-u21,home,Southampton U21,4-4-2,,2026-09-11T00:44:47Z,bench,16,Max Little,,,,
2026-09-12-southampton-u21-v-bournemouth-u21,away,Bournemouth U21,4-4-2,,2026-09-11T00:44:47Z,start,1,Mack Allan,,,0.1,0.5
2026-09-12-southampton-u21-v-bournemouth-u21,away,Bournemouth U21,4-4-2,,2026-09-11T00:44:47Z,start,2,Max Lyall-Rajendra,,,0.357,0.875
2026-09-12-southampton-u21-v-bournemouth-u21,away,Bournemouth U21,4-4-2,,2026-09-11T00:44:47Z,start,5,Harold William,,,0.357,0.625
2026-09-12-southampton-u21-v-bournemouth-u21,away,Bournemouth U21,4-4-2,,2026-09-11T00:44:47Z,start,6,Ameer Ali,,,0.357,0.375
2026-09-12-southampton-u21-v-bournemouth-u21,away,Bournemouth U21,4-4-2,,2026-09-11T00:44:47Z,start,3,Ademide Solanke,ade-solanke,,0.357,0.125
2026-09-12-southampton-u21-v-bournemouth-u21,away,Bournemouth U21,4-4-2,,2026-09-11T00:44:47Z,start,7,Charlie Stevens,,,0.613,0.875
2026-09-12-southampton-u21-v-bournemouth-u21,away,Bournemouth U21,4-4-2,,2026-09-11T00:44:47Z,start,8,Ben Winterburn,,,0.613,0.625
2026-09-12-southampton-u21-v-bournemouth-u21,away,Bournemouth U21,4-4-2,,2026-09-11T00:44:47Z,start,4,Ethan Sills,,,0.613,0.375
2026-09-12-southampton-u21-v-bournemouth-u21,away,Bournemouth U21,4-4-2,,2026-09-11T00:44:47Z,start,11,Remy Rees-Dottin,,,0.613,0.125
2026-09-12-southampton-u21-v-bournemouth-u21,away,Bournemouth U21,4-4-2,,2026-09-11T00:44:47Z,start,9,Jonny Raye Day,,,0.87,0.7
2026-09-12-southampton-u21-v-bournemouth-u21,away,Bournemouth U21,4-4-2,,2026-09-11T00:44:47Z,start,10,Eugene Nyarko,,,0.87,0.3
2026-09-12-southampton-u21-v-bournemouth-u21,away,Bournemouth U21,4-4-2,,2026-09-11T00:44:47Z,bench,19,Leyland Waite,,,,
2026-09-12-southampton-u21-v-bournemouth-u21,away,Bournemouth U21,4-4-2,,2026-09-11T00:44:47Z,bench,17,Dane Ndimukum,,,,
2026-09-12-southampton-u21-v-bournemouth-u21,away,Bournemouth U21,4-4-2,,2026-09-11T00:44:47Z,bench,16,George Chubinidze,,,,
2026-09-12-southampton-u21-v-bournemouth-u21,away,Bournemouth U21,4-4-2,,2026-09-11T00:44:47Z,bench,23,Danny Dixon,,,,
2026-09-12-southampton-u21-v-bournemouth-u21,away,Bournemouth U21,4-4-2,,2026-09-11T00:44:47Z,bench,15,Jaheim Azzouz Scafe,,,,
2026-09-12-southampton-u21-v-bournemouth-u21,away,Bournemouth U21,4-4-2,,2026-09-11T00:44:47Z,bench,18,Nefeye Osazee,,,,
2026-09-12-southampton-u21-v-bournemouth-u21,away,Bournemouth U21,4-4-2,,2026-09-11T00:44:47Z,bench,14,Jake Drewett,,,,
2026-09-12-magdeburg-v-kaiserslautern,home,Magdeburg,4-3-3,,2026-09-11T00:44:47Z,start,1,Dominik Reimann,,,0.1,0.5
2026-09-12-magdeburg-v-kaiserslautern,home,Magdeburg,4-3-3,,2026-09-11T00:44:47Z,start,7,Herbert Bockhorn,,,0.357,0.875
2026-09-12-magdeburg-v-kaiserslautern,home,Magdeburg,4-3-3,,2026-09-11T00:44:47Z,start,5,Tobias Müller,,,0.357,0.625
2026-09-12-magdeburg-v-kaiserslautern,home,Magdeburg,4-3-3,,2026-09-11T00:44:47Z,start,3,Anselmo MacNulty,anselmo-garcia-macnulty,,0.357,0.375
2026-09-12-magdeburg-v-kaiserslautern,home,Magdeburg,4-3-3,,2026-09-11T00:44:47Z,start,17,Alexander Nollenberger,,,0.357,0.125
2026-09-12-magdeburg-v-kaiserslautern,home,Magdeburg,4-3-3,,2026-09-11T00:44:47Z,start,38,Luka Hyryläinen,,,0.613,0.79
2026-09-12-magdeburg-v-kaiserslautern,home,Magdeburg,4-3-3,,2026-09-11T00:44:47Z,start,10,Moritz-Broni Kwarteng,,,0.613,0.5
2026-09-12-magdeburg-v-kaiserslautern,home,Magdeburg,4-3-3,,2026-09-11T00:44:47Z,start,21,Falko Michel,,,0.613,0.21
2026-09-12-magdeburg-v-kaiserslautern,home,Magdeburg,4-3-3,,2026-09-11T00:44:47Z,start,8,Emmanuel Iyoha,,,0.87,0.79
2026-09-12-magdeburg-v-kaiserslautern,home,Magdeburg,4-3-3,,2026-09-11T00:44:47Z,start,22,Mateusz Żukowski,,,0.87,0.5
2026-09-12-magdeburg-v-kaiserslautern,home,Magdeburg,4-3-3,,2026-09-11T00:44:47Z,start,23,Barış Atik,,,0.87,0.21
2026-09-12-magdeburg-v-kaiserslautern,home,Magdeburg,4-3-3,,2026-09-11T00:44:47Z,bench,30,Noah Kruth,,,,
2026-09-12-magdeburg-v-kaiserslautern,home,Magdeburg,4-3-3,,2026-09-11T00:44:47Z,bench,6,Paul Jaeckel,,,,
2026-09-12-magdeburg-v-kaiserslautern,home,Magdeburg,4-3-3,,2026-09-11T00:44:47Z,bench,11,Felipe Chávez,,,,
2026-09-12-magdeburg-v-kaiserslautern,home,Magdeburg,4-3-3,,2026-09-11T00:44:47Z,bench,33,Leon Mergner,,,,
2026-09-12-magdeburg-v-kaiserslautern,home,Magdeburg,4-3-3,,2026-09-11T00:44:47Z,bench,35,Magnus Baars,,,,
2026-09-12-magdeburg-v-kaiserslautern,home,Magdeburg,4-3-3,,2026-09-11T00:44:47Z,bench,28,Pierre Nadjombe,,,,
2026-09-12-magdeburg-v-kaiserslautern,home,Magdeburg,4-3-3,,2026-09-11T00:44:47Z,bench,26,Torben Müsel,,,,
2026-09-12-magdeburg-v-kaiserslautern,home,Magdeburg,4-3-3,,2026-09-11T00:44:47Z,bench,29,Richmond Tachie,,,,
2026-09-12-magdeburg-v-kaiserslautern,home,Magdeburg,4-3-3,,2026-09-11T00:44:47Z,bench,9,Roko Šimić,,,,
2026-09-12-magdeburg-v-kaiserslautern,away,Kaiserslautern,3-4-2-1,,2026-09-11T00:44:47Z,start,1,Julian Krahl,,,0.1,0.5
2026-09-12-magdeburg-v-kaiserslautern,away,Kaiserslautern,3-4-2-1,,2026-09-11T00:44:47Z,start,33,Jan Elvedi,,,0.292,0.79
2026-09-12-magdeburg-v-kaiserslautern,away,Kaiserslautern,3-4-2-1,,2026-09-11T00:44:47Z,start,4,Maxwell Gyamfi,,,0.292,0.5
2026-09-12-magdeburg-v-kaiserslautern,away,Kaiserslautern,3-4-2-1,,2026-09-11T00:44:47Z,start,14,Jacob Rasmussen,,,0.292,0.21
2026-09-12-magdeburg-v-kaiserslautern,away,Kaiserslautern,3-4-2-1,,2026-09-11T00:44:47Z,start,26,Paul Joly,,,0.485,0.875
2026-09-12-magdeburg-v-kaiserslautern,away,Kaiserslautern,3-4-2-1,,2026-09-11T00:44:47Z,start,6,Fabian Kunze,,,0.485,0.625
2026-09-12-magdeburg-v-kaiserslautern,away,Kaiserslautern,3-4-2-1,,2026-09-11T00:44:47Z,start,8,Semih Şahin,,,0.485,0.375
2026-09-12-magdeburg-v-kaiserslautern,away,Kaiserslautern,3-4-2-1,,2026-09-11T00:44:47Z,start,22,Mika Haas,,,0.485,0.125
2026-09-12-magdeburg-v-kaiserslautern,away,Kaiserslautern,3-4-2-1,,2026-09-11T00:44:47Z,start,7,Marlon Ritter,,,0.678,0.7
2026-09-12-magdeburg-v-kaiserslautern,away,Kaiserslautern,3-4-2-1,,2026-09-11T00:44:47Z,start,21,Mário Sauer,,,0.678,0.3
2026-09-12-magdeburg-v-kaiserslautern,away,Kaiserslautern,3-4-2-1,,2026-09-11T00:44:47Z,start,39,Thierry Fidjeu-Tazemeta,,,0.87,0.5
2026-09-12-magdeburg-v-kaiserslautern,away,Kaiserslautern,3-4-2-1,,2026-09-11T00:44:47Z,bench,40,Enis Kamga,,,,
2026-09-12-magdeburg-v-kaiserslautern,away,Kaiserslautern,3-4-2-1,,2026-09-11T00:44:47Z,bench,3,Alex Murphy,alex-murphy,,,
2026-09-12-magdeburg-v-kaiserslautern,away,Kaiserslautern,3-4-2-1,,2026-09-11T00:44:47Z,bench,45,Kelven Frees,,,,
2026-09-12-magdeburg-v-kaiserslautern,away,Kaiserslautern,3-4-2-1,,2026-09-11T00:44:47Z,bench,37,Leon Robinson,,,,
2026-09-12-magdeburg-v-kaiserslautern,away,Kaiserslautern,3-4-2-1,,2026-09-11T00:44:47Z,bench,41,David Schramm,,,,
2026-09-12-magdeburg-v-kaiserslautern,away,Kaiserslautern,3-4-2-1,,2026-09-11T00:44:47Z,bench,2,Simon Asta,,,,
2026-09-12-magdeburg-v-kaiserslautern,away,Kaiserslautern,3-4-2-1,,2026-09-11T00:44:47Z,bench,17,Erencan Yardımcı,,,,
2026-09-12-magdeburg-v-kaiserslautern,away,Kaiserslautern,3-4-2-1,,2026-09-11T00:44:47Z,bench,11,Ibrahim Kanaté,,,,
2026-09-12-magdeburg-v-kaiserslautern,away,Kaiserslautern,3-4-2-1,,2026-09-11T00:44:47Z,bench,20,Mërgim Berisha,,,,
2026-09-12-leyton-orient-v-wycombe-wanderers,home,Leyton Orient,4-2-3-1,,2026-09-11T00:44:47Z,start,13,Noah Phillips,,,0.1,0.5
2026-09-12-leyton-orient-v-wycombe-wanderers,home,Leyton Orient,4-2-3-1,,2026-09-11T00:44:47Z,start,14,Isaac Hayden,,,0.292,0.875
2026-09-12-leyton-orient-v-wycombe-wanderers,home,Leyton Orient,4-2-3-1,,2026-09-11T00:44:47Z,start,6,William Forrester,,,0.292,0.625
2026-09-12-leyton-orient-v-wycombe-wanderers,home,Leyton Orient,4-2-3-1,,2026-09-11T00:44:47Z,start,34,Phillip Chinedu,,,0.292,0.375
2026-09-12-leyton-orient-v-wycombe-wanderers,home,Leyton Orient,4-2-3-1,,2026-09-11T00:44:47Z,start,3,James Morris,,,0.292,0.125
2026-09-12-leyton-orient-v-wycombe-wanderers,home,Leyton Orient,4-2-3-1,,2026-09-11T00:44:47Z,start,28,Sean Clare,,,0.485,0.7
2026-09-12-leyton-orient-v-wycombe-wanderers,home,Leyton Orient,4-2-3-1,,2026-09-11T00:44:47Z,start,8,Idris El Mizouni,,,0.485,0.3
2026-09-12-leyton-orient-v-wycombe-wanderers,home,Leyton Orient,4-2-3-1,,2026-09-11T00:44:47Z,start,44,Theo Archibald,,,0.678,0.837
2026-09-12-leyton-orient-v-wycombe-wanderers,home,Leyton Orient,4-2-3-1,,2026-09-11T00:44:47Z,start,17,Armando Dobra,,,0.678,0.5
2026-09-12-leyton-orient-v-wycombe-wanderers,home,Leyton Orient,4-2-3-1,,2026-09-11T00:44:47Z,start,27,Tony Springett,tony-springett,,0.678,0.163
2026-09-12-leyton-orient-v-wycombe-wanderers,home,Leyton Orient,4-2-3-1,,2026-09-11T00:44:47Z,start,49,Nicholas Oyekunle,,,0.87,0.5
2026-09-12-leyton-orient-v-wycombe-wanderers,home,Leyton Orient,4-2-3-1,,2026-09-11T00:44:47Z,bench,1,Nathan Baxter,,,,
2026-09-12-leyton-orient-v-wycombe-wanderers,home,Leyton Orient,4-2-3-1,,2026-09-11T00:44:47Z,bench,2,Fin Stevens,,,,
2026-09-12-leyton-orient-v-wycombe-wanderers,home,Leyton Orient,4-2-3-1,,2026-09-11T00:44:47Z,bench,5,Joseph Olowu,,,,
2026-09-12-leyton-orient-v-wycombe-wanderers,home,Leyton Orient,4-2-3-1,,2026-09-11T00:44:47Z,bench,20,Alex Gilbert,alex-gilbert,,,
2026-09-12-leyton-orient-v-wycombe-wanderers,home,Leyton Orient,4-2-3-1,,2026-09-11T00:44:47Z,bench,25,Charlie Wellens,,,,
2026-09-12-leyton-orient-v-wycombe-wanderers,home,Leyton Orient,4-2-3-1,,2026-09-11T00:44:47Z,bench,11,Demetri Mitchell,,,,
2026-09-12-leyton-orient-v-wycombe-wanderers,home,Leyton Orient,4-2-3-1,,2026-09-11T00:44:47Z,bench,18,Dane Scarlett,,,,
2026-09-12-leyton-orient-v-wycombe-wanderers,home,Leyton Orient,4-2-3-1,,2026-09-11T00:44:47Z,bench,9,Jaze Kabia,jaze-kabia,,,
2026-09-12-leyton-orient-v-wycombe-wanderers,home,Leyton Orient,4-2-3-1,,2026-09-11T00:44:47Z,bench,22,Yusuf Akhamrich,,,,
2026-09-12-leyton-orient-v-wycombe-wanderers,away,Wycombe Wanderers,4-2-3-1,,2026-09-11T00:44:47Z,start,23,Conor Hazard,,,0.1,0.5
2026-09-12-leyton-orient-v-wycombe-wanderers,away,Wycombe Wanderers,4-2-3-1,,2026-09-11T00:44:47Z,start,22,Sam Parker,,,0.292,0.875
2026-09-12-leyton-orient-v-wycombe-wanderers,away,Wycombe Wanderers,4-2-3-1,,2026-09-11T00:44:47Z,start,17,Dan Casey,dan-casey,,0.292,0.625
2026-09-12-leyton-orient-v-wycombe-wanderers,away,Wycombe Wanderers,4-2-3-1,,2026-09-11T00:44:47Z,start,26,Connor Taylor,,,0.292,0.375
2026-09-12-leyton-orient-v-wycombe-wanderers,away,Wycombe Wanderers,4-2-3-1,,2026-09-11T00:44:47Z,start,45,Anders Hagelskjær,,,0.292,0.125
2026-09-12-leyton-orient-v-wycombe-wanderers,away,Wycombe Wanderers,4-2-3-1,,2026-09-11T00:44:47Z,start,20,Ewan Henderson,,,0.485,0.7
2026-09-12-leyton-orient-v-wycombe-wanderers,away,Wycombe Wanderers,4-2-3-1,,2026-09-11T00:44:47Z,start,8,Caolan Boyd-Munce,,,0.485,0.3
2026-09-12-leyton-orient-v-wycombe-wanderers,away,Wycombe Wanderers,4-2-3-1,,2026-09-11T00:44:47Z,start,44,Fred Onyedinma,,,0.678,0.837
2026-09-12-leyton-orient-v-wycombe-wanderers,away,Wycombe Wanderers,4-2-3-1,,2026-09-11T00:44:47Z,start,12,Cauley Woodrow,,,0.678,0.5
2026-09-12-leyton-orient-v-wycombe-wanderers,away,Wycombe Wanderers,4-2-3-1,,2026-09-11T00:44:47Z,start,29,Malik Mothersille,,,0.678,0.163
2026-09-12-leyton-orient-v-wycombe-wanderers,away,Wycombe Wanderers,4-2-3-1,,2026-09-11T00:44:47Z,start,15,Jayden Wareham,,,0.87,0.5
2026-09-12-leyton-orient-v-wycombe-wanderers,away,Wycombe Wanderers,4-2-3-1,,2026-09-11T00:44:47Z,bench,1,Mikki van Sas,,,,
2026-09-12-leyton-orient-v-wycombe-wanderers,away,Wycombe Wanderers,4-2-3-1,,2026-09-11T00:44:47Z,bench,61,Mohamed Keita,,,,
2026-09-12-leyton-orient-v-wycombe-wanderers,away,Wycombe Wanderers,4-2-3-1,,2026-09-11T00:44:47Z,bench,27,Steve Cook,,,,
2026-09-12-leyton-orient-v-wycombe-wanderers,away,Wycombe Wanderers,4-2-3-1,,2026-09-11T00:44:47Z,bench,5,Aaron Morley,,,,
2026-09-12-leyton-orient-v-wycombe-wanderers,away,Wycombe Wanderers,4-2-3-1,,2026-09-11T00:44:47Z,bench,4,Josh Scowen,,,,
2026-09-12-leyton-orient-v-wycombe-wanderers,away,Wycombe Wanderers,4-2-3-1,,2026-09-11T00:44:47Z,bench,19,Emre Tezgel,,,,
2026-09-12-leyton-orient-v-wycombe-wanderers,away,Wycombe Wanderers,4-2-3-1,,2026-09-11T00:44:47Z,bench,11,Silko Thomas,,,,
2026-09-12-bolton-wanderers-v-cardiff-city,home,Bolton Wanderers,4-2-3-1,,2026-09-11T00:44:47Z,start,31,Gavin Bazunu,gavin-bazunu,,0.1,0.5
2026-09-12-bolton-wanderers-v-cardiff-city,home,Bolton Wanderers,4-2-3-1,,2026-09-11T00:44:47Z,start,22,Gaizka Larrazabal,,,0.292,0.875
2026-09-12-bolton-wanderers-v-cardiff-city,home,Bolton Wanderers,4-2-3-1,,2026-09-11T00:44:47Z,start,18,Eoin Toal,,,0.292,0.625
2026-09-12-bolton-wanderers-v-cardiff-city,home,Bolton Wanderers,4-2-3-1,,2026-09-11T00:44:47Z,start,3,Chris Forino-Joseph,,,0.292,0.375
2026-09-12-bolton-wanderers-v-cardiff-city,home,Bolton Wanderers,4-2-3-1,,2026-09-11T00:44:47Z,start,25,Max Conway,,,0.292,0.125
2026-09-12-bolton-wanderers-v-cardiff-city,home,Bolton Wanderers,4-2-3-1,,2026-09-11T00:44:47Z,start,8,Josh Sheehan,,,0.485,0.7
2026-09-12-bolton-wanderers-v-cardiff-city,home,Bolton Wanderers,4-2-3-1,,2026-09-11T00:44:47Z,start,21,Ethan Erhahon,,,0.485,0.3
2026-09-12-bolton-wanderers-v-cardiff-city,home,Bolton Wanderers,4-2-3-1,,2026-09-11T00:44:47Z,start,16,Samuel Iling-Junior,,,0.678,0.837
2026-09-12-bolton-wanderers-v-cardiff-city,home,Bolton Wanderers,4-2-3-1,,2026-09-11T00:44:47Z,start,20,Rúben Rodrigues,,,0.678,0.5
2026-09-12-bolton-wanderers-v-cardiff-city,home,Bolton Wanderers,4-2-3-1,,2026-09-11T00:44:47Z,start,7,Kyliane Dong,,,0.678,0.163
2026-09-12-bolton-wanderers-v-cardiff-city,home,Bolton Wanderers,4-2-3-1,,2026-09-11T00:44:47Z,start,10,Sam Dalby,,,0.87,0.5
2026-09-12-bolton-wanderers-v-cardiff-city,home,Bolton Wanderers,4-2-3-1,,2026-09-11T00:44:47Z,bench,1,Jack Bonham,jack-bonham,,,
2026-09-12-bolton-wanderers-v-cardiff-city,home,Bolton Wanderers,4-2-3-1,,2026-09-11T00:44:47Z,bench,6,Ben Davies,,,,
2026-09-12-bolton-wanderers-v-cardiff-city,home,Bolton Wanderers,4-2-3-1,,2026-09-11T00:44:47Z,bench,17,Atsuki Ito,,,,
2026-09-12-bolton-wanderers-v-cardiff-city,home,Bolton Wanderers,4-2-3-1,,2026-09-11T00:44:47Z,bench,45,John McAtee,,,,
2026-09-12-bolton-wanderers-v-cardiff-city,home,Bolton Wanderers,4-2-3-1,,2026-09-11T00:44:47Z,bench,4,Xavier Simons,,,,
2026-09-12-bolton-wanderers-v-cardiff-city,home,Bolton Wanderers,4-2-3-1,,2026-09-11T00:44:47Z,bench,26,Jayden Nelson,,,,
2026-09-12-bolton-wanderers-v-cardiff-city,home,Bolton Wanderers,4-2-3-1,,2026-09-11T00:44:47Z,bench,39,Ryan Hardie,,,,
2026-09-12-bolton-wanderers-v-cardiff-city,home,Bolton Wanderers,4-2-3-1,,2026-09-11T00:44:47Z,bench,9,Thelonius Bair,,,,
2026-09-12-bolton-wanderers-v-cardiff-city,home,Bolton Wanderers,4-2-3-1,,2026-09-11T00:44:47Z,bench,11,Thierry Gale,,,,
2026-09-12-bolton-wanderers-v-cardiff-city,away,Cardiff City,4-2-3-1,,2026-09-11T00:44:47Z,start,1,Nathan Trott,,,0.1,0.5
2026-09-12-bolton-wanderers-v-cardiff-city,away,Cardiff City,4-2-3-1,,2026-09-11T00:44:47Z,start,38,Perry Ng,,,0.292,0.875
2026-09-12-bolton-wanderers-v-cardiff-city,away,Cardiff City,4-2-3-1,,2026-09-11T00:44:47Z,start,5,Krystian Bielik,,,0.292,0.625
2026-09-12-bolton-wanderers-v-cardiff-city,away,Cardiff City,4-2-3-1,,2026-09-11T00:44:47Z,start,4,Gabriel Osho,,,0.292,0.375
2026-09-12-bolton-wanderers-v-cardiff-city,away,Cardiff City,4-2-3-1,,2026-09-11T00:44:47Z,start,3,Joel Bagan,joel-bagan,,0.292,0.125
2026-09-12-bolton-wanderers-v-cardiff-city,away,Cardiff City,4-2-3-1,,2026-09-11T00:44:47Z,start,18,Alex Robertson,,,0.485,0.7
2026-09-12-bolton-wanderers-v-cardiff-city,away,Cardiff City,4-2-3-1,,2026-09-11T00:44:47Z,start,27,Joel Colwill,,,0.485,0.3
2026-09-12-bolton-wanderers-v-cardiff-city,away,Cardiff City,4-2-3-1,,2026-09-11T00:44:47Z,start,11,Ollie Tanner,,,0.678,0.837
2026-09-12-bolton-wanderers-v-cardiff-city,away,Cardiff City,4-2-3-1,,2026-09-11T00:44:47Z,start,8,Jack Moylan,jack-moylan,,0.678,0.5
2026-09-12-bolton-wanderers-v-cardiff-city,away,Cardiff City,4-2-3-1,,2026-09-11T00:44:47Z,start,16,Chris Willock,,,0.678,0.163
2026-09-12-bolton-wanderers-v-cardiff-city,away,Cardiff City,4-2-3-1,,2026-09-11T00:44:47Z,start,9,Yousef Salech,,,0.87,0.5
2026-09-12-bolton-wanderers-v-cardiff-city,away,Cardiff City,4-2-3-1,,2026-09-11T00:44:47Z,bench,30,Harry Tyrer,,,,
2026-09-12-bolton-wanderers-v-cardiff-city,away,Cardiff City,4-2-3-1,,2026-09-11T00:44:47Z,bench,23,Calum Scanlon,,,,
2026-09-12-bolton-wanderers-v-cardiff-city,away,Cardiff City,4-2-3-1,,2026-09-11T00:44:47Z,bench,40,Noah Anyadike,,,,
2026-09-12-bolton-wanderers-v-cardiff-city,away,Cardiff City,4-2-3-1,,2026-09-11T00:44:47Z,bench,43,Paul Moreno,,,,
2026-09-12-bolton-wanderers-v-cardiff-city,away,Cardiff City,4-2-3-1,,2026-09-11T00:44:47Z,bench,44,Ronan Kpakio,,,,
2026-09-12-bolton-wanderers-v-cardiff-city,away,Cardiff City,4-2-3-1,,2026-09-11T00:44:47Z,bench,14,David Turnbull,,,,
2026-09-12-bolton-wanderers-v-cardiff-city,away,Cardiff City,4-2-3-1,,2026-09-11T00:44:47Z,bench,33,Rob Tankiewicz,,,,
2026-09-12-bolton-wanderers-v-cardiff-city,away,Cardiff City,4-2-3-1,,2026-09-11T00:44:47Z,bench,47,Callum Robinson,callum-robinson,,,
2026-09-12-bolton-wanderers-v-cardiff-city,away,Cardiff City,4-2-3-1,,2026-09-11T00:44:47Z,bench,45,Cian Ashford,,,,
2026-09-12-west-bromwich-albion-v-queens-park-rangers,home,West Bromwich Albion,4-4-2,,2026-09-11T00:44:47Z,start,1,Max O'Leary,max-oleary,,0.1,0.5
2026-09-12-west-bromwich-albion-v-queens-park-rangers,home,West Bromwich Albion,4-4-2,,2026-09-11T00:44:47Z,start,18,Brayann Pereira,,,0.357,0.875
2026-09-12-west-bromwich-albion-v-queens-park-rangers,home,West Bromwich Albion,4-4-2,,2026-09-11T00:44:47Z,start,3,Nathaniel Phillips,,,0.357,0.625
2026-09-12-west-bromwich-albion-v-queens-park-rangers,home,West Bromwich Albion,4-4-2,,2026-09-11T00:44:47Z,start,6,George Campbell,,,0.357,0.375
2026-09-12-west-bromwich-albion-v-queens-park-rangers,home,West Bromwich Albion,4-4-2,,2026-09-11T00:44:47Z,start,4,Callum Styles,,,0.357,0.125
2026-09-12-west-bromwich-albion-v-queens-park-rangers,home,West Bromwich Albion,4-4-2,,2026-09-11T00:44:47Z,start,29,Harry Whitwell,,,0.613,0.875
2026-09-12-west-bromwich-albion-v-queens-park-rangers,home,West Bromwich Albion,4-4-2,,2026-09-11T00:44:47Z,start,8,Jayson Molumby,jayson-molumby,,0.613,0.625
2026-09-12-west-bromwich-albion-v-queens-park-rangers,home,West Bromwich Albion,4-4-2,,2026-09-11T00:44:47Z,start,17,Ousmane Diakité,,,0.613,0.375
2026-09-12-west-bromwich-albion-v-queens-park-rangers,home,West Bromwich Albion,4-4-2,,2026-09-11T00:44:47Z,start,21,Isaac Price,,,0.613,0.125
2026-09-12-west-bromwich-albion-v-queens-park-rangers,home,West Bromwich Albion,4-4-2,,2026-09-11T00:44:47Z,start,19,Aune Selland Heggebø,,,0.87,0.7
2026-09-12-west-bromwich-albion-v-queens-park-rangers,home,West Bromwich Albion,4-4-2,,2026-09-11T00:44:47Z,start,11,Jimmy-Jay Morgan,,,0.87,0.3
2026-09-12-west-bromwich-albion-v-queens-park-rangers,home,West Bromwich Albion,4-4-2,,2026-09-11T00:44:47Z,bench,42,Ben Cisse,,,,
2026-09-12-west-bromwich-albion-v-queens-park-rangers,home,West Bromwich Albion,4-4-2,,2026-09-11T00:44:47Z,bench,2,Chris Mepham,,,,
2026-09-12-west-bromwich-albion-v-queens-park-rangers,home,West Bromwich Albion,4-4-2,,2026-09-11T00:44:47Z,bench,22,Conor Townsend,,,,
2026-09-12-west-bromwich-albion-v-queens-park-rangers,home,West Bromwich Albion,4-4-2,,2026-09-11T00:44:47Z,bench,25,Nolan Galves,,,,
2026-09-12-west-bromwich-albion-v-queens-park-rangers,home,West Bromwich Albion,4-4-2,,2026-09-11T00:44:47Z,bench,7,Felix Horn Myhre,,,,
2026-09-12-west-bromwich-albion-v-queens-park-rangers,home,West Bromwich Albion,4-4-2,,2026-09-11T00:44:47Z,bench,20,Rabby Nzingoula,,,,
2026-09-12-west-bromwich-albion-v-queens-park-rangers,home,West Bromwich Albion,4-4-2,,2026-09-11T00:44:47Z,bench,15,Toby Collyer,,,,
2026-09-12-west-bromwich-albion-v-queens-park-rangers,home,West Bromwich Albion,4-4-2,,2026-09-11T00:44:47Z,bench,9,Barney Stewart,,,,
2026-09-12-west-bromwich-albion-v-queens-park-rangers,home,West Bromwich Albion,4-4-2,,2026-09-11T00:44:47Z,bench,26,Kareem Tunde,,,,
2026-09-12-west-bromwich-albion-v-queens-park-rangers,away,Queens Park Rangers,4-4-2,,2026-09-11T00:44:47Z,start,1,Pierce Charles,,,0.1,0.5
2026-09-12-west-bromwich-albion-v-queens-park-rangers,away,Queens Park Rangers,4-4-2,,2026-09-11T00:44:47Z,start,2,Kealey Adamson,,,0.357,0.875
2026-09-12-west-bromwich-albion-v-queens-park-rangers,away,Queens Park Rangers,4-4-2,,2026-09-11T00:44:47Z,start,3,Jimmy Dunne,jimmy-dunne,,0.357,0.625
2026-09-12-west-bromwich-albion-v-queens-park-rangers,away,Queens Park Rangers,4-4-2,,2026-09-11T00:44:47Z,start,5,Ronnie Edwards,,,0.357,0.375
2026-09-12-west-bromwich-albion-v-queens-park-rangers,away,Queens Park Rangers,4-4-2,,2026-09-11T00:44:47Z,start,48,Tariq Lamptey,,,0.357,0.125
2026-09-12-west-bromwich-albion-v-queens-park-rangers,away,Queens Park Rangers,4-4-2,,2026-09-11T00:44:47Z,start,20,Harvey Vale,harvey-vale,,0.613,0.875
2026-09-12-west-bromwich-albion-v-queens-park-rangers,away,Queens Park Rangers,4-4-2,,2026-09-11T00:44:47Z,start,18,Glen Kamara,,,0.613,0.625
2026-09-12-west-bromwich-albion-v-queens-park-rangers,away,Queens Park Rangers,4-4-2,,2026-09-11T00:44:47Z,start,24,Nicolas Madsen,,,0.613,0.375
2026-09-12-west-bromwich-albion-v-queens-park-rangers,away,Queens Park Rangers,4-4-2,,2026-09-11T00:44:47Z,start,11,Paul Smyth,,,0.613,0.125
2026-09-12-west-bromwich-albion-v-queens-park-rangers,away,Queens Park Rangers,4-4-2,,2026-09-11T00:44:47Z,start,15,Alfie Lloyd,,,0.87,0.7
2026-09-12-west-bromwich-albion-v-queens-park-rangers,away,Queens Park Rangers,4-4-2,,2026-09-11T00:44:47Z,start,16,Rumarn Burrell,,,0.87,0.3
2026-09-12-west-bromwich-albion-v-queens-park-rangers,away,Queens Park Rangers,4-4-2,,2026-09-11T00:44:47Z,bench,13,Calum Ward,calum-ward,,,
2026-09-12-west-bromwich-albion-v-queens-park-rangers,away,Queens Park Rangers,4-4-2,,2026-09-11T00:44:47Z,bench,27,Amadou Salif Mbengue,,,,
2026-09-12-west-bromwich-albion-v-queens-park-rangers,away,Queens Park Rangers,4-4-2,,2026-09-11T00:44:47Z,bench,19,Dennis Cirkin,,,,
2026-09-12-west-bromwich-albion-v-queens-park-rangers,away,Queens Park Rangers,4-4-2,,2026-09-11T00:44:47Z,bench,6,Jake Clarke-Salter,,,,
2026-09-12-west-bromwich-albion-v-queens-park-rangers,away,Queens Park Rangers,4-4-2,,2026-09-11T00:44:47Z,bench,4,Liam Morrison,,,,
2026-09-12-west-bromwich-albion-v-queens-park-rangers,away,Queens Park Rangers,4-4-2,,2026-09-11T00:44:47Z,bench,23,Isak Alemayehu Mulugeta,,,,
2026-09-12-west-bromwich-albion-v-queens-park-rangers,away,Queens Park Rangers,4-4-2,,2026-09-11T00:44:47Z,bench,40,Jonathan Varane,,,,
2026-09-12-west-bromwich-albion-v-queens-park-rangers,away,Queens Park Rangers,4-4-2,,2026-09-11T00:44:47Z,bench,25,Justin Obikwu,,,,
2026-09-12-west-bromwich-albion-v-queens-park-rangers,away,Queens Park Rangers,4-4-2,,2026-09-11T00:44:47Z,bench,33,Leon Scarlett,,,,
2026-09-12-grimsby-town-v-bristol-rovers,home,Grimsby Town,4-1-4-1,,2026-09-11T00:44:47Z,start,42,David Harrington,,,0.1,0.5
2026-09-12-grimsby-town-v-bristol-rovers,home,Grimsby Town,4-1-4-1,,2026-09-11T00:44:47Z,start,5,Harvey Rodgers,,,0.292,0.875
2026-09-12-grimsby-town-v-bristol-rovers,home,Grimsby Town,4-1-4-1,,2026-09-11T00:44:47Z,start,2,Maldini Kacurri,,,0.292,0.625
2026-09-12-grimsby-town-v-bristol-rovers,home,Grimsby Town,4-1-4-1,,2026-09-11T00:44:47Z,start,17,Cameron McJannet,,,0.292,0.375
2026-09-12-grimsby-town-v-bristol-rovers,home,Grimsby Town,4-1-4-1,,2026-09-11T00:44:47Z,start,3,Jayden Sweeney,,,0.292,0.125
2026-09-12-grimsby-town-v-bristol-rovers,home,Grimsby Town,4-1-4-1,,2026-09-11T00:44:47Z,start,15,Géza Dávid Turi,,,0.485,0.5
2026-09-12-grimsby-town-v-bristol-rovers,home,Grimsby Town,4-1-4-1,,2026-09-11T00:44:47Z,start,10,Sonny Finch,,,0.678,0.875
2026-09-12-grimsby-town-v-bristol-rovers,home,Grimsby Town,4-1-4-1,,2026-09-11T00:44:47Z,start,4,Kieran Green,,,0.678,0.625
2026-09-12-grimsby-town-v-bristol-rovers,home,Grimsby Town,4-1-4-1,,2026-09-11T00:44:47Z,start,8,Cian Doyle,cian-doyle,,0.678,0.375
2026-09-12-grimsby-town-v-bristol-rovers,home,Grimsby Town,4-1-4-1,,2026-09-11T00:44:47Z,start,30,Charles Vernam,,,0.678,0.125
2026-09-12-grimsby-town-v-bristol-rovers,home,Grimsby Town,4-1-4-1,,2026-09-11T00:44:47Z,start,9,Iwan Morgan,,,0.89,0.5
2026-09-12-grimsby-town-v-bristol-rovers,home,Grimsby Town,4-1-4-1,,2026-09-11T00:44:47Z,bench,41,Sebastian Auton,,,,
2026-09-12-grimsby-town-v-bristol-rovers,home,Grimsby Town,4-1-4-1,,2026-09-11T00:44:47Z,bench,28,Finlay Cartwright,,,,
2026-09-12-grimsby-town-v-bristol-rovers,home,Grimsby Town,4-1-4-1,,2026-09-11T00:44:47Z,bench,7,Jamie Walker,,,,
2026-09-12-grimsby-town-v-bristol-rovers,home,Grimsby Town,4-1-4-1,,2026-09-11T00:44:47Z,bench,12,Joe Foulkes,,,,
2026-09-12-grimsby-town-v-bristol-rovers,home,Grimsby Town,4-1-4-1,,2026-09-11T00:44:47Z,bench,29,Mark Shelton,,,,
2026-09-12-grimsby-town-v-bristol-rovers,home,Grimsby Town,4-1-4-1,,2026-09-11T00:44:47Z,bench,11,Ryley Reynolds,,,,
2026-09-12-grimsby-town-v-bristol-rovers,home,Grimsby Town,4-1-4-1,,2026-09-11T00:44:47Z,bench,39,Andy Cook,,,,
2026-09-12-grimsby-town-v-bristol-rovers,away,Bristol Rovers,4-2-3-1,,2026-09-11T00:44:47Z,start,1,Brad Young,,,0.1,0.5
2026-09-12-grimsby-town-v-bristol-rovers,away,Bristol Rovers,4-2-3-1,,2026-09-11T00:44:47Z,start,2,Tom James,,,0.292,0.875
2026-09-12-grimsby-town-v-bristol-rovers,away,Bristol Rovers,4-2-3-1,,2026-09-11T00:44:47Z,start,4,Kofi Balmer,,,0.292,0.625
2026-09-12-grimsby-town-v-bristol-rovers,away,Bristol Rovers,4-2-3-1,,2026-09-11T00:44:47Z,start,26,Riley Harbottle,,,0.292,0.375
2026-09-12-grimsby-town-v-bristol-rovers,away,Bristol Rovers,4-2-3-1,,2026-09-11T00:44:47Z,start,14,Ben Purrington,,,0.292,0.125
2026-09-12-grimsby-town-v-bristol-rovers,away,Bristol Rovers,4-2-3-1,,2026-09-11T00:44:47Z,start,6,Clinton Mola,,,0.485,0.7
2026-09-12-grimsby-town-v-bristol-rovers,away,Bristol Rovers,4-2-3-1,,2026-09-11T00:44:47Z,start,21,Richard Smallwood,,,0.485,0.3
2026-09-12-grimsby-town-v-bristol-rovers,away,Bristol Rovers,4-2-3-1,,2026-09-11T00:44:47Z,start,7,Shaqai Forde,,,0.678,0.837
2026-09-12-grimsby-town-v-bristol-rovers,away,Bristol Rovers,4-2-3-1,,2026-09-11T00:44:47Z,start,24,Tommy Leigh,,,0.678,0.5
2026-09-12-grimsby-town-v-bristol-rovers,away,Bristol Rovers,4-2-3-1,,2026-09-11T00:44:47Z,start,10,Bobby Kamwa,,,0.678,0.163
2026-09-12-grimsby-town-v-bristol-rovers,away,Bristol Rovers,4-2-3-1,,2026-09-11T00:44:47Z,start,29,Fabrizio Cavegn,,,0.87,0.5
2026-09-12-grimsby-town-v-bristol-rovers,away,Bristol Rovers,4-2-3-1,,2026-09-11T00:44:47Z,bench,32,Charlie Binns,,,,
2026-09-12-grimsby-town-v-bristol-rovers,away,Bristol Rovers,4-2-3-1,,2026-09-11T00:44:47Z,bench,5,Alfie Kilgour,,,,
2026-09-12-grimsby-town-v-bristol-rovers,away,Bristol Rovers,4-2-3-1,,2026-09-11T00:44:47Z,bench,11,Jack Aitchison,,,,
2026-09-12-grimsby-town-v-bristol-rovers,away,Bristol Rovers,4-2-3-1,,2026-09-11T00:44:47Z,bench,27,Philip Sanyaolu,philip-sanyaolu,,,
2026-09-12-grimsby-town-v-bristol-rovers,away,Bristol Rovers,4-2-3-1,,2026-09-11T00:44:47Z,bench,8,Reiss-Alexander Russell-Denny,,,,
2026-09-12-grimsby-town-v-bristol-rovers,away,Bristol Rovers,4-2-3-1,,2026-09-11T00:44:47Z,bench,19,Ellis Harrison,,,,
2026-09-12-grimsby-town-v-bristol-rovers,away,Bristol Rovers,4-2-3-1,,2026-09-11T00:44:47Z,bench,9,Joe Quigley,joe-quigley,,,
2026-09-12-notts-county-v-bradford-city,home,Notts County,3-4-2-1,,2026-09-11T00:44:47Z,start,1,James Belshaw,,,0.1,0.5
2026-09-12-notts-county-v-bradford-city,home,Notts County,3-4-2-1,,2026-09-11T00:44:47Z,start,2,James Gibbons,,,0.292,0.79
2026-09-12-notts-county-v-bradford-city,home,Notts County,3-4-2-1,,2026-09-11T00:44:47Z,start,12,Lucas Ness,,,0.292,0.5
2026-09-12-notts-county-v-bradford-city,home,Notts County,3-4-2-1,,2026-09-11T00:44:47Z,start,4,Jacob Bedeau,,,0.292,0.21
2026-09-12-notts-county-v-bradford-city,home,Notts County,3-4-2-1,,2026-09-11T00:44:47Z,start,25,Nicholas Tsaroulla,,,0.485,0.875
2026-09-12-notts-county-v-bradford-city,home,Notts County,3-4-2-1,,2026-09-11T00:44:47Z,start,27,Rory Finneran,rory-finneran,,0.485,0.625
2026-09-12-notts-county-v-bradford-city,home,Notts County,3-4-2-1,,2026-09-11T00:44:47Z,start,15,Jack Evans,,,0.485,0.375
2026-09-12-notts-county-v-bradford-city,home,Notts County,3-4-2-1,,2026-09-11T00:44:47Z,start,14,Darius Lipsiuc,darius-lipsiuc,,0.485,0.125
2026-09-12-notts-county-v-bradford-city,home,Notts County,3-4-2-1,,2026-09-11T00:44:47Z,start,8,Oliver Cooper,,,0.678,0.7
2026-09-12-notts-county-v-bradford-city,home,Notts County,3-4-2-1,,2026-09-11T00:44:47Z,start,7,Callum Roberts,,,0.678,0.3
2026-09-12-notts-county-v-bradford-city,home,Notts County,3-4-2-1,,2026-09-11T00:44:47Z,start,9,Daniel Kanu,,,0.87,0.5
2026-09-12-notts-county-v-bradford-city,home,Notts County,3-4-2-1,,2026-09-11T00:44:47Z,bench,21,Harry Griffiths,,,,
2026-09-12-notts-county-v-bradford-city,home,Notts County,3-4-2-1,,2026-09-11T00:44:47Z,bench,26,Ishé Samuels-Smith,,,,
2026-09-12-notts-county-v-bradford-city,home,Notts County,3-4-2-1,,2026-09-11T00:44:47Z,bench,44,Matthew Baker,,,,
2026-09-12-notts-county-v-bradford-city,home,Notts County,3-4-2-1,,2026-09-11T00:44:47Z,bench,11,Conor Grant,conor-grant,,,
2026-09-12-notts-county-v-bradford-city,home,Notts County,3-4-2-1,,2026-09-11T00:44:47Z,bench,10,Rosaire Longelo,,,,
2026-09-12-notts-county-v-bradford-city,home,Notts County,3-4-2-1,,2026-09-11T00:44:47Z,bench,42,Hindolo Mustapha,,,,
2026-09-12-notts-county-v-bradford-city,home,Notts County,3-4-2-1,,2026-09-11T00:44:47Z,bench,19,Luka Smyth,,,,
2026-09-12-notts-county-v-bradford-city,away,Bradford City,3-4-2-1,,2026-09-11T00:44:47Z,start,21,Jon McCracken,,,0.1,0.5
2026-09-12-notts-county-v-bradford-city,away,Bradford City,3-4-2-1,,2026-09-11T00:44:47Z,start,2,Reece Welch,,,0.292,0.79
2026-09-12-notts-county-v-bradford-city,away,Bradford City,3-4-2-1,,2026-09-11T00:44:47Z,start,14,Hayden Matthews,,,0.292,0.5
2026-09-12-notts-county-v-bradford-city,away,Bradford City,3-4-2-1,,2026-09-11T00:44:47Z,start,5,Macaulay Gillesphey,,,0.292,0.21
2026-09-12-notts-county-v-bradford-city,away,Bradford City,3-4-2-1,,2026-09-11T00:44:47Z,start,19,Kayden Jackson,,,0.485,0.875
2026-09-12-notts-county-v-bradford-city,away,Bradford City,3-4-2-1,,2026-09-11T00:44:47Z,start,22,Kieran Morgan,,,0.485,0.625
2026-09-12-notts-county-v-bradford-city,away,Bradford City,3-4-2-1,,2026-09-11T00:44:47Z,start,20,Henry Cartwright,,,0.485,0.375
2026-09-12-notts-county-v-bradford-city,away,Bradford City,3-4-2-1,,2026-09-11T00:44:47Z,start,27,Corey O'Keeffe,corey-okeeffe,,0.485,0.125
2026-09-12-notts-county-v-bradford-city,away,Bradford City,3-4-2-1,,2026-09-11T00:44:47Z,start,32,George Lapslie,,,0.678,0.7
2026-09-12-notts-county-v-bradford-city,away,Bradford City,3-4-2-1,,2026-09-11T00:44:47Z,start,24,Will Swan,,,0.678,0.3
2026-09-12-notts-county-v-bradford-city,away,Bradford City,3-4-2-1,,2026-09-11T00:44:47Z,start,11,Stephen Humphrys,,,0.87,0.5
2026-09-12-notts-county-v-bradford-city,away,Bradford City,3-4-2-1,,2026-09-11T00:44:47Z,bench,1,Cameron Dawson,,,,
2026-09-12-notts-county-v-bradford-city,away,Bradford City,3-4-2-1,,2026-09-11T00:44:47Z,bench,15,Aden Baldwin,,,,
2026-09-12-notts-county-v-bradford-city,away,Bradford City,3-4-2-1,,2026-09-11T00:44:47Z,bench,6,Callum Connolly,,,,
2026-09-12-notts-county-v-bradford-city,away,Bradford City,3-4-2-1,,2026-09-11T00:44:47Z,bench,28,Matthew Pennington,,,,
2026-09-12-notts-county-v-bradford-city,away,Bradford City,3-4-2-1,,2026-09-11T00:44:47Z,bench,8,Adam Phillips,,,,
2026-09-12-notts-county-v-bradford-city,away,Bradford City,3-4-2-1,,2026-09-11T00:44:47Z,bench,10,Antoni Sarcevic,,,,
2026-09-12-notts-county-v-bradford-city,away,Bradford City,3-4-2-1,,2026-09-11T00:44:47Z,bench,3,Ibou Touray,,,,
2026-09-12-notts-county-v-bradford-city,away,Bradford City,3-4-2-1,,2026-09-11T00:44:47Z,bench,25,Nick Powell,,,,
2026-09-12-notts-county-v-bradford-city,away,Bradford City,3-4-2-1,,2026-09-11T00:44:47Z,bench,9,Jake Beesley,,,,
2026-09-12-derby-county-v-birmingham-city,home,Derby County,4-2-3-1,,2026-09-11T00:44:47Z,start,1,Jacob Widell Zetterström,,,0.1,0.5
2026-09-12-derby-county-v-birmingham-city,home,Derby County,4-2-3-1,,2026-09-11T00:44:47Z,start,6,Sondre Klingen Langås,,,0.292,0.875
2026-09-12-derby-county-v-birmingham-city,home,Derby County,4-2-3-1,,2026-09-11T00:44:47Z,start,28,Dion Sanderson,,,0.292,0.625
2026-09-12-derby-county-v-birmingham-city,home,Derby County,4-2-3-1,,2026-09-11T00:44:47Z,start,44,Eiran Cashin,eiran-cashin,,0.292,0.375
2026-09-12-derby-county-v-birmingham-city,home,Derby County,4-2-3-1,,2026-09-11T00:44:47Z,start,18,Charlie Taylor,,,0.292,0.125
2026-09-12-derby-county-v-birmingham-city,home,Derby County,4-2-3-1,,2026-09-11T00:44:47Z,start,20,Alex Mowatt,,,0.485,0.7
2026-09-12-derby-county-v-birmingham-city,home,Derby County,4-2-3-1,,2026-09-11T00:44:47Z,start,4,David Ozoh,,,0.485,0.3
2026-09-12-derby-county-v-birmingham-city,home,Derby County,4-2-3-1,,2026-09-11T00:44:47Z,start,26,Ryan Hedges,,,0.678,0.837
2026-09-12-derby-county-v-birmingham-city,home,Derby County,4-2-3-1,,2026-09-11T00:44:47Z,start,8,Bobby Clark,,,0.678,0.5
2026-09-12-derby-county-v-birmingham-city,home,Derby County,4-2-3-1,,2026-09-11T00:44:47Z,start,16,Mohammed Fuseini,,,0.678,0.163
2026-09-12-derby-county-v-birmingham-city,home,Derby County,4-2-3-1,,2026-09-11T00:44:47Z,start,11,Sammie Szmodics,sammie-szmodics,,0.87,0.5
2026-09-12-derby-county-v-birmingham-city,home,Derby County,4-2-3-1,,2026-09-11T00:44:47Z,bench,31,Josh Vickers,,,,
2026-09-12-derby-county-v-birmingham-city,home,Derby County,4-2-3-1,,2026-09-11T00:44:47Z,bench,23,Joe Ward,,,,
2026-09-12-derby-county-v-birmingham-city,home,Derby County,4-2-3-1,,2026-09-11T00:44:47Z,bench,22,Max Johnston,max-johnston,,,
2026-09-12-derby-county-v-birmingham-city,home,Derby County,4-2-3-1,,2026-09-11T00:44:47Z,bench,42,Raymond Offor,,,,
2026-09-12-derby-county-v-birmingham-city,home,Derby County,4-2-3-1,,2026-09-11T00:44:47Z,bench,24,Ryan Nyambe,,,,
2026-09-12-derby-county-v-birmingham-city,home,Derby County,4-2-3-1,,2026-09-11T00:44:47Z,bench,29,Oscar Fraulo,,,,
2026-09-12-derby-county-v-birmingham-city,home,Derby County,4-2-3-1,,2026-09-11T00:44:47Z,bench,33,Corey Blackett-Taylor,,,,
2026-09-12-derby-county-v-birmingham-city,home,Derby County,4-2-3-1,,2026-09-11T00:44:47Z,bench,19,Henrik Meister,,,,
2026-09-12-derby-county-v-birmingham-city,home,Derby County,4-2-3-1,,2026-09-11T00:44:47Z,bench,15,Lars-Jørgen Salvesen,,,,
2026-09-12-derby-county-v-birmingham-city,away,Birmingham City,4-2-3-1,,2026-09-11T00:44:47Z,start,1,James Beadle,,,0.1,0.5
2026-09-12-derby-county-v-birmingham-city,away,Birmingham City,4-2-3-1,,2026-09-11T00:44:47Z,start,26,Bright Osayi-Samuel,,,0.292,0.875
2026-09-12-derby-county-v-birmingham-city,away,Birmingham City,4-2-3-1,,2026-09-11T00:44:47Z,start,5,Phil Neumann,,,0.292,0.625
2026-09-12-derby-county-v-birmingham-city,away,Birmingham City,4-2-3-1,,2026-09-11T00:44:47Z,start,4,Christoph Klarer,,,0.292,0.375
2026-09-12-derby-county-v-birmingham-city,away,Birmingham City,4-2-3-1,,2026-09-11T00:44:47Z,start,25,Kristoffer Lund Hansen,,,0.292,0.125
2026-09-12-derby-county-v-birmingham-city,away,Birmingham City,4-2-3-1,,2026-09-11T00:44:47Z,start,24,Tomoki Iwata,,,0.485,0.7
2026-09-12-derby-county-v-birmingham-city,away,Birmingham City,4-2-3-1,,2026-09-11T00:44:47Z,start,8,Seung-Ho Paik,,,0.485,0.3
2026-09-12-derby-county-v-birmingham-city,away,Birmingham City,4-2-3-1,,2026-09-11T00:44:47Z,start,7,Carlos Vicente,,,0.678,0.837
2026-09-12-derby-county-v-birmingham-city,away,Birmingham City,4-2-3-1,,2026-09-11T00:44:47Z,start,28,Jay Stansfield,,,0.678,0.5
2026-09-12-derby-county-v-birmingham-city,away,Birmingham City,4-2-3-1,,2026-09-11T00:44:47Z,start,17,Liam Millar,,,0.678,0.163
2026-09-12-derby-county-v-birmingham-city,away,Birmingham City,4-2-3-1,,2026-09-11T00:44:47Z,start,9,August Priske,,,0.87,0.5
2026-09-12-derby-county-v-birmingham-city,away,Birmingham City,4-2-3-1,,2026-09-11T00:44:47Z,bench,30,Bradley Mayo,,,,
2026-09-12-derby-county-v-birmingham-city,away,Birmingham City,4-2-3-1,,2026-09-11T00:44:47Z,bench,21,Ryan Allsop,,,,
2026-09-12-derby-county-v-birmingham-city,away,Birmingham City,4-2-3-1,,2026-09-11T00:44:47Z,bench,20,Alexander Cochrane,,,,
2026-09-12-derby-county-v-birmingham-city,away,Birmingham City,4-2-3-1,,2026-09-11T00:44:47Z,bench,23,Dael Fry,,,,
2026-09-12-derby-county-v-birmingham-city,away,Birmingham City,4-2-3-1,,2026-09-11T00:44:47Z,bench,2,Ethan Laird,,,,
2026-09-12-derby-county-v-birmingham-city,away,Birmingham City,4-2-3-1,,2026-09-11T00:44:47Z,bench,3,Lee Buchanan,,,,
2026-09-12-derby-county-v-birmingham-city,away,Birmingham City,4-2-3-1,,2026-09-11T00:44:47Z,bench,27,Kanya Fujimoto,,,,
2026-09-12-derby-county-v-birmingham-city,away,Birmingham City,4-2-3-1,,2026-09-11T00:44:47Z,bench,32,Luis Vázquez,,,,
2026-09-12-derby-county-v-birmingham-city,away,Birmingham City,4-2-3-1,,2026-09-11T00:44:47Z,bench,33,Marvin Ducksch,,,,
2026-09-12-worthing-v-barrow,home,Worthing,4-2-3-1,,2026-09-11T00:44:47Z,start,13,Taylor Seymour,,,0.1,0.5
2026-09-12-worthing-v-barrow,home,Worthing,4-2-3-1,,2026-09-11T00:44:47Z,start,16,Sam Packham,,,0.292,0.875
2026-09-12-worthing-v-barrow,home,Worthing,4-2-3-1,,2026-09-11T00:44:47Z,start,6,Jayden Moore,,,0.292,0.625
2026-09-12-worthing-v-barrow,home,Worthing,4-2-3-1,,2026-09-11T00:44:47Z,start,12,Harry Ransom,,,0.292,0.375
2026-09-12-worthing-v-barrow,home,Worthing,4-2-3-1,,2026-09-11T00:44:47Z,start,28,Charlie Waller,,,0.292,0.125
2026-09-12-worthing-v-barrow,home,Worthing,4-2-3-1,,2026-09-11T00:44:47Z,start,15,Ricky Aguiar,,,0.485,0.7
2026-09-12-worthing-v-barrow,home,Worthing,4-2-3-1,,2026-09-11T00:44:47Z,start,25,Harvey Boddy,harvey-boddy,,0.485,0.3
2026-09-12-worthing-v-barrow,home,Worthing,4-2-3-1,,2026-09-11T00:44:47Z,start,27,Jordan Young,,,0.678,0.837
2026-09-12-worthing-v-barrow,home,Worthing,4-2-3-1,,2026-09-11T00:44:47Z,start,24,Charley Kendall,,,0.678,0.5
2026-09-12-worthing-v-barrow,home,Worthing,4-2-3-1,,2026-09-11T00:44:47Z,start,11,Ashley Nathaniel-George,,,0.678,0.163
2026-09-12-worthing-v-barrow,home,Worthing,4-2-3-1,,2026-09-11T00:44:47Z,start,21,Jose Marquez,,,0.87,0.5
2026-09-12-worthing-v-barrow,home,Worthing,4-2-3-1,,2026-09-11T00:44:47Z,bench,30,Callum Beck,,,,
2026-09-12-worthing-v-barrow,home,Worthing,4-2-3-1,,2026-09-11T00:44:47Z,bench,29,Freddie Kokot,,,,
2026-09-12-worthing-v-barrow,home,Worthing,4-2-3-1,,2026-09-11T00:44:47Z,bench,32,Guillermo De La Cruz,,,,
2026-09-12-worthing-v-barrow,home,Worthing,4-2-3-1,,2026-09-11T00:44:47Z,bench,31,Fin Smith,,,,
2026-09-12-worthing-v-barrow,home,Worthing,4-2-3-1,,2026-09-11T00:44:47Z,bench,18,Owen Spicer,,,,
2026-09-12-worthing-v-barrow,home,Worthing,4-2-3-1,,2026-09-11T00:44:47Z,bench,19,Oliver Godziemski,,,,
2026-09-12-worthing-v-barrow,home,Worthing,4-2-3-1,,2026-09-11T00:44:47Z,bench,9,Wiktor Makowski,,,,
2026-09-12-worthing-v-barrow,away,Barrow,4-3-3,,2026-09-11T00:44:47Z,start,1,Ben Winterbottom,,,0.1,0.5
2026-09-12-worthing-v-barrow,away,Barrow,4-3-3,,2026-09-11T00:44:47Z,start,2,Marcel Oakley,,,0.357,0.875
2026-09-12-worthing-v-barrow,away,Barrow,4-3-3,,2026-09-11T00:44:47Z,start,25,Paul Kalambayi,,,0.357,0.625
2026-09-12-worthing-v-barrow,away,Barrow,4-3-3,,2026-09-11T00:44:47Z,start,22,Danny Amos,,,0.357,0.375
2026-09-12-worthing-v-barrow,away,Barrow,4-3-3,,2026-09-11T00:44:47Z,start,36,Thierry Latty-Fairweather,,,0.357,0.125
2026-09-12-worthing-v-barrow,away,Barrow,4-3-3,,2026-09-11T00:44:47Z,start,4,Michael Jordan Williams,,,0.613,0.79
2026-09-12-worthing-v-barrow,away,Barrow,4-3-3,,2026-09-11T00:44:47Z,start,8,Scott Smith,,,0.613,0.5
2026-09-12-worthing-v-barrow,away,Barrow,4-3-3,,2026-09-11T00:44:47Z,start,10,Keaton Ward,,,0.613,0.21
2026-09-12-worthing-v-barrow,away,Barrow,4-3-3,,2026-09-11T00:44:47Z,start,11,George Walker,,,0.87,0.79
2026-09-12-worthing-v-barrow,away,Barrow,4-3-3,,2026-09-11T00:44:47Z,start,27,Isaac Marriott,,,0.87,0.5
2026-09-12-worthing-v-barrow,away,Barrow,4-3-3,,2026-09-11T00:44:47Z,start,18,Innes Cameron,,,0.87,0.21
2026-09-12-worthing-v-barrow,away,Barrow,4-3-3,,2026-09-11T00:44:47Z,bench,6,Kennedy Digie,,,,
2026-09-12-worthing-v-barrow,away,Barrow,4-3-3,,2026-09-11T00:44:47Z,bench,34,Ben Whitfield,,,,
2026-09-12-worthing-v-barrow,away,Barrow,4-3-3,,2026-09-11T00:44:47Z,bench,21,Jack Earing,,,,
2026-09-12-worthing-v-barrow,away,Barrow,4-3-3,,2026-09-11T00:44:47Z,bench,26,Rekeem Harper,,,,
2026-09-12-worthing-v-barrow,away,Barrow,4-3-3,,2026-09-11T00:44:47Z,bench,9,Alex Reid,,,,
2026-09-12-worthing-v-barrow,away,Barrow,4-3-3,,2026-09-11T00:44:47Z,bench,23,Daniel Mooney,,,,
2026-09-12-worthing-v-barrow,away,Barrow,4-3-3,,2026-09-11T00:44:47Z,bench,32,Mikey Lane,,,,
2026-09-12-crawley-town-v-cheltenham-town,home,Crawley Town,4-4-2,,2026-09-11T00:44:47Z,start,31,Jackson Izquierdo,,,0.1,0.5
2026-09-12-crawley-town-v-cheltenham-town,home,Crawley Town,4-4-2,,2026-09-11T00:44:47Z,start,24,Akinwale Joseph Odimayo,,,0.357,0.875
2026-09-12-crawley-town-v-cheltenham-town,home,Crawley Town,4-4-2,,2026-09-11T00:44:47Z,start,6,Priestley Farquharson,,,0.357,0.625
2026-09-12-crawley-town-v-cheltenham-town,home,Crawley Town,4-4-2,,2026-09-11T00:44:47Z,start,5,Charlie Barker,,,0.357,0.375
2026-09-12-crawley-town-v-cheltenham-town,home,Crawley Town,4-4-2,,2026-09-11T00:44:47Z,start,22,Ade Adeyemo,,,0.357,0.125
2026-09-12-crawley-town-v-cheltenham-town,home,Crawley Town,4-4-2,,2026-09-11T00:44:47Z,start,7,Malcolm Ebiowei,,,0.613,0.875
2026-09-12-crawley-town-v-cheltenham-town,home,Crawley Town,4-4-2,,2026-09-11T00:44:47Z,start,20,Jude Arthurs,,,0.613,0.625
2026-09-12-crawley-town-v-cheltenham-town,home,Crawley Town,4-4-2,,2026-09-11T00:44:47Z,start,25,Klaudio Krasniqi,,,0.613,0.375
2026-09-12-crawley-town-v-cheltenham-town,home,Crawley Town,4-4-2,,2026-09-11T00:44:47Z,start,17,Osman Kamara,,,0.613,0.125
2026-09-12-crawley-town-v-cheltenham-town,home,Crawley Town,4-4-2,,2026-09-11T00:44:47Z,start,8,Louie Watson,louie-watson,,0.87,0.7
2026-09-12-crawley-town-v-cheltenham-town,home,Crawley Town,4-4-2,,2026-09-11T00:44:47Z,start,9,Danilo Orsi,,,0.87,0.3
2026-09-12-crawley-town-v-cheltenham-town,home,Crawley Town,4-4-2,,2026-09-11T00:44:47Z,bench,13,Nicholas Michalski,,,,
2026-09-12-crawley-town-v-cheltenham-town,home,Crawley Town,4-4-2,,2026-09-11T00:44:47Z,bench,16,Jonny Russell,,,,
2026-09-12-crawley-town-v-cheltenham-town,home,Crawley Town,4-4-2,,2026-09-11T00:44:47Z,bench,19,Dion Pereira,,,,
2026-09-12-crawley-town-v-cheltenham-town,home,Crawley Town,4-4-2,,2026-09-11T00:44:47Z,bench,27,Dylan Morgan,,,,
2026-09-12-crawley-town-v-cheltenham-town,home,Crawley Town,4-4-2,,2026-09-11T00:44:47Z,bench,2,Kellan Gordon,,,,
2026-09-12-crawley-town-v-cheltenham-town,home,Crawley Town,4-4-2,,2026-09-11T00:44:47Z,bench,14,Gianmarco Di Biase,,,,
2026-09-12-crawley-town-v-cheltenham-town,home,Crawley Town,4-4-2,,2026-09-11T00:44:47Z,bench,11,Pemi Aderoju,,,,
2026-09-12-crawley-town-v-cheltenham-town,away,Cheltenham Town,4-1-4-1,,2026-09-11T00:44:47Z,start,23,Wyll Stanway,,,0.1,0.5
2026-09-12-crawley-town-v-cheltenham-town,away,Cheltenham Town,4-1-4-1,,2026-09-11T00:44:47Z,start,3,Jonathan Tomkinson,,,0.292,0.875
2026-09-12-crawley-town-v-cheltenham-town,away,Cheltenham Town,4-1-4-1,,2026-09-11T00:44:47Z,start,5,Robbie Cundy,,,0.292,0.625
2026-09-12-crawley-town-v-cheltenham-town,away,Cheltenham Town,4-1-4-1,,2026-09-11T00:44:47Z,start,25,Pierce Sweeney,pierce-sweeney,,0.292,0.375
2026-09-12-crawley-town-v-cheltenham-town,away,Cheltenham Town,4-1-4-1,,2026-09-11T00:44:47Z,start,4,Joe Tomlinson,,,0.292,0.125
2026-09-12-crawley-town-v-cheltenham-town,away,Cheltenham Town,4-1-4-1,,2026-09-11T00:44:47Z,start,7,Ben Stevenson,,,0.485,0.5
2026-09-12-crawley-town-v-cheltenham-town,away,Cheltenham Town,4-1-4-1,,2026-09-11T00:44:47Z,start,19,Jake Evans,,,0.678,0.875
2026-09-12-crawley-town-v-cheltenham-town,away,Cheltenham Town,4-1-4-1,,2026-09-11T00:44:47Z,start,17,Shaun McWilliams,,,0.678,0.625
2026-09-12-crawley-town-v-cheltenham-town,away,Cheltenham Town,4-1-4-1,,2026-09-11T00:44:47Z,start,8,Charlie McCann,,,0.678,0.375
2026-09-12-crawley-town-v-cheltenham-town,away,Cheltenham Town,4-1-4-1,,2026-09-11T00:44:47Z,start,26,Jordan Shipley,jordan-shipley,,0.678,0.125
2026-09-12-crawley-town-v-cheltenham-town,away,Cheltenham Town,4-1-4-1,,2026-09-11T00:44:47Z,start,18,Andreas Weimann,,,0.89,0.5
2026-09-12-crawley-town-v-cheltenham-town,away,Cheltenham Town,4-1-4-1,,2026-09-11T00:44:47Z,bench,1,Joe Day,,,,
2026-09-12-crawley-town-v-cheltenham-town,away,Cheltenham Town,4-1-4-1,,2026-09-11T00:44:47Z,bench,33,Freddy Willcox,,,,
2026-09-12-crawley-town-v-cheltenham-town,away,Cheltenham Town,4-1-4-1,,2026-09-11T00:44:47Z,bench,21,George Nurse,,,,
2026-09-12-crawley-town-v-cheltenham-town,away,Cheltenham Town,4-1-4-1,,2026-09-11T00:44:47Z,bench,6,James Wilson,,,,
2026-09-12-crawley-town-v-cheltenham-town,away,Cheltenham Town,4-1-4-1,,2026-09-11T00:44:47Z,bench,35,Mark Barber,,,,
2026-09-12-crawley-town-v-cheltenham-town,away,Cheltenham Town,4-1-4-1,,2026-09-11T00:44:47Z,bench,11,Jake Bickerstaff,,,,
2026-09-12-crawley-town-v-cheltenham-town,away,Cheltenham Town,4-1-4-1,,2026-09-11T00:44:47Z,bench,9,Kirsten Otchere,,,,
