slug,date,season,from_club,to_club,fee,market_value,kind
aaron-bolger,2025-07-03,25/26,St. Pat's,Galway United,free transfer,€100k,free
aaron-bolger,2025-06-30,24/25,Ebbsfleet,St. Pat's,End of loan,€100k,loan end
aaron-bolger,2025-02-04,24/25,St. Pat's,Ebbsfleet,loan transfer,€100k,loan
aaron-bolger,2024-01-01,23/24,Cork City,St. Pat's,free transfer,€100k,free
aaron-bolger,2021-07-29,21/22,Cardiff City U23,Cork City,free transfer,€150k,free
aaron-bolger,2021-06-30,20/21,Longford Town,Cardiff City U23,End of loan,€150k,loan end
aaron-bolger,2021-01-30,20/21,Cardiff City U23,Longford Town,loan transfer,€150k,loan
aaron-bolger,2020-12-31,20/21,Shamrock Rovers,Cardiff City U23,End of loan,€150k,loan end
aaron-bolger,2020-08-01,20/21,Cardiff City U23,Shamrock Rovers,loan transfer,€150k,loan
aaron-bolger,2019-07-01,19/20,Shamrock Rovers,Cardiff City U23,?,-,
aaron-bolger,2019-05-31,18/19,Cardiff City U23,Shamrock Rovers,End of loan,-,loan end
aaron-bolger,2019-02-04,18/19,Shamrock Rovers,Cardiff City U23,loan transfer,-,loan
aaron-bolger,2016-07-01,16/17,St. Josephs Boys,Shamrock Rovers,free transfer,-,free
aaron-brennan,2026-08-14,26/27,WFC Academy,Waterford FC,-,-,
aaron-connolly,2025-07-07,25/26,Millwall,Leyton Orient,free transfer,€2.20m,free
aaron-connolly,2025-01-16,24/25,Sunderland,Millwall,free transfer,€2.50m,free
aaron-connolly,2024-09-24,24/25,Without Club,Sunderland,-,€2.50m,
aaron-connolly,2024-07-01,24/25,Hull City,Without Club,-,€2.50m,
aaron-connolly,2023-08-02,23/24,Brighton,Hull City,€1.35m,€4.00m,fee
aaron-connolly,2023-05-31,22/23,Hull City,Brighton,End of loan,€5.00m,loan end
aaron-connolly,2023-01-06,22/23,Brighton,Hull City,loan transfer,€5.00m,loan
aaron-connolly,2023-01-05,22/23,Venezia,Brighton,End of loan,€5.00m,loan end
aaron-connolly,2022-07-14,22/23,Brighton,Venezia,loan transfer,€6.00m,loan
aaron-connolly,2022-05-31,21/22,Middlesbrough,Brighton,End of loan,€6.00m,loan end
aaron-connolly,2022-01-02,21/22,Brighton,Middlesbrough,loan transfer,€7.00m,loan
aaron-connolly,2019-07-01,19/20,Brighton U23,Brighton,-,-,
aaron-connolly,2019-05-31,18/19,Luton,Brighton U23,End of loan,-,loan end
aaron-connolly,2019-01-31,18/19,Brighton U23,Luton,loan transfer,-,loan
aaron-connolly,2018-01-01,17/18,Brighton U18,Brighton U23,-,-,
aaron-connolly,2016-07-01,16/17,Mervue Academy,Brighton U18,?,-,
aaron-drinan,2024-02-01,23/24,Leyton Orient,Swindon Town,?,€175k,
aaron-drinan,2021-07-01,21/22,Ipswich,Leyton Orient,?,€100k,
aaron-drinan,2020-05-31,19/20,Ayr United,Ipswich,End of loan,€100k,loan end
aaron-drinan,2020-01-17,19/20,Ipswich,Ayr United,loan transfer,€100k,loan
aaron-drinan,2019-11-30,19/20,GAIS,Ipswich,End of loan,€100k,loan end
aaron-drinan,2019-08-08,19/20,Ipswich,GAIS,loan transfer,€100k,loan
aaron-drinan,2019-06-30,18/19,Waterford FC,Ipswich,End of loan,€100k,loan end
aaron-drinan,2019-02-13,18/19,Ipswich,Waterford FC,loan transfer,€100k,loan
aaron-drinan,2018-11-26,18/19,Sutton Utd,Ipswich,End of loan,€100k,loan end
aaron-drinan,2018-08-01,18/19,Ipswich,Sutton Utd,loan transfer,€100k,loan
aaron-drinan,2018-01-04,17/18,Waterford FC,Ipswich,€100k,-,fee
aaron-drinan,2017-07-31,17/18,Cork Academy,Waterford FC,free transfer,-,free
aaron-greene,2018-07-07,18/19,Bray Wanderers,Shamrock Rovers,free transfer,€50k,free
aaron-greene,2017-01-01,16/17,Limerick FC,Bray Wanderers,free transfer,€50k,free
aaron-greene,2016-02-19,15/16,St. Pat's,Limerick FC,free transfer,€50k,free
aaron-greene,2014-07-31,14/15,Sligo Rovers,St. Pat's,free transfer,€50k,free
aaron-greene,2013-01-01,12/13,Shamrock Rovers,Sligo Rovers,free transfer,€50k,free
aaron-greene,2012-01-01,11/12,Sligo Rovers,Shamrock Rovers,free transfer,€50k,free
aaron-greene,2011-01-01,10/11,Bohemians,Sligo Rovers,free transfer,€50k,free
aaron-greene,2009-11-30,09/10,Galway United,Bohemians,End of loan,-,loan end
aaron-greene,2009-08-11,09/10,Bohs Academy,Galway United,loan transfer,-,loan
aaron-heaney,2026-07-17,26/27,HW Welders,Newington,free transfer,-,free
aaron-heaney,2025-09-01,25/26,Derry City,HW Welders,?,-,
aaron-heaney,2025-05-31,24/25,Glenavon,Derry City,End of loan,€25k,loan end
aaron-heaney,2025-01-30,24/25,Derry City,Glenavon,loan transfer,-,loan
aaron-heaney,2024-08-09,24/25,Derry Academy,Derry City,-,-,
aaron-heaney,2023-01-01,22/23,Sligo Academy,Derry Academy,free transfer,-,free
aaron-keogh,2026-01-01,25/26,Shels Academy,Dundalk FC,free transfer,-,free
aaron-maguire,2026-06-30,25/26,Hampton & Rich.,Tottenham U21,End of loan,-,loan end
aaron-maguire,2026-02-02,25/26,Tottenham U21,Hampton & Rich.,loan transfer,-,loan
aaron-maguire,2022-07-01,22/23,Spurs U18,Tottenham U21,-,-,
aaron-maguire,2020-07-01,20/21,Tottenham Yth.,Spurs U18,-,-,
aaron-mccarey,2024-07-01,24/25,Glentoran,Portadown,free transfer,€250k,free
aaron-mccarey,2021-07-27,21/22,Cliftonville,Glentoran,?,€175k,
aaron-mccarey,2021-01-01,20/21,Dundalk FC,Cliftonville,free transfer,€175k,free
aaron-mccarey,2019-01-01,18/19,Warrenpoint,Dundalk FC,free transfer,€175k,free
aaron-mccarey,2018-09-03,18/19,Without Club,Warrenpoint,-,€175k,
aaron-mccarey,2018-07-01,18/19,Ross County,Without Club,-,€175k,
aaron-mccarey,2016-07-01,16/17,Wolves,Ross County,free transfer,€100k,free
aaron-mccarey,2015-11-24,15/16,Bury,Wolves,End of loan,€100k,loan end
aaron-mccarey,2015-10-24,15/16,Wolves,Bury,loan transfer,€100k,loan
aaron-mccarey,2015-10-23,15/16,Portsmouth,Wolves,End of loan,€100k,loan end
aaron-mccarey,2015-09-23,15/16,Wolves,Portsmouth,loan transfer,€100k,loan
aaron-mccarey,2014-01-01,13/14,York City,Wolves,End of loan,€100k,loan end
aaron-mccarey,2013-11-29,13/14,Wolves,York City,loan transfer,€100k,loan
aaron-mccarey,2013-03-16,12/13,Walsall,Wolves,End of loan,-,loan end
aaron-mccarey,2013-02-21,12/13,Wolves,Walsall,loan transfer,-,loan
aaron-mccarey,2013-01-13,12/13,Walsall,Wolves,End of loan,-,loan end
aaron-mccarey,2012-11-16,12/13,Wolves,Walsall,loan transfer,-,loan
aaron-mccarey,2010-01-01,09/10,Monaghan United,Wolves,free transfer,-,free
aaron-mccarey,2009-07-01,09/10,Mons Academy,Monaghan United,-,-,
aaron-mceneff,2026-01-25,25/26,Shamrock Rovers,Glentoran,?,€300k,
aaron-mceneff,2025-01-01,24/25,Perth Glory,Shamrock Rovers,?,€300k,
aaron-mceneff,2024-12-31,24/25,Shamrock Rovers,Perth Glory,End of loan,€300k,loan end
aaron-mceneff,2024-01-19,23/24,Perth Glory,Shamrock Rovers,loan transfer,€350k,loan
aaron-mceneff,2022-07-18,22/23,Heart of Midl.,Perth Glory,?,€400k,
aaron-mceneff,2021-02-01,20/21,Shamrock Rovers,Heart of Midl.,€200k,€200k,fee
aaron-mceneff,2019-01-01,18/19,Derry City,Shamrock Rovers,free transfer,-,free
aaron-mceneff,2015-07-30,15/16,Tottenham U21,Derry City,free transfer,-,free
aaron-mceneff,2013-07-01,13/14,Spurs U18,Tottenham U21,-,-,
aaron-mceneff,2012-07-01,12/13,Institute U18,Spurs U18,?,-,
aaron-molloy,2025-12-18,25/26,Charleston,Lexington SC,€85k,€350k,fee
aaron-molloy,2023-12-04,23/24,Memphis 901,Charleston,free transfer,€350k,free
aaron-molloy,2022-01-11,21/22,Forward Madison,Memphis 901,?,€200k,
aaron-molloy,2021-02-17,20/21,Portland 2,Forward Madison,free transfer,-,free
aaron-molloy,2020-03-05,19/20,Without Club,Portland 2,-,-,
aaron-molloy,2020-02-01,19/20,Portland,Without Club,-,-,
aaron-molloy,2020-01-09,19/20,Penn State,Portland,draft,-,fee
aaron-molloy,2019-08-01,19/20,Reading United,Penn State,End of loan,-,loan end
aaron-molloy,2019-05-01,18/19,Penn State,Reading United,loan transfer,-,loan
aaron-molloy,2018-08-01,18/19,Reading United,Penn State,End of loan,-,loan end
aaron-molloy,2018-05-01,17/18,Penn State,Reading United,loan transfer,-,loan
aaron-molloy,2017-08-01,17/18,Keiser Uni,Penn State,free transfer,-,free
aaron-molloy,2017-07-31,17/18,Reading United,Keiser Uni,End of loan,-,loan end
aaron-molloy,2017-05-01,16/17,Keiser Uni,Reading United,loan transfer,-,loan
aaron-molloy,2016-08-01,16/17,Drogheda United,Keiser Uni,free transfer,-,free
aaron-molloy,2016-01-01,15/16,Drogs Academy,Drogheda United,-,-,
aaron-ochoa,2024-07-01,24/25,Atl. Malagueño,Málaga CF,-,€100k,
aaron-ochoa,2023-07-01,23/24,Málaga CF Youth,Atl. Malagueño,-,-,
aaron-okpolokpo,2026-02-21,25/26,SJK II,FK Apolonia,free transfer,-,free
aaron-okpolokpo,2025-08-25,25/26,Miroslava,SJK II,free transfer,-,free
aaron-okpolokpo,2024-07-01,24/25,Ipswich Town Yo,Miroslava,free transfer,-,free
aaron-oreilly,2026-08-08,26/27,Huddersf. U21,Buxton,free transfer,-,free
aaron-oreilly,2024-08-28,24/25,Aston Villa U21,Huddersf. U21,free transfer,-,free
aaron-oreilly,2022-07-01,22/23,Aston Villa U18,Aston Villa U21,-,-,
aaron-oreilly,2020-07-01,20/21,Pat's Academy,Aston Villa U18,?,-,
adam-banim,2026-01-01,25/26,St. Pat's,Without Club,-,-,
adam-banim,2024-02-15,23/24,Pat's Academy,St. Pat's,-,-,
adam-banim,2022-03-05,21/22,Bohs Academy,Pat's Academy,free transfer,-,free
adam-banim,2020-07-01,20/21,Belvedere FC,Bohs Academy,free transfer,-,free
adam-banim,2016-07-01,16/17,Lucan United,Belvedere FC,free transfer,-,free
adam-brennan,2026-01-30,25/26,UCD,Shamrock Rovers,free transfer,-,free
adam-brennan,2024-04-26,23/24,UCD Academy,UCD,-,-,
adam-brogan,2026-08-21,26/27,Southampton U18,Bournemouth U18,free transfer,-,free
adam-brogan,2026-07-01,26/27,Southampton Aca,Southampton U18,-,-,
adam-byrne,2026-07-17,26/27,Rovers Academy,Longford Town,free transfer,-,free
adam-deans,2026-07-01,26/27,St. Francis,Lucan United,free transfer,-,free
adam-deans,2026-01-01,25/26,St. Pat's,St. Francis,free transfer,-,free
adam-deans,2024-04-05,23/24,Pat's Academy,St. Pat's,-,-,
adam-deans,2023-01-01,22/23,St. Josephs Boys,Pat's Academy,free transfer,-,free
adam-deans,2021-01-01,20/21,Bray Academy,St. Josephs Boys,free transfer,-,free
adam-deans,2018-01-01,17/18,Rovers Academy,Bray Academy,free transfer,-,free
adam-idah,2025-09-01,25/26,Celtic,Swansea,€6.90m,€6.50m,fee
adam-idah,2024-08-14,24/25,Norwich,Celtic,€9.90m,€3.50m,fee
adam-idah,2024-06-30,23/24,Celtic,Norwich,End of loan,€3.50m,loan end
adam-idah,2024-02-01,23/24,Norwich,Celtic,loan transfer,€2.80m,loan
adam-idah,2019-07-01,19/20,Norwich City U23,Norwich,-,-,
adam-idah,2018-07-01,18/19,Norwich U18,Norwich City U23,-,-,
adam-idah,2017-07-21,17/18,Corinthians,Norwich U18,?,-,
adam-mcdonnell,2023-01-01,22/23,Sligo Rovers,Bohemians,free transfer,€100k,free
adam-mcdonnell,2021-07-11,21/22,Boreham Wood,Sligo Rovers,free transfer,-,free
adam-mcdonnell,2019-07-01,19/20,Aldershot,Boreham Wood,free transfer,-,free
adam-mcdonnell,2018-01-26,17/18,Ipswich,Aldershot,?,-,
adam-mcdonnell,2017-12-21,17/18,Aldershot,Ipswich,End of loan,-,loan end
adam-mcdonnell,2017-08-30,17/18,Ipswich,Aldershot,loan transfer,-,loan
adam-mcdonnell,2014-08-31,14/15,Shelbourne,Ipswich,?,-,
adam-mcdonnell,2014-01-01,13/14,Shels Academy,Shelbourne,-,-,
adam-mcdonnell,2011-07-01,11/12,Home Farm,Shels Academy,free transfer,-,free
adam-murphy,2026-08-21,26/27,Bristol U21,Fleetwood,loan transfer,-,loan
adam-murphy,2026-01-09,25/26,Swindon Town,Bristol U21,End of loan,-,loan end
adam-murphy,2025-09-01,25/26,Bristol U21,Swindon Town,loan transfer,-,loan
adam-murphy,2024-01-03,23/24,St. Pat's,Bristol U21,€250k,€100k,fee
adam-murphy,2021-07-02,21/22,Pat's Academy,St. Pat's,-,-,
adam-murphy,2020-01-01,19/20,Belvedere FC,Pat's Academy,free transfer,-,free
adam-nelson,2026-07-01,26/27,Glentoran U18,Sunderland U18,?,-,
adam-ohalloran,2026-01-01,25/26,Galway United,Mervue United,free transfer,-,free
adam-ohalloran,2025-01-01,24/25,Treaty United,Galway United,free transfer,-,free
adam-ohalloran,2024-01-18,23/24,Galway United,Treaty United,free transfer,-,free
adam-ohalloran,2022-10-21,22/23,Galway Academy,Galway United,-,-,
adam-ohalloran,2020-01-01,19/20,Mervue Academy,Galway Academy,free transfer,-,free
adam-oreilly,2023-01-30,22/23,Preston,Derry City,?,€400k,
adam-oreilly,2022-11-30,22/23,St. Pat's,Preston,End of loan,€400k,loan end
adam-oreilly,2022-01-20,21/22,Preston,St. Pat's,loan transfer,€400k,loan
adam-oreilly,2021-12-31,21/22,Stalybridge,Preston,End of loan,€400k,loan end
adam-oreilly,2021-11-19,21/22,Preston,Stalybridge,loan transfer,€100k,loan
adam-oreilly,2021-06-30,20/21,Waterford FC,Preston,End of loan,€100k,loan end
adam-oreilly,2021-02-22,20/21,Preston,Waterford FC,loan transfer,€100k,loan
adam-oreilly,2020-12-17,20/21,Bamber Bridge,Preston,End of loan,€100k,loan end
adam-oreilly,2020-10-27,20/21,Preston,Bamber Bridge,loan transfer,€100k,loan
adam-oreilly,2020-05-31,19/20,Stalybridge,Preston,End of loan,€100k,loan end
adam-oreilly,2020-02-11,19/20,Preston,Stalybridge,loan transfer,€100k,loan
adam-oreilly,2019-07-01,19/20,Preston U19,Preston,-,-,
adam-oreilly,2019-05-31,18/19,Hyde United,Preston U19,End of loan,-,loan end
adam-oreilly,2019-04-04,18/19,Preston U19,Hyde United,loan transfer,-,loan
adam-oreilly,2017-07-01,17/18,Ringmahon,Preston U19,?,-,
adam-rooney,2026-03-06,25/26,Hereford,King's Lynn,free transfer,-,free
adam-rooney,2023-07-01,23/24,Brackley,Hereford,free transfer,-,free
adam-rooney,2022-10-11,22/23,Stratford Town,Brackley,free transfer,-,free
adam-rooney,2022-08-19,22/23,Solihull Moors,Stratford Town,free transfer,-,free
adam-rooney,2020-03-13,19/20,Salford,Solihull Moors,?,€650k,
adam-rooney,2018-07-19,18/19,Aberdeen FC,Salford,?,€650k,
adam-rooney,2014-01-23,13/14,Oldham Athletic,Aberdeen FC,free transfer,€500k,free
adam-rooney,2013-08-01,13/14,Birmingham,Oldham Athletic,free transfer,€500k,free
adam-rooney,2013-05-31,12/13,Swindon Town,Birmingham,End of loan,€500k,loan end
adam-rooney,2012-08-31,12/13,Birmingham,Swindon Town,loan transfer,€500k,loan
adam-rooney,2011-07-01,11/12,Inverness CT,Birmingham,free transfer,€750k,free
adam-rooney,2008-07-01,08/09,Stoke City,Inverness CT,€65k,€350k,fee
adam-rooney,2008-05-01,07/08,Bury,Stoke City,End of loan,€350k,loan end
adam-rooney,2008-02-01,07/08,Stoke City,Bury,loan transfer,€350k,loan
adam-rooney,2007-12-01,07/08,Chesterfield,Stoke City,End of loan,€350k,loan end
adam-rooney,2007-08-01,07/08,Stoke City,Chesterfield,loan transfer,€350k,loan
adam-rooney,2007-05-01,06/07,Yeovil Town,Stoke City,End of loan,€50k,loan end
adam-rooney,2007-03-01,06/07,Stoke City,Yeovil Town,loan transfer,€50k,loan
adam-rooney,2006-07-01,06/07,Stoke U18,Stoke City,-,€50k,
adam-rooney,2005-07-01,05/06,Crumlin United,Stoke U18,?,-,
ade-solanke,2026-01-15,25/26,FC Lorient U19,Bournemouth U21,?,-,
ade-solanke,2025-01-31,24/25,Rovers Academy,FC Lorient U19,?,-,
ademipo-odubeko,2025-01-01,24/25,Fleetwood,Shelbourne,free transfer,€100k,free
ademipo-odubeko,2024-08-12,23/24,Marítimo,Fleetwood,free transfer,€100k,free
ademipo-odubeko,2023-07-17,23/24,West Ham U21,Marítimo,free transfer,€350k,free
ademipo-odubeko,2023-05-31,22/23,Port Vale,West Ham U21,End of loan,€350k,loan end
ademipo-odubeko,2022-08-26,22/23,West Ham U21,Port Vale,loan transfer,€300k,loan
ademipo-odubeko,2022-05-31,21/22,Doncaster,West Ham U23,End of loan,€300k,loan end
ademipo-odubeko,2022-01-27,21/22,West Ham U23,Doncaster,loan transfer,€300k,loan
ademipo-odubeko,2022-01-04,21/22,Huddersfield,West Ham U23,End of loan,€300k,loan end
ademipo-odubeko,2021-08-30,21/22,West Ham U23,Huddersfield,loan transfer,€250k,loan
ademipo-odubeko,2020-07-01,20/21,West Ham U18,West Ham U23,-,-,
ademipo-odubeko,2019-10-25,19/20,Man Utd Youth,West Ham U18,free transfer,-,free
ademipo-odubeko,2016-07-01,16/17,Man City Youth,Man Utd Youth,free transfer,-,free
adrien-thibaut,2025-12-03,25/26,Southport,Crewe Alexandra,End of loan,€75k,loan end
adrien-thibaut,2025-10-04,25/26,Crewe Alexandra,Southport,loan transfer,€75k,loan
adrien-thibaut,2024-08-20,24/25,Bradford PA,Crewe Alexandra,free transfer,-,free
adrien-thibaut,2024-03-02,23/24,Macclesfield,Bradford PA,free transfer,-,free
adrien-thibaut,2024-02-01,23/24,Cobh Ramblers,Macclesfield,free transfer,-,free
adrien-thibaut,2023-02-17,22/23,Cobh Academy,Cobh Ramblers,-,-,
adrien-thibaut,2022-02-01,21/22,Douglas Hall,Cobh Academy,free transfer,-,free
adrien-thibaut,2020-01-01,19/20,Corinthians,Douglas Hall,free transfer,-,free
ahu-obhakhan,2024-07-30,24/25,Glebe North,Portadown,free transfer,-,free
ahu-obhakhan,2022-01-01,21/22,Drogheda United,Glebe North,free transfer,€25k,free
ahu-obhakhan,2021-09-03,21/22,Institute,Drogheda United,free transfer,-,free
ahu-obhakhan,2020-01-01,19/20,Torredonjimeno,Institute,free transfer,-,free
ahu-obhakhan,2019-02-19,18/19,FD Knights,Torredonjimeno,free transfer,-,free
ahu-obhakhan,2015-07-01,15/16,Shels Academy,FD Knights,free transfer,-,free
aidan-gabbidon,2026-02-20,25/26,Malmö FF U17,Sligo Rovers,?,-,
aidan-gabbidon,2025-01-28,24/25,Sligo Rovers,Malmö FF U17,€20k,-,fee
aidan-gabbidon,2024-05-03,23/24,Sligo Academy,Sligo Rovers,-,-,
aidan-keena,2024-07-28,24/25,Cheltenham,St. Pat's,free transfer,€275k,free
aidan-keena,2023-01-29,22/23,Sligo Rovers,Cheltenham,€85k,€200k,fee
aidan-keena,2022-01-24,21/22,Falkirk,Sligo Rovers,free transfer,-,free
aidan-keena,2020-08-05,20/21,Hartlepool,Falkirk,?,€75k,
aidan-keena,2020-01-10,19/20,Hearts FC B,Hartlepool,?,€75k,
aidan-keena,2019-01-14,18/19,Dunfermline A.,Hearts FC B,End of loan,€75k,loan end
aidan-keena,2018-08-31,18/19,Hearts FC B,Dunfermline A.,loan transfer,€50k,loan
aidan-keena,2018-07-01,18/19,Hearts FC U20,Hearts FC B,-,€50k,
aidan-keena,2018-05-06,17/18,Queen's Park,Hearts FC U20,End of loan,-,loan end
aidan-keena,2018-01-26,17/18,Hearts FC U20,Queen's Park,loan transfer,-,loan
aidan-keena,2017-08-26,17/18,St. Pat's,Hearts FC U20,€11k,-,fee
aidan-keena,2017-01-01,16/17,Pat's Academy,St. Pat's,-,-,
aidan-keena,2016-01-01,15/16,Shels Academy,Pat's Academy,free transfer,-,free
aidomo-emakhu,2026-02-02,25/26,Millwall,Oxford United,?,€900k,
aidomo-emakhu,2023-01-01,22/23,Shamrock Rovers,Millwall,?,€125k,
aidomo-emakhu,2021-02-01,20/21,Rovers Academy,Shamrock Rovers,-,-,
aidomo-emakhu,2020-02-01,19/20,Shels Academy,Rovers Academy,free transfer,-,free
ajibola-oluwabiyi,2026-07-29,26/27,Without Club,Bray Wanderers,-,-,
ajibola-oluwabiyi,2026-01-01,25/26,Wexford FC,Without Club,-,-,
ajibola-oluwabiyi,2025-07-02,25/26,Rovers Academy,Wexford FC,free transfer,-,free
alan-browne,2026-06-30,25/26,Middlesbrough,Sunderland,End of loan,€2.00m,loan end
alan-browne,2025-09-01,25/26,Sunderland,Middlesbrough,loan transfer,€2.20m,loan
alan-browne,2024-07-11,24/25,Preston,Sunderland,free transfer,€3.00m,free
alan-browne,2014-01-01,13/14,Cork Academy,Preston,?,-,
alan-browne,2012-07-01,12/13,Ringmahon,Cork Academy,free transfer,-,free
alan-reynolds,2008-01-01,07/08,Shamrock Rovers,Retired,-,-,
alan-reynolds,2007-07-01,07/08,Waterford Utd,Shamrock Rovers,free transfer,-,free
alan-reynolds,2006-07-01,06/07,Shelbourne,Waterford Utd,free transfer,-,free
alan-reynolds,2005-07-01,05/06,Waterford Utd,Shelbourne,free transfer,-,free
alan-reynolds,2004-01-01,03/04,Shamrock Rovers,Waterford Utd,free transfer,-,free
alan-reynolds,2003-01-01,02/03,Cork City,Shamrock Rovers,free transfer,-,free
alan-reynolds,2002-07-01,02/03,Longford Town,Cork City,free transfer,-,free
alan-reynolds,2001-07-01,01/02,Waterford Utd,Longford Town,free transfer,-,free
alan-reynolds,1991-07-01,91/92,WFC Academy,Waterford Utd,-,-,
alan-zborowski,2026-07-28,26/27,Waterford FC,Cobh Ramblers,loan transfer,€75k,loan
alan-zborowski,2025-02-15,24/25,WFC Academy,Waterford FC,-,-,
alex-flynn,2025-12-18,25/26,Shels Academy,Shelbourne,-,-,
alex-gilbert,2026-07-01,26/27,Middlesbrough,Without Club,-,€1.00m,
alex-gilbert,2025-06-30,24/25,Charlton,Middlesbrough,End of loan,€500k,loan end
alex-gilbert,2025-02-03,24/25,Middlesbrough,Charlton,loan transfer,€500k,loan
alex-gilbert,2023-07-04,23/24,Brentford B,Middlesbrough,free transfer,€100k,free
alex-gilbert,2022-01-04,21/22,Swindon Town,Brentford B,End of loan,€100k,loan end
alex-gilbert,2021-08-31,21/22,Brentford B,Swindon Town,loan transfer,€100k,loan
alex-gilbert,2020-09-28,20/21,West Brom U18,Brentford B,free transfer,-,free
alex-gilbert,2018-07-01,18/19,West Brom Yth.,West Brom U18,-,-,
alex-murphy,2026-08-11,26/27,Newcastle,1.FC K'lautern,loan transfer,€1.50m,loan
alex-murphy,2025-07-01,25/26,Newcastle U21,Newcastle,-,€300k,
alex-murphy,2025-05-31,24/25,Bolton,Newcastle U21,End of loan,€250k,loan end
alex-murphy,2025-01-20,24/25,Newcastle U21,Bolton,loan transfer,€250k,loan
alex-murphy,2022-07-09,22/23,Galway United,Newcastle U21,€100k,-,fee
alex-murphy,2021-03-01,20/21,Galway Academy,Galway United,-,-,
alex-nolan,2026-01-01,25/26,Cork City,Sligo Rovers,free transfer,€75k,free
alex-nolan,2025-01-01,24/25,St. Pat's,Cork City,free transfer,€100k,free
alex-nolan,2023-07-06,23/24,UCD,St. Pat's,free transfer,€75k,free
alex-nolan,2022-01-21,21/22,Shelbourne,UCD,free transfer,€25k,free
alex-nolan,2021-05-28,20/21,Shels Academy,Shelbourne,-,-,
alex-nolan,2019-11-01,19/20,Rovers Academy,Shels Academy,free transfer,-,free
alex-noonan,2024-08-15,24/25,Rovers Academy,Shamrock Rovers,-,-,
alfie-mulvenna,2026-07-29,26/27,Larne U18,Palace U18,?,-,
alfie-pollock,2026-07-25,26/27,Glenavon U18,Sunderland U18,?,-,
ali-reghba,2025-02-03,24/25,Rabotnicki,NK Maribor,€150k,€500k,fee
ali-reghba,2024-02-11,23/24,Without Club,Rabotnicki,-,€175k,
ali-reghba,2023-08-01,23/24,CR Belouizdad,Without Club,-,€175k,
ali-reghba,2022-01-31,21/22,Leicester U23,CR Belouizdad,free transfer,-,free
ali-reghba,2019-07-05,19/20,Bohemians,Leicester U23,?,-,
ali-reghba,2019-01-01,18/19,Bohs Academy,Bohemians,-,-,
ali-topcu,2024-07-11,24/25,Shels Academy,Shelbourne,-,-,
andrew-moran,2026-02-02,25/26,Brighton,Preston,€1.15m,€3.50m,fee
andrew-moran,2025-12-31,25/26,LAFC,Brighton,End of loan,€3.50m,loan end
andrew-moran,2025-08-21,25/26,Brighton,LAFC,loan transfer,€3.50m,loan
andrew-moran,2025-07-01,25/26,Brighton U21,Brighton,-,€3.50m,
andrew-moran,2025-05-31,24/25,Stoke City,Brighton U21,End of loan,€3.50m,loan end
andrew-moran,2024-08-16,24/25,Brighton U21,Stoke City,loan transfer,€3.00m,loan
andrew-moran,2024-05-31,23/24,Blackburn,Brighton U21,End of loan,€3.00m,loan end
andrew-moran,2023-08-26,23/24,Brighton U21,Blackburn,loan transfer,€300k,loan
andrew-moran,2021-07-01,21/22,Brighton U18,Brighton U23,-,-,
andrew-moran,2020-07-01,20/21,Bray Wanderers,Brighton U18,?,-,
andrew-moran,2020-02-01,19/20,Bray Academy,Bray Wanderers,-,-,
andrew-omobamidele,2025-07-01,25/26,Nott'm Forest,R. Strasbourg,€10.50m,€8.00m,fee
andrew-omobamidele,2025-06-30,24/25,R. Strasbourg,Nott'm Forest,End of loan,€8.00m,loan end
andrew-omobamidele,2025-01-24,24/25,Nott'm Forest,R. Strasbourg,loan transfer,€11.00m,loan
andrew-omobamidele,2023-09-01,23/24,Norwich,Nott'm Forest,€12.85m,€6.00m,fee
andrew-omobamidele,2021-01-01,20/21,Norwich City U23,Norwich,-,-,
andrew-omobamidele,2020-07-01,20/21,Norwich U18,Norwich City U23,-,-,
andrew-omobamidele,2018-07-01,18/19,Leixlip United,Norwich U18,?,-,
andrew-quinn,2024-01-01,23/24,Shelbourne,Drogheda United,free transfer,€75k,free
andrew-quinn,2023-01-01,22/23,Drogheda United,Shelbourne,free transfer,€75k,free
andrew-quinn,2022-01-01,21/22,Dundalk FC,Drogheda United,free transfer,-,free
andrew-quinn,2021-11-30,20/21,Bray Wanderers,Dundalk FC,End of loan,-,loan end
andrew-quinn,2021-02-22,20/21,Dundalk FC,Bray Wanderers,loan transfer,-,loan
andrew-quinn,2020-09-27,20/21,Dundalk Academy,Dundalk FC,-,-,
andrew-wogan,2026-05-30,25/26,Boston Utd,Stockport,End of loan,€50k,loan end
andrew-wogan,2026-01-24,25/26,Stockport,Boston Utd,loan transfer,€50k,loan
andrew-wogan,2025-08-29,25/26,Chester,Stockport,End of loan,€50k,loan end
andrew-wogan,2025-08-16,25/26,Stockport,Chester,loan transfer,€50k,loan
andrew-wogan,2025-03-27,24/25,Marine FC,Stockport,End of loan,€75k,loan end
andrew-wogan,2025-01-28,24/25,Stockport,Marine FC,loan transfer,€75k,loan
andrew-wogan,2024-11-30,24/25,Drogheda United,Stockport,End of loan,€75k,loan end
andrew-wogan,2024-07-08,24/25,Stockport,Drogheda United,loan transfer,€75k,loan
andrew-wogan,2024-07-07,24/25,Drogheda United,Stockport,€100k,€75k,fee
andrew-wogan,2023-04-15,22/23,Drogs Academy,Drogheda United,-,-,
andy-lyons,2023-01-01,22/23,Shamrock Rovers,Blackpool,€350k,€175k,fee
andy-lyons,2022-01-24,21/22,Bohemians,Shamrock Rovers,€35k,€100k,fee
andy-lyons,2018-07-01,18/19,Bohs Academy,Bohemians,-,-,
andy-spain,2026-07-01,26/27,Wayside Celtic,Armagh City,free transfer,-,free
andy-spain,2026-01-01,25/26,Longford Town,Wayside Celtic,free transfer,-,free
andy-spain,2025-01-24,24/25,Kerry FC,Longford Town,free transfer,-,free
andy-spain,2024-01-01,23/24,Treaty United,Kerry FC,free transfer,-,free
andy-spain,2023-01-09,22/23,Athlone Town,Treaty United,free transfer,-,free
andy-spain,2022-02-06,21/22,Cherry Orchard FC,Athlone Town,free transfer,-,free
andy-spain,2021-01-01,20/21,Pat's Academy,Cherry Orchard FC,free transfer,-,free
andy-spain,2020-08-01,20/21,Rovers Academy,Pat's Academy,free transfer,-,free
anselmo-garcia-macnulty,2026-07-01,26/27,PEC Zwolle,1.FC Magdeburg,free transfer,€1.50m,free
anselmo-garcia-macnulty,2023-07-26,23/24,Wolfsburg,PEC Zwolle,free transfer,€450k,free
anselmo-garcia-macnulty,2023-06-30,22/23,NAC Breda,Wolfsburg,End of loan,€400k,loan end
anselmo-garcia-macnulty,2022-07-19,22/23,Wolfsburg,NAC Breda,loan transfer,€300k,loan
anselmo-garcia-macnulty,2021-07-01,21/22,Wolfsburg U19,Wolfsburg,-,-,
anselmo-garcia-macnulty,2020-07-01,20/21,Wolfsburg U17,Wolfsburg U19,-,-,
anselmo-garcia-macnulty,2019-07-01,19/20,Real Betis Yth.,Wolfsburg U17,?,-,
anthony-breslin,2022-01-01,21/22,Bohemians,St. Pat's,free transfer,€100k,free
anthony-breslin,2020-01-01,19/20,Longford Town,Bohemians,free transfer,-,free
anthony-breslin,2019-01-01,18/19,Without Club,Longford Town,free transfer,-,free
anthony-breslin,2018-07-01,18/19,Wolves U23,Without Club,-,-,
anthony-breslin,2016-09-30,16/17,Tamworth,Wolves U23,End of loan,-,loan end
anthony-breslin,2016-08-05,16/17,Wolves U23,Tamworth,loan transfer,-,loan
anthony-breslin,2015-07-01,15/16,Wolves U18,Wolves U21,-,-,
anthony-breslin,2013-07-01,13/14,St. Kevins Boys,Wolves U18,free transfer,-,free
anthony-oconnor,2026-08-13,26/27,Harrogate Town,Galway United,free transfer,€100k,free
anthony-oconnor,2023-01-11,22/23,Morecambe FC,Harrogate Town,free transfer,€400k,free
anthony-oconnor,2021-07-01,21/22,Bradford,Morecambe FC,free transfer,€300k,free
anthony-oconnor,2018-07-01,18/19,Aberdeen FC,Bradford,free transfer,€300k,free
anthony-oconnor,2016-07-01,16/17,Burton Albion,Aberdeen FC,?,€100k,
anthony-oconnor,2015-07-20,15/16,Plymouth,Burton Albion,free transfer,-,free
anthony-oconnor,2015-02-02,14/15,Blackburn,Plymouth,?,-,
anthony-oconnor,2015-01-10,14/15,Plymouth,Blackburn,End of loan,-,loan end
anthony-oconnor,2014-08-04,14/15,Blackburn,Plymouth,loan transfer,-,loan
anthony-oconnor,2014-05-31,13/14,Torquay,Blackburn,End of loan,-,loan end
anthony-oconnor,2013-10-01,13/14,Blackburn,Torquay,loan transfer,-,loan
anthony-oconnor,2013-05-31,12/13,Burton Albion,Blackburn,End of loan,-,loan end
anthony-oconnor,2012-08-15,12/13,Blackburn,Burton Albion,loan transfer,-,loan
anthony-oconnor,2011-07-01,11/12,Blackburn U18,Blackburn,-,-,
aodh-dervin,2024-07-17,24/25,Galway United,Dundalk FC,?,€75k,
aodh-dervin,2023-07-06,23/24,Shelbourne,Galway United,free transfer,€75k,free
aodh-dervin,2023-06-10,22/23,Longford Town,Shelbourne,End of loan,€75k,loan end
aodh-dervin,2023-02-14,22/23,Shelbourne,Longford Town,loan transfer,€75k,loan
aodh-dervin,2022-01-01,21/22,Longford Town,Shelbourne,free transfer,€75k,free
aodh-dervin,2017-01-01,17/18,LTFC Academy,Longford Town,-,-,
aodhan-doherty,2026-07-25,26/27,Blackburn U21,Falkirk,loan transfer,€100k,loan
aodhan-doherty,2024-07-01,24/25,Linfield,Blackburn U21,€118k,€50k,fee
aodhan-doherty,2023-09-26,23/24,Linfield U18,Linfield,-,-,
aran-fitzpatrick,2026-08-01,26/27,Workington AFC,EFSC Titans,free transfer,-,free
aran-fitzpatrick,2025-08-22,25/26,Carlisle United,Workington AFC,free transfer,-,free
aran-fitzpatrick,2024-12-31,24/25,Workington AFC,Carlisle United,End of loan,-,loan end
aran-fitzpatrick,2024-09-10,24/25,Carlisle United,Workington AFC,loan transfer,-,loan
aran-fitzpatrick,2024-04-19,23/24,Carlisle U18,Carlisle United,-,-,
aran-fitzpatrick,2024-04-18,23/24,Workington AFC,Carlisle U18,End of loan,-,loan end
aran-fitzpatrick,2024-02-05,23/24,Carlisle U18,Workington AFC,loan transfer,-,loan
archie-quinn,2026-08-23,26/27,Rovers Academy,Shels Academy,free transfer,-,free
arlo-doherty,2026-01-01,25/26,Derry City,Waterford FC,free transfer,-,free
arlo-doherty,2025-01-01,24/25,Without Club,Derry City,-,-,
arlo-doherty,2024-07-01,24/25,Leicester U21,Without Club,-,-,
arlo-doherty,2022-07-01,22/23,Leicester U18,Leicester U21,-,-,
arlo-doherty,2020-07-01,20/21,Leicester Yth.,Leicester U18,-,-,
arlo-doherty,2019-07-01,19/20,Man City Youth,Leicester Yth.,free transfer,-,free
arlo-doherty,2018-07-01,18/19,Norwich Yth.,Man City Youth,free transfer,-,free
armstrong-oko-flex,2026-01-14,25/26,Botev Plovdiv,Levski Sofia,€300k,€600k,fee
armstrong-oko-flex,2025-08-25,25/26,FC Zürich,Botev Plovdiv,?,€400k,
armstrong-oko-flex,2023-08-14,23/24,West Ham U21,FC Zürich,free transfer,€500k,free
armstrong-oko-flex,2023-01-06,22/23,Swansea,West Ham U21,End of loan,€500k,loan end
armstrong-oko-flex,2022-08-30,22/23,West Ham U21,Swansea,loan transfer,-,loan
armstrong-oko-flex,2021-07-01,21/22,Celtic B,West Ham U23,free transfer,-,free
armstrong-oko-flex,2019-07-01,19/20,Celtic U18,Celtic B,-,-,
armstrong-oko-flex,2018-08-31,18/19,Arsenal Youth,Celtic U18,free transfer,-,free
baba-adeeko,2026-08-14,26/27,Wigan,Rochdale,?,€300k,
baba-adeeko,2023-07-01,23/24,Wigan U21,Wigan,-,-,
baba-adeeko,2021-07-01,21/22,Wigan U18,Wigan U23,-,-,
baba-adeeko,2019-07-01,19/20,Wigan Youth,Wigan U18,-,-,
barry-coffey,2026-01-23,25/26,Cobh Ramblers,Hartford,free transfer,-,free
barry-coffey,2025-01-21,24/25,Cork City,Cobh Ramblers,free transfer,€50k,free
barry-coffey,2022-07-04,22/23,Celtic B,Cork City,free transfer,-,free
barry-coffey,2022-06-09,21/22,Cork City,Celtic B,End of loan,-,loan end
barry-coffey,2021-07-28,21/22,Celtic B,Cork City,loan transfer,-,loan
barry-coffey,2021-05-31,20/21,Cliftonville,Celtic B,End of loan,-,loan end
barry-coffey,2021-01-30,20/21,Celtic B,Cliftonville,loan transfer,-,loan
barry-coffey,2018-07-01,18/19,Celtic U17,Celtic B,-,-,
barry-coffey,2017-07-01,17/18,Chelsea Youth,Celtic U17,?,-,
barry-cotter,2026-02-23,25/26,Barnsley,Derry City,free transfer,€275k,free
barry-cotter,2026-02-22,25/26,Notts County,Barnsley,End of loan,€275k,loan end
barry-cotter,2025-07-04,25/26,Barnsley,Notts County,loan transfer,€300k,loan
barry-cotter,2023-01-18,22/23,Shamrock Rovers,Barnsley,€20k,€150k,fee
barry-cotter,2022-11-30,22/23,St. Pat's,Shamrock Rovers,End of loan,€125k,loan end
barry-cotter,2022-07-20,22/23,Shamrock Rovers,St. Pat's,loan transfer,€125k,loan
barry-cotter,2021-08-31,21/22,Without Club,Shamrock Rovers,-,€100k,
barry-cotter,2021-03-22,20/21,Ipswich,Without Club,-,€100k,
barry-cotter,2021-01-08,20/21,Chelmsford,Ipswich,End of loan,€100k,loan end
barry-cotter,2020-10-16,20/21,Ipswich,Chelmsford,loan transfer,€100k,loan
barry-cotter,2019-12-03,19/20,Chelmsford,Ipswich,End of loan,€100k,loan end
barry-cotter,2019-09-26,19/20,Ipswich,Chelmsford,loan transfer,€100k,loan
barry-cotter,2018-01-31,17/18,Limerick FC,Ipswich,€80k,-,fee
barry-cotter,2017-07-01,17/18,LFC Academy,Limerick FC,-,-,
ben-mahon,2025-07-26,25/26,UCD,Shamrock Rovers,free transfer,-,free
ben-mahon,2025-04-21,24/25,UCD Academy,UCD,-,-,
ben-mccormack,2026-02-13,25/26,Waterford FC,Bray Wanderers,free transfer,€75k,free
ben-mccormack,2025-11-30,25/26,Wexford FC,Waterford FC,End of loan,€75k,loan end
ben-mccormack,2025-07-17,25/26,Waterford FC,Wexford FC,loan transfer,€75k,loan
ben-mccormack,2024-01-01,23/24,St. Pat's,Waterford FC,?,€75k,
ben-mccormack,2020-07-31,20/21,Pat's Academy,St. Pat's,-,-,
ben-quinn,2026-07-01,26/27,Portadown,Cliftonville,free transfer,€50k,free
ben-quinn,2025-09-29,25/26,Without Club,Portadown,-,€50k,
ben-quinn,2025-07-01,25/26,Mansfield Town,Without Club,-,€50k,
ben-quinn,2024-08-02,24/25,Celtic B,Mansfield Town,free transfer,-,free
ben-quinn,2022-07-01,22/23,Celtic U18,Celtic B,-,-,
ben-quinn,2020-01-01,19/20,Pat's Academy,Celtic U18,?,-,
ben-wilson,2026-08-17,26/27,Glenavon,Brentford B,?,-,
ben-wilson,2024-11-26,24/25,Glenavon U18,Glenavon,-,-,
billy-canny,2025-03-03,24/25,Pat's Academy,St. Pat's,-,-,
billy-hayes,2025-05-30,24/25,Pat's Academy,St. Pat's,-,-,
billy-oneill,2026-07-01,26/27,Bray Wanderers,Bristol U21,?,-,
billy-oneill,2023-10-20,23/24,Bray Academy,Bray Wanderers,-,-,
billy-regan,2026-07-16,26/27,Galway United,Treaty United,free transfer,-,free
billy-regan,2024-11-01,24/25,Galway Academy,Galway United,-,-,
bobby-amadasun,2026-07-01,26/27,Kerry FC,Treaty United,free transfer,-,free
bobby-amadasun,2024-02-01,23/24,LFC Academy,Kerry FC,free transfer,-,free
bobby-jones,2026-07-01,26/27,Chester,Darlington,free transfer,-,free
bobby-jones,2026-02-27,25/26,Boston Utd,Chester,free transfer,-,free
bobby-jones,2026-02-26,25/26,Chester,Boston Utd,End of loan,-,loan end
bobby-jones,2026-01-26,25/26,Boston Utd,Chester,loan transfer,-,loan
bobby-jones,2025-12-18,25/26,Spennymoor Town,Boston Utd,End of loan,-,loan end
bobby-jones,2025-10-21,25/26,Boston Utd,Spennymoor Town,loan transfer,-,loan
bobby-jones,2025-07-01,25/26,Curzon Ashton,Boston Utd,free transfer,-,free
bobby-jones,2024-07-01,24/25,Stockport,Curzon Ashton,free transfer,€50k,free
bobby-jones,2024-05-31,23/24,Marine FC,Stockport,End of loan,€50k,loan end
bobby-jones,2024-02-25,23/24,Stockport,Marine FC,loan transfer,€50k,loan
bobby-jones,2024-01-16,23/24,Brackley,Stockport,End of loan,€50k,loan end
bobby-jones,2023-12-16,23/24,Stockport,Brackley,loan transfer,€50k,loan
bobby-jones,2022-09-19,22/23,Without Club,Stockport,free transfer,-,free
bobby-jones,2022-07-01,22/23,Fylde,Without Club,-,-,
bobby-jones,2021-07-01,21/22,Wigan U23,Fylde,free transfer,-,free
bobby-jones,2020-07-01,20/21,Wigan U18,Wigan U23,-,-,
bobby-jones,2020-02-27,19/20,Farsley,Wigan U18,End of loan,-,loan end
bobby-jones,2020-02-11,19/20,Wigan U18,Farsley,loan transfer,-,loan
bobby-jones,2018-07-01,18/19,Boro Yth.,Wigan U18,?,-,
bobby-keohan,2025-02-21,24/25,WFC Academy,Waterford FC,-,-,
bobby-wales,2026-08-20,26/27,Swansea,Dundee FC,loan transfer,€350k,loan
bobby-wales,2026-06-30,25/26,Huddersfield,Swansea,End of loan,€350k,loan end
bobby-wales,2026-02-02,25/26,Swansea,Huddersfield,loan transfer,€400k,loan
bobby-wales,2025-07-01,25/26,Kilmarnock FC,Swansea,€300k,€600k,fee
bobby-wales,2024-05-31,23/24,Alloa Athletic,Kilmarnock FC,End of loan,€50k,loan end
bobby-wales,2023-09-29,23/24,Kilmarnock FC,Alloa Athletic,loan transfer,€50k,loan
bobby-wales,2023-07-01,23/24,Kilmarnock U18,Kilmarnock FC,-,-,
bobby-wales,2021-07-01,21/22,Kilmarnock FC U17,Kilmarnock U18,-,-,
bosun-lawal,2024-08-12,24/25,Celtic B,Stoke City,€2.34m,€300k,fee
bosun-lawal,2024-05-31,23/24,Fleetwood,Celtic B,End of loan,€300k,loan end
bosun-lawal,2023-08-17,23/24,Celtic B,Fleetwood,loan transfer,-,loan
bosun-lawal,2021-07-16,21/22,Watford U18,Celtic B,?,-,
bosun-lawal,2019-07-01,19/20,St. Kevins Boys,Watford U18,?,-,
brandon-kavanagh,2026-01-01,25/26,St. Pat's,Drogheda United,?,€200k,
brandon-kavanagh,2024-01-01,23/24,Derry City,St. Pat's,?,€125k,
brandon-kavanagh,2022-01-01,21/22,Shamrock Rovers,Derry City,€25k,-,fee
brandon-kavanagh,2021-11-30,21/22,Bray Wanderers,Shamrock Rovers,End of loan,-,loan end
brandon-kavanagh,2021-01-19,20/21,Shamrock Rovers,Bray Wanderers,loan transfer,-,loan
brandon-kavanagh,2019-01-01,18/19,Rovers Academy,Shamrock Rovers,-,-,
brandon-kavanagh,2018-01-01,17/18,Bohs Academy,Rovers Academy,free transfer,-,free
brandon-ly,2026-08-05,26/27,CAHN FC,XT Phu Tho,loan transfer,€25k,loan
brandon-ly,2025-07-23,25/26,Burnley U21,CAHN FC,free transfer,-,free
brandon-ly,2024-01-01,23/24,Sheff Utd U18,Burnley U21,?,-,
brandon-ly,2023-12-31,23/24,Burnley U21,Sheff Utd U18,End of loan,-,loan end
brandon-ly,2023-11-23,23/24,Sheff Utd U18,Burnley U21,loan transfer,-,loan
brandon-ly,2023-09-17,23/24,Hyde United,Sheff Utd U18,End of loan,-,loan end
brandon-ly,2023-09-01,23/24,Sheff Utd U18,Hyde United,loan transfer,-,loan
brian-maher,2022-01-01,21/22,Bray Wanderers,Derry City,free transfer,€50k,free
brian-maher,2020-07-27,20/21,St. Pat's,Bray Wanderers,free transfer,-,free
brian-maher,2020-06-30,19/20,Bray Wanderers,St. Pat's,End of loan,-,loan end
brian-maher,2020-02-21,19/20,St. Pat's,Bray Wanderers,loan transfer,-,loan
brian-maher,2018-01-01,17/18,Pat's Academy,St. Pat's,-,-,
brian-maher,2016-07-01,16/17,St. Kevins Boys,Pat's Academy,?,-,
bridel-bosakani,2026-07-03,26/27,Drogheda United,Finn Harps,loan transfer,€75k,loan
bridel-bosakani,2025-12-31,25/26,Glenavon,Drogheda United,End of loan,€50k,loan end
bridel-bosakani,2025-08-28,25/26,Drogheda United,Glenavon,loan transfer,€25k,loan
bridel-bosakani,2024-01-01,23/24,Sligo Rovers,Drogheda United,free transfer,-,free
bridel-bosakani,2023-08-11,23/24,Sligo Academy,Sligo Rovers,-,-,
brody-lee,2025-07-04,25/26,Rovers Academy,Cork City,free transfer,-,free
brooklyn-lyons-foster,2026-07-22,26/27,HJK Helsinki,Derry City,?,€200k,
brooklyn-lyons-foster,2024-02-14,23/24,Tottenham U21,HJK Helsinki,?,-,
brooklyn-lyons-foster,2019-07-01,19/20,Spurs U18,Tottenham U23,-,-,
brooklyn-lyons-foster,2017-07-01,17/18,Tottenham Yth.,Spurs U18,-,-,
brooks-lennon,2026-07-01,26/27,Without Club,Columbus,-,€1.80m,
brooks-lennon,2026-01-01,25/26,Atlanta,Without Club,-,€2.00m,
brooks-lennon,2019-12-02,19/20,Salt Lake,Atlanta,€271k,€750k,fee
brooks-lennon,2018-01-01,17/18,Liverpool U23,Salt Lake,free transfer,€400k,free
brooks-lennon,2017-12-31,17/18,Salt Lake,Liverpool U23,End of loan,€400k,loan end
brooks-lennon,2017-02-06,16/17,Liverpool U23,Salt Lake,loan transfer,-,loan
brooks-lennon,2016-07-01,16/17,Liverpool U18,Liverpool U23,-,-,
brooks-lennon,2015-07-03,15/16,RSL Academy,Liverpool U18,free transfer,-,free
callum-doherty,2026-07-20,26/27,Derry City,Strabane AFC,?,-,
callum-doherty,2026-05-31,25/26,Institute,Derry City,End of loan,-,loan end
callum-doherty,2025-07-16,25/26,Derry City,Institute,loan transfer,-,loan
callum-doherty,2024-08-16,24/25,Derry Academy,Derry City,-,-,
callum-downey,2025-08-29,25/26,Derry Academy,Derry City,-,-,
callum-honohan,2026-01-16,25/26,Shamrock Rovers,Cobh Ramblers,loan transfer,-,loan
callum-honohan,2025-07-16,25/26,Cork City,Shamrock Rovers,free transfer,-,free
callum-honohan,2024-03-22,23/24,Cork Academy,Cork City,-,-,
callum-lynch,2025-07-18,25/26,Sligo Academy,Sligo Rovers,-,-,
callum-marshall,2026-07-30,26/27,West Ham,Luton,€1.75m,€2.00m,fee
callum-marshall,2026-06-30,25/26,VfL Bochum,West Ham,End of loan,€2.00m,loan end
callum-marshall,2026-01-07,25/26,West Ham,VfL Bochum,loan transfer,€2.00m,loan
callum-marshall,2025-07-01,25/26,West Ham U21,West Ham,-,€1.80m,
callum-marshall,2025-05-31,24/25,Huddersfield,West Ham U21,End of loan,€1.80m,loan end
callum-marshall,2024-08-09,24/25,West Ham U21,Huddersfield,loan transfer,€2.00m,loan
callum-marshall,2024-05-31,23/24,West Brom,West Ham U21,End of loan,€2.00m,loan end
callum-marshall,2024-01-26,23/24,West Ham U21,West Brom,loan transfer,€1.00m,loan
callum-marshall,2023-07-01,23/24,West Ham U18,West Ham U21,-,-,
callum-marshall,2022-01-04,21/22,Linfield U18,West Ham U18,?,-,
callum-odowda,2025-07-04,25/26,Cardiff,Ferencváros,?,€1.20m,
callum-odowda,2022-07-01,22/23,Bristol City,Cardiff,free transfer,€1.50m,free
callum-odowda,2016-07-14,16/17,Oxford United,Bristol City,€1.20m,-,fee
callum-odowda,2013-07-01,13/14,Oxford Utd U18,Oxford United,-,-,
callum-robinson,2022-09-01,22/23,West Brom,Cardiff,?,€6.00m,
callum-robinson,2020-09-09,20/21,Sheff Utd,West Brom,?,€5.50m,
callum-robinson,2020-07-31,19/20,West Brom,Sheff Utd,End of loan,€5.50m,loan end
callum-robinson,2020-01-29,19/20,Sheff Utd,West Brom,loan transfer,€7.00m,loan
callum-robinson,2019-07-12,19/20,Preston,Sheff Utd,€7.80m,€4.50m,fee
callum-robinson,2016-07-04,16/17,Aston Villa,Preston,free transfer,€500k,free
callum-robinson,2016-06-30,15/16,Preston,Aston Villa,End of loan,€500k,loan end
callum-robinson,2016-01-05,15/16,Aston Villa,Preston,loan transfer,€500k,loan
callum-robinson,2016-01-03,15/16,Bristol City,Aston Villa,End of loan,€500k,loan end
callum-robinson,2015-08-07,15/16,Aston Villa,Bristol City,loan transfer,€500k,loan
callum-robinson,2015-05-11,14/15,Preston,Aston Villa,End of loan,€250k,loan end
callum-robinson,2015-02-02,14/15,Aston Villa,Preston,loan transfer,€250k,loan
callum-robinson,2014-11-25,14/15,Preston,Aston Villa,End of loan,€250k,loan end
callum-robinson,2014-09-16,14/15,Aston Villa,Preston,loan transfer,€250k,loan
callum-robinson,2014-07-01,14/15,Aston Villa U21,Aston Villa,-,€250k,
callum-robinson,2013-07-01,13/14,Aston Villa U18,Aston Villa U21,-,-,
calum-costello,2026-08-25,26/27,Fleetwood U21,Rylands,loan transfer,-,loan
calum-costello,2026-07-10,26/27,Waterford FC,Fleetwood U21,free transfer,-,free
calum-costello,2026-06-30,25/26,Fleetwood U21,Waterford FC,End of loan,-,loan end
calum-costello,2025-07-02,25/26,Waterford FC,Fleetwood U21,loan transfer,-,loan
calum-costello,2025-06-30,24/25,Bray Wanderers,Waterford FC,End of loan,-,loan end
calum-costello,2025-01-21,24/25,Waterford FC,Bray Wanderers,loan transfer,-,loan
calum-costello,2024-06-28,23/24,WFC Academy,Waterford FC,-,-,
calum-donnelly,2026-05-22,25/26,Drogs Academy,Drogheda United,-,-,
calum-donnelly,2025-07-01,25/26,Kildare Academy,Drogs Academy,free transfer,-,free
calum-kavanagh,2026-02-01,25/26,Bradford,Oldham Athletic,?,€275k,
calum-kavanagh,2024-02-01,23/24,Boro U21,Bradford,?,€100k,
calum-kavanagh,2023-05-31,22/23,Newport County,Boro U21,End of loan,€100k,loan end
calum-kavanagh,2023-01-31,22/23,Boro U21,Newport County,loan transfer,-,loan
calum-kavanagh,2022-05-31,21/22,Harrogate Town,Boro U23,End of loan,-,loan end
calum-kavanagh,2022-01-28,21/22,Boro U23,Harrogate Town,loan transfer,-,loan
calum-kavanagh,2021-07-01,21/22,Boro U18,Boro U23,-,-,
calum-kavanagh,2019-07-01,19/20,Boro Yth.,Boro U18,-,-,
calum-ward,2026-07-09,26/27,Motherwell FC,QPR,€760k,€800k,fee
calum-ward,2025-02-03,24/25,AC Oulu,Motherwell FC,free transfer,€200k,free
calum-ward,2022-01-01,21/22,Helsinki IFK,AC Oulu,free transfer,€100k,free
calum-ward,2021-04-20,20/21,Bournemouth U23,Helsinki IFK,?,€25k,
calum-ward,2021-04-19,20/21,Helsinki IFK,Bournemouth U23,End of loan,€25k,loan end
calum-ward,2021-01-29,20/21,Bournemouth U23,Helsinki IFK,loan transfer,-,loan
calum-ward,2020-05-31,19/20,Weymouth FC,Bournemouth U23,End of loan,-,loan end
calum-ward,2019-07-25,19/20,Bournemouth U23,Weymouth FC,loan transfer,-,loan
calum-ward,2019-07-01,19/20,Bournemouth U18,Bournemouth U23,-,-,
cameron-reid,2025-03-01,24/25,Turriff Utd U20,Turriff United,-,-,
cameron-reid,2025-01-01,24/25,Rothie Rovers,Turriff United,End of loan,-,loan end
cameron-reid,2024-08-07,24/25,Turriff Utd U20,Rothie Rovers,loan transfer,-,loan
cameron-reid,2024-07-01,23/24,Deveronvale U18,Turriff Utd U20,free transfer,-,free
caoimhin-kelleher,2025-07-01,25/26,Liverpool,Brentford,€14.80m,€20.00m,fee
caoimhin-kelleher,2019-07-01,19/20,Liverpool U23,Liverpool,-,-,
caoimhin-kelleher,2017-07-01,17/18,Liverpool U18,Liverpool U23,-,-,
caoimhin-kelleher,2015-07-01,15/16,Ringmahon,Liverpool U18,?,-,
carl-mchugh,2026-01-01,25/26,Without Club,Sligo Rovers,-,€350k,
carl-mchugh,2025-06-01,25/26,FC Goa,Without Club,-,€400k,
carl-mchugh,2023-08-21,23/24,Mohun Bagan SG,FC Goa,free transfer,€400k,free
carl-mchugh,2020-08-20,20/21,ATK,ATK Mohun Bagan,free transfer,€325k,free
carl-mchugh,2019-06-09,19/20,Motherwell FC,ATK,free transfer,€400k,free
carl-mchugh,2016-07-05,16/17,Plymouth,Motherwell FC,free transfer,€50k,free
carl-mchugh,2014-07-01,14/15,Bradford,Plymouth,free transfer,€50k,free
carl-mchugh,2012-08-18,12/13,Reading U21,Bradford,free transfer,-,free
carl-mchugh,2011-11-30,11/12,Dundalk FC,Reading U21,End of loan,-,loan end
carl-mchugh,2011-07-11,11/12,Reading U21,Dundalk FC,loan transfer,-,loan
carl-mchugh,2011-07-01,11/12,Reading U18,Reading U21,-,-,
cathal-heffernan,2026-08-27,26/27,Harrogate Town,Cambridge Utd.,?,€125k,
cathal-heffernan,2026-01-15,25/26,Newcastle U21,Harrogate Town,?,-,
cathal-heffernan,2023-08-24,23/24,Milan U18,Newcastle U21,?,-,
cathal-heffernan,2022-07-01,22/23,Cork City,Milan U18,€50k,-,fee
cathal-heffernan,2022-06-30,21/22,Milan U18,Cork City,End of loan,-,loan end
cathal-heffernan,2022-01-31,21/22,Cork City,Milan U18,"Loan fee:<br /><i class=""normaler-text"">€10k</i>",-,loan
cathal-heffernan,2021-07-09,21/22,Cork Academy,Cork City,-,-,
cathal-heffernan,2019-01-01,18/19,Ringmahon,Cork Academy,free transfer,-,free
cathal-mccarthy,2026-08-18,26/27,Hull U21,Kilmarnock FC,loan transfer,€300k,loan
cathal-mccarthy,2025-06-30,24/25,UCD,Hull U21,End of loan,-,loan end
cathal-mccarthy,2025-02-01,24/25,Hull U21,UCD,loan transfer,-,loan
cathal-mccarthy,2025-01-31,24/25,UCD,Hull U21,?,-,
cathal-mccarthy,2024-04-19,23/24,UCD Academy,UCD,-,-,
cathal-mccarthy,2023-01-01,22/23,Kildare Academy,UCD Academy,free transfer,-,free
cathal-osullivan,2026-03-05,25/26,Cork City,Preston U21,-,€125k,
cathal-osullivan,2023-11-03,23/24,Cork Academy,Cork City,-,-,
charles-dunne,2026-07-01,26/27,Coleraine,Without Club,-,€100k,
charles-dunne,2025-02-02,24/25,St. Mirren,Coleraine,free transfer,€150k,free
charles-dunne,2024-09-18,24/25,Without Club,St. Mirren,-,€300k,
charles-dunne,2024-07-01,24/25,St. Mirren,Without Club,-,€300k,
charles-dunne,2021-07-01,21/22,Motherwell FC,St. Mirren,free transfer,€325k,free
charles-dunne,2017-07-01,17/18,Oldham Athletic,Motherwell FC,free transfer,€100k,free
charles-dunne,2016-08-12,16/17,Blackpool,Oldham Athletic,free transfer,€100k,free
charles-dunne,2016-05-31,15/16,Crawley Town,Blackpool,End of loan,€100k,loan end
charles-dunne,2016-03-01,15/16,Blackpool,Crawley Town,loan transfer,€100k,loan
charles-dunne,2014-05-31,13/14,Wycombe,Blackpool,End of loan,€75k,loan end
charles-dunne,2013-08-24,13/14,Blackpool,Wycombe,loan transfer,€50k,loan
charles-dunne,2013-08-23,13/14,Wycombe,Blackpool,?,€50k,
charles-dunne,2012-07-01,12/13,Wycombe U18,Wycombe,-,€50k,
charles-dunne,2011-12-30,11/12,Staines Town FC,Wycombe U18,End of loan,-,loan end
charles-dunne,2011-08-10,11/12,Wycombe U18,Staines Town FC,loan transfer,-,loan
charlie-cummins,2026-02-21,25/26,Weston-super-M.,Exeter City,End of loan,€50k,loan end
charlie-cummins,2026-02-13,25/26,Exeter City,Weston-super-M.,loan transfer,€50k,loan
charlie-cummins,2026-01-03,25/26,Weston-super-M.,Exeter City,End of loan,€50k,loan end
charlie-cummins,2025-10-10,25/26,Exeter City,Weston-super-M.,loan transfer,€50k,loan
charlie-cummins,2025-05-31,24/25,Tiverton,Exeter City,End of loan,€50k,loan end
charlie-cummins,2025-01-13,24/25,Exeter City,Tiverton,loan transfer,€50k,loan
charlie-cummins,2024-12-31,24/25,Taunton Town,Exeter City,End of loan,€50k,loan end
charlie-cummins,2024-11-21,24/25,Exeter City,Taunton Town,loan transfer,€50k,loan
charlie-cummins,2024-10-08,24/25,Poole Town,Exeter City,End of loan,€50k,loan end
charlie-cummins,2024-09-05,24/25,Exeter City,Poole Town,loan transfer,€50k,loan
charlie-cummins,2024-05-31,23/24,Mousehole AFC,Exeter City,End of loan,-,loan end
charlie-cummins,2024-03-08,23/24,Exeter City,Mousehole AFC,loan transfer,-,loan
charlie-cummins,2024-01-26,23/24,Cobh Ramblers,Exeter City,?,-,
charlie-cummins,2023-10-20,23/24,Cobh Academy,Cobh Ramblers,-,-,
charlie-cummins,2021-02-01,20/21,Blarney,Cobh Academy,free transfer,-,free
charlie-mcgarvey,2026-05-29,25/26,Sligo Academy,Sligo Rovers,-,-,
charlie-mcneill,2026-08-13,26/27,Sheff Wed,Crewe Alexandra,loan transfer,€800k,loan
charlie-mcneill,2024-07-10,24/25,Man Utd U21,Sheff Wed,free transfer,€200k,free
charlie-mcneill,2024-01-03,23/24,Stevenage,Man Utd U21,End of loan,€200k,loan end
charlie-mcneill,2023-09-01,23/24,Man Utd U21,Stevenage,loan transfer,€200k,loan
charlie-mcneill,2023-05-31,22/23,Newport County,Man Utd U21,End of loan,€200k,loan end
charlie-mcneill,2023-01-31,22/23,Man Utd U21,Newport County,loan transfer,€200k,loan
charlie-mcneill,2021-07-01,21/22,Man Utd U18,Man Utd U23,-,-,
charlie-mcneill,2020-10-02,20/21,Man City U18,Man Utd U18,€800k,-,fee
charlie-mcneill,2019-07-01,19/20,Man City Youth,Man City U18,-,-,
charlie-mcneill,2014-07-01,14/15,Man Utd Youth,Man City Youth,free transfer,-,free
charlie-mcneill,2011-07-01,11/12,Liverpool Youth,Man Utd Youth,free transfer,-,free
chiedozie-ogbene,2026-05-31,25/26,Sheff Utd,Ipswich,End of loan,€4.00m,loan end
chiedozie-ogbene,2025-09-01,25/26,Ipswich,Sheff Utd,loan transfer,€7.00m,loan
chiedozie-ogbene,2024-08-28,24/25,Luton,Ipswich,€9.50m,€8.00m,fee
chiedozie-ogbene,2023-07-01,23/24,Rotherham,Luton,free transfer,€2.00m,free
chiedozie-ogbene,2019-08-29,19/20,Brentford,Rotherham,?,€150k,
chiedozie-ogbene,2019-01-01,18/19,Exeter City,Brentford,End of loan,€100k,loan end
chiedozie-ogbene,2018-08-31,18/19,Brentford,Exeter City,loan transfer,€100k,loan
chiedozie-ogbene,2018-01-30,17/18,Limerick FC,Brentford,?,-,
chiedozie-ogbene,2017-01-19,16/17,Cork City,Limerick FC,free transfer,-,free
chiedozie-ogbene,2016-01-01,15/16,Cork Academy,Cork City,-,-,
chris-forrester,2019-01-23,18/19,Aberdeen FC,St. Pat's,free transfer,€200k,free
chris-forrester,2018-07-01,18/19,Peterborough,Aberdeen FC,€230k,€200k,fee
chris-forrester,2015-08-30,15/16,St. Pat's,Peterborough,€23k,-,fee
chris-forrester,2012-01-01,11/12,Bohemians,St. Pat's,free transfer,-,free
chris-forrester,2011-01-01,10/11,Bohs Academy,Bohemians,-,-,
chris-shields,2021-07-01,21/22,Dundalk FC,Linfield,?,€50k,
chris-shields,2012-01-01,11/12,Bray Wanderers,Dundalk FC,free transfer,€50k,free
chris-shields,2008-11-07,08/09,Bray Academy,Bray Wanderers,-,-,
christopher-atherton,2026-07-17,26/27,Chelsea U18,Ipswich U18,?,€100k,
christopher-atherton,2025-07-04,25/26,Glenavon,Chelsea U18,?,€125k,
christopher-atherton,2024-07-01,24/25,Glenavon U18,Glenavon,-,-,
christopher-atherton,2026-07-17,26/27,Chelsea U18,Ipswich U18,?,€100k,
christopher-atherton,2025-07-04,25/26,Glenavon,Chelsea U18,?,€125k,
christopher-atherton,2024-07-01,24/25,Glenavon U18,Glenavon,-,-,
christy-grogan,2026-07-05,26/27,Stockport,Derry City,free transfer,-,free
christy-grogan,2026-04-12,25/26,Aldershot,Stockport,End of loan,-,loan end
christy-grogan,2025-12-05,25/26,Stockport,Aldershot,loan transfer,-,loan
christy-grogan,2025-07-01,25/26,Stoke U21,Stockport,free transfer,-,free
christy-grogan,2025-01-14,24/25,Wythenshawe,Stoke U21,End of loan,-,loan end
christy-grogan,2024-12-17,24/25,Stoke U21,Wythenshawe,loan transfer,-,loan
christy-grogan,2024-07-01,24/25,Stoke U18,Stoke U21,-,-,
christy-grogan,2022-07-01,22/23,Stoke Academy,Stoke U18,-,-,
cian-barrett,2026-06-30,25/26,Waterford FC,Shamrock Rovers,End of loan,€100k,loan end
cian-barrett,2026-01-30,25/26,Shamrock Rovers,Waterford FC,loan transfer,-,loan
cian-barrett,2024-11-30,24/25,Kerry FC,Shamrock Rovers,End of loan,-,loan end
cian-barrett,2024-07-28,24/25,Shamrock Rovers,Kerry FC,loan transfer,-,loan
cian-barrett,2023-11-30,23/24,Kerry FC,Shamrock Rovers,End of loan,-,loan end
cian-barrett,2023-03-10,22/23,Shamrock Rovers,Kerry FC,loan transfer,-,loan
cian-barrett,2023-01-01,22/23,Shels Academy,Shamrock Rovers,free transfer,-,free
cian-barrett,2022-02-01,21/22,Rovers Academy,Shels Academy,free transfer,-,free
cian-bolger,2026-07-01,26/27,Larne FC,Without Club,-,€10k,
cian-bolger,2021-07-05,21/22,Northampton,Larne FC,free transfer,€200k,free
cian-bolger,2020-08-21,20/21,Lincoln City,Northampton,free transfer,€200k,free
cian-bolger,2019-01-17,18/19,Fleetwood,Lincoln City,?,€200k,
cian-bolger,2016-07-01,16/17,Southend United,Fleetwood,free transfer,€125k,free
cian-bolger,2016-05-31,15/16,Bury,Southend United,End of loan,€125k,loan end
cian-bolger,2016-03-18,15/16,Southend United,Bury,loan transfer,€100k,loan
cian-bolger,2014-08-05,14/15,Bolton,Southend United,?,€50k,
cian-bolger,2014-03-21,13/14,Southend United,Bolton,End of loan,€50k,loan end
cian-bolger,2014-02-21,13/14,Bolton,Southend United,loan transfer,€50k,loan
cian-bolger,2013-11-24,13/14,Colchester Utd.,Bolton,End of loan,€50k,loan end
cian-bolger,2013-10-24,13/14,Bolton,Colchester Utd.,loan transfer,€50k,loan
cian-bolger,2013-01-31,12/13,Leicester U21,Bolton,?,€50k,
cian-bolger,2013-01-02,12/13,Bristol Rovers,Leicester U21,End of loan,€50k,loan end
cian-bolger,2011-01-17,10/11,Leicester Res.,Bristol Rovers,loan transfer,-,loan
cian-bolger,2010-07-01,10/11,Leicester U18,Leicester Res.,-,-,
cian-byrne,2025-06-30,24/25,Galway United,Bohemians,End of loan,€100k,loan end
cian-byrne,2025-02-18,24/25,Bohemians,Galway United,loan transfer,€75k,loan
cian-byrne,2023-07-02,23/24,Longford Town,Bohemians,End of loan,€25k,loan end
cian-byrne,2023-02-24,22/23,Bohemians,Longford Town,loan transfer,€25k,loan
cian-byrne,2022-03-18,21/22,Bohs Academy,Bohemians,-,-,
cian-byrne,2018-02-01,17/18,St. Kevins Boys,Bohs Academy,free transfer,-,free
cian-coleman,2026-08-21,26/27,Buxton,HKFC,free transfer,-,free
cian-coleman,2025-07-01,25/26,Leeds U21,Buxton,free transfer,-,free
cian-coleman,2025-05-31,24/25,Buxton,Leeds U21,End of loan,-,loan end
cian-coleman,2025-02-10,24/25,Leeds U21,Buxton,loan transfer,-,loan
cian-coleman,2025-01-02,24/25,Buxton,Leeds U21,End of loan,-,loan end
cian-coleman,2024-10-18,24/25,Leeds U21,Buxton,loan transfer,-,loan
cian-coleman,2023-07-01,23/24,Leeds U18,Leeds U21,-,-,
cian-dillon,2026-07-21,26/27,QPR U21,Dundalk FC,?,-,
cian-dillon,2026-01-31,25/26,Enfield Town,QPR U21,End of loan,-,loan end
cian-dillon,2025-11-05,25/26,QPR U21,Enfield Town,loan transfer,-,loan
cian-dillon,2025-10-26,25/26,Torquay,QPR U21,End of loan,-,loan end
cian-dillon,2025-10-02,25/26,QPR U21,Torquay,loan transfer,-,loan
cian-dillon,2025-05-31,24/25,Enfield Town,QPR U21,End of loan,-,loan end
cian-dillon,2025-03-27,24/25,QPR U21,Enfield Town,loan transfer,-,loan
cian-dillon,2025-01-16,24/25,Shamrock Rovers,QPR U21,?,-,
cian-dillon,2024-02-16,23/24,Rovers Academy,Shamrock Rovers,-,-,
cian-doyle,2026-07-27,26/27,Bray Wanderers,Grimsby Town,?,-,
cian-doyle,2025-01-08,24/25,Shelbourne,Bray Wanderers,free transfer,-,free
cian-doyle,2024-04-19,23/24,Shels Academy,Shelbourne,-,-,
cian-doyle,2022-01-01,21/22,Bray Academy,Shels Academy,free transfer,-,free
cian-hayes,2026-07-02,26/27,Peterborough,Rochdale,?,€325k,
cian-hayes,2024-07-03,24/25,Fleetwood,Peterborough,?,€300k,
cian-hayes,2024-05-31,23/24,Rochdale,Fleetwood,End of loan,€400k,loan end
cian-hayes,2024-02-01,23/24,Fleetwood,Rochdale,loan transfer,€400k,loan
cian-hayes,2023-11-28,23/24,Rochdale,Fleetwood,End of loan,€500k,loan end
cian-hayes,2023-10-05,23/24,Fleetwood,Rochdale,loan transfer,€500k,loan
cian-hayes,2021-11-29,21/22,FC United,Fleetwood,End of loan,-,loan end
cian-hayes,2021-10-22,21/22,Fleetwood,FC United,loan transfer,-,loan
cian-hayes,2021-07-01,21/22,Fleetwood U18,Fleetwood,-,-,
cian-kavanagh,2025-01-01,24/25,St. Pat's,Sligo Rovers,free transfer,€75k,free
cian-kavanagh,2024-01-01,23/24,Derry City,St. Pat's,free transfer,€75k,free
cian-kavanagh,2022-07-29,22/23,Waterford FC,Derry City,?,€25k,
cian-kavanagh,2021-02-23,20/21,Cowdenbeath,Waterford FC,free transfer,-,free
cian-kavanagh,2020-09-23,20/21,Hearts FC U18,Cowdenbeath,free transfer,-,free
cian-kavanagh,2019-08-30,19/20,Pat's Academy,Hearts FC U18,?,-,
cian-oconnor,2026-03-07,25/26,Drogs Academy,Drogheda United,-,-,
cian-omalley,2025-01-01,24/25,Wexford FC,Carrick Rangers,free transfer,-,free
cian-omalley,2023-07-06,23/24,Pat's Academy,Wexford FC,free transfer,-,free
cian-spaight,2025-05-09,24/25,Dundalk Academy,Dundalk FC,-,-,
cian-wilson,2026-07-25,26/27,Drogs Academy,Armagh City,free transfer,-,free
ciaran-brennan,2024-07-01,24/25,Sheff Wed,Newport County,free transfer,€150k,free
ciaran-brennan,2024-01-01,23/24,Hartlepool,Sheff Wed,End of loan,€150k,loan end
ciaran-brennan,2023-12-04,23/24,Sheff Wed,Hartlepool,loan transfer,€150k,loan
ciaran-brennan,2023-05-31,22/23,Swindon Town,Sheff Wed,End of loan,€150k,loan end
ciaran-brennan,2022-07-01,22/23,Sheff Wed,Swindon Town,loan transfer,€150k,loan
ciaran-brennan,2021-11-08,21/22,Notts County,Sheff Wed,End of loan,€150k,loan end
ciaran-brennan,2021-09-22,21/22,Sheff Wed,Notts County,loan transfer,€150k,loan
ciaran-brennan,2021-07-01,21/22,Sheff Wed U21,Sheff Wed,-,€150k,
ciaran-brennan,2019-10-31,19/20,Gainsborough,Sheff Wed U21,End of loan,-,loan end
ciaran-brennan,2019-09-20,19/20,Sheff Wed U21,Gainsborough,loan transfer,-,loan
ciaran-brennan,2019-07-01,19/20,Sheff Wed U18,Sheff Wed U21,-,-,
ciaran-brennan,2016-07-01,16/17,WFC Academy,Sheff Wed U18,?,-,
ciaran-coll,2026-07-01,26/27,Glentoran,Strabane AFC,free transfer,€25k,free
ciaran-coll,2025-01-01,24/25,Derry City,Glentoran,free transfer,€50k,free
ciaran-coll,2019-01-01,18/19,Finn Harps,Derry City,free transfer,-,free
ciaran-coll,2009-01-01,08/09,Hearts FC U18,Finn Harps,free transfer,-,free
ciaran-gilligan,2026-01-16,25/26,Aldershot,Burton Albion,End of loan,€100k,loan end
ciaran-gilligan,2025-10-17,25/26,Burton Albion,Aldershot,loan transfer,€100k,loan
ciaran-gilligan,2020-07-01,20/21,Burton U18,Burton Albion,-,-,
ciaran-kelly,2026-07-01,26/27,Bradford,Bristol Rovers,free transfer,€200k,free
ciaran-kelly,2023-01-01,22/23,Bohemians,Bradford,free transfer,€100k,free
ciaran-kelly,2021-01-03,20/21,Ballymena Utd,Bohemians,End of loan,-,loan end
ciaran-kelly,2020-10-02,20/21,Bohemians,Ballymena Utd,loan transfer,-,loan
ciaran-kelly,2020-01-16,19/20,St. Pat's,Bohemians,free transfer,-,free
ciaran-kelly,2019-01-01,18/19,Drogheda United,St. Pat's,free transfer,-,free
ciaran-kelly,2018-01-01,17/18,St. Pat's,Drogheda United,free transfer,-,free
ciaran-kelly,2017-01-01,16/17,Pat's Academy,St. Pat's,-,-,
ciaran-kilduff,2021-01-01,20/21,Shelbourne,Retired,-,-,
ciaran-kilduff,2019-01-05,18/19,J'ville Armada,Shelbourne,free transfer,-,free
ciaran-kilduff,2017-07-30,17/18,Dundalk FC,J'ville Armada,free transfer,€50k,free
ciaran-kilduff,2015-07-27,15/16,St. Pat's,Dundalk FC,free transfer,€50k,free
ciaran-kilduff,2015-01-01,14/15,Shamrock Rovers,St. Pat's,free transfer,€50k,free
ciaran-kilduff,2013-11-30,13/14,Cork City,Shamrock Rovers,End of loan,€50k,loan end
ciaran-kilduff,2013-07-01,13/14,Shamrock Rovers,Cork City,loan transfer,€50k,loan
ciaran-kilduff,2011-01-01,10/11,UCD,Shamrock Rovers,free transfer,€50k,free
ciaran-kilduff,2009-01-01,08/09,Shamrock Rovers,UCD,free transfer,-,free
ciaran-kilduff,2008-06-30,07/08,Kildare County,Shamrock Rovers,End of loan,-,loan end
ciaran-kilduff,2008-01-01,07/08,Shamrock Rovers,Kildare County,loan transfer,-,loan
ciaran-kilduff,2006-07-01,06/07,Rovers Academy,Shamrock Rovers,-,-,
ciaran-mullan,2025-10-05,25/26,Derry Academy,Derry City,-,-,
cillian-campion,2025-02-04,24/25,Longford Town,Shelbourne,free transfer,-,free
cillian-campion,2024-07-01,24/25,Stella Maris,Longford Town,free transfer,-,free
cillian-murphy,2025-07-19,25/26,Cork Academy,Cork City,-,-,
cillian-ryan,2025-07-19,25/26,Shels Academy,Shelbourne,-,-,
cillian-tollett,2026-08-27,26/27,Galway United,Bologna U20,?,€50k,
cillian-tollett,2026-08-26,26/27,Athlone Town,Galway United,End of loan,€50k,loan end
cillian-tollett,2026-02-13,25/26,Galway United,Athlone Town,loan transfer,€50k,loan
cillian-tollett,2024-10-18,24/25,Galway Academy,Galway United,-,-,
cj-hamilton,2020-07-22,20/21,Mansfield Town,Blackpool,free transfer,€75k,free
cj-hamilton,2016-07-01,16/17,Sheff Utd,Mansfield Town,free transfer,-,free
cj-hamilton,2016-05-31,15/16,Gateshead,Sheff Utd,End of loan,-,loan end
cj-hamilton,2015-11-27,15/16,Sheff Utd,Gateshead,loan transfer,-,loan
cj-hamilton,2015-10-28,15/16,Halifax Town,Sheff Utd,End of loan,-,loan end
cj-hamilton,2015-08-29,15/16,Sheff Utd,Halifax Town,loan transfer,-,loan
cj-hamilton,2015-05-31,14/15,Gainsborough,Sheff Utd,End of loan,-,loan end
cj-hamilton,2015-03-13,14/15,Sheff Utd,Gainsborough,loan transfer,-,loan
cj-hamilton,2014-07-01,14/15,Sheff Utd U21,Sheff Utd,-,-,
colm-horgan,2026-01-01,25/26,Galway United,Without Club,-,€75k,
colm-horgan,2023-01-20,22/23,Sligo Rovers,Galway United,free transfer,€75k,free
colm-horgan,2021-02-07,20/21,Derry City,Sligo Rovers,free transfer,-,free
colm-horgan,2020-01-21,19/20,Cork City,Derry City,free transfer,-,free
colm-horgan,2018-01-01,17/18,Galway United,Cork City,free transfer,-,free
colm-horgan,2014-01-17,13/14,Salthill Devon,Galway United,free transfer,-,free
colm-horgan,2011-01-01,10/11,SD Academy,Salthill Devon,-,-,
colm-whelan,2026-07-02,26/27,Maree Oranmore,Treaty United,free transfer,-,free
colm-whelan,2023-01-01,22/23,Galway Academy,Maree Oranmore,free transfer,-,free
colm-whelan,2019-07-01,19/20,Maree Oranmore,Galway Academy,free transfer,-,free
conal-mcdermott,2026-08-06,26/27,Portsmouth U18,Derry City,free transfer,-,free
conal-mcdermott,2026-03-09,25/26,Moneyfields FC,Portsmouth U18,End of loan,-,loan end
conal-mcdermott,2026-01-09,25/26,Portsmouth U18,Moneyfields FC,loan transfer,-,loan
conal-mcdermott,2026-01-08,25/26,Bashley FC,Portsmouth U18,End of loan,-,loan end
conal-mcdermott,2025-12-11,25/26,Portsmouth U18,Bashley FC,loan transfer,-,loan
conal-mcdermott,2024-09-01,24/25,Derry Academy,Portsmouth U18,?,-,
conal-ocaheny,2026-08-04,26/27,Longford Town,Wexford FC,free transfer,-,free
conal-ocaheny,2026-01-01,25/26,Without Club,Longford Town,-,-,
conal-ocaheny,2025-01-01,24/25,Sligo Academy,Without Club,-,-,
conal-ocaheny,2024-01-01,23/24,LTFC Academy,Sligo Academy,free transfer,-,free
conall-alfred,2025-09-05,25/26,Dundalk Academy,Dundalk FC,-,-,
conan-noonan,2026-01-01,25/26,Shamrock Rovers,Waterford FC,€50k,€200k,fee
conan-noonan,2025-11-30,25/26,Waterford FC,Shamrock Rovers,End of loan,€125k,loan end
conan-noonan,2025-01-31,24/25,Shamrock Rovers,Waterford FC,loan transfer,€100k,loan
conan-noonan,2021-03-12,20/21,Rovers Academy,Shamrock Rovers,-,-,
connor-barratt,2026-02-03,25/26,Barnsley,Galway United,loan transfer,-,loan
connor-barratt,2025-12-04,25/26,Bedford Town,Barnsley,End of loan,-,loan end
connor-barratt,2025-11-07,25/26,Barnsley,Bedford Town,loan transfer,-,loan
connor-barratt,2025-11-01,25/26,Kidderminster,Barnsley,End of loan,-,loan end
connor-barratt,2025-10-04,25/26,Barnsley,Kidderminster,loan transfer,-,loan
connor-barratt,2025-07-01,25/26,Barnsley U21,Barnsley,-,-,
connor-barratt,2024-07-17,24/25,Sheff Utd U21,Barnsley U21,free transfer,-,free
connor-barratt,2024-01-01,23/24,Solihull Moors,Sheff Utd U21,End of loan,-,loan end
connor-barratt,2023-09-01,23/24,Sheff Utd U21,Solihull Moors,loan transfer,-,loan
connor-barratt,2022-01-21,21/22,Birmingham U18,Sheffield U23,?,-,
connor-barratt,2020-07-01,20/21,Birmingham Aca.,Birmingham U18,-,-,
connor-obrien,2023-07-01,23/24,Accrington U18,Accrington,-,-,
connor-obrien,2023-01-03,22/23,Radcliffe,Accrington U18,End of loan,-,loan end
connor-obrien,2022-12-03,22/23,Accrington U18,Radcliffe,loan transfer,-,loan
connor-oriordan,2026-08-27,26/27,Blackburn,Barnsley,loan transfer,€600k,loan
connor-oriordan,2026-01-02,25/26,Doncaster,Blackburn,End of loan,€550k,loan end
connor-oriordan,2025-07-01,25/26,Blackburn,Doncaster,loan transfer,€500k,loan
connor-oriordan,2025-05-31,24/25,Crewe Alexandra,Blackburn,End of loan,€500k,loan end
connor-oriordan,2025-01-20,24/25,Blackburn,Crewe Alexandra,loan transfer,€500k,loan
connor-oriordan,2025-01-09,24/25,Cambridge Utd.,Blackburn,End of loan,€500k,loan end
connor-oriordan,2024-08-12,24/25,Blackburn,Cambridge Utd.,loan transfer,€600k,loan
connor-oriordan,2024-01-24,23/24,Crewe Alexandra,Blackburn,€500k,€450k,fee
connor-oriordan,2022-12-29,22/23,Raith Rovers,Crewe Alexandra,End of loan,€100k,loan end
connor-oriordan,2022-08-05,22/23,Crewe Alexandra,Raith Rovers,loan transfer,-,loan
connor-oriordan,2021-11-30,21/22,Nantwich Town,Crewe Alexandra,End of loan,-,loan end
connor-oriordan,2021-10-23,21/22,Crewe Alexandra,Nantwich Town,loan transfer,-,loan
connor-oriordan,2021-10-09,21/22,Kidsgrove Athletic,Crewe Alexandra,End of loan,-,loan end
connor-oriordan,2021-09-09,21/22,Crewe Alexandra,Kidsgrove Athletic,loan transfer,-,loan
connor-oriordan,2021-07-01,21/22,Crewe U18,Crewe Alexandra,-,-,
connor-ronan,2026-07-01,26/27,Colorado,Aberdeen FC,free transfer,€1.20m,free
connor-ronan,2023-01-31,22/23,Wolves,Colorado,€570k,€800k,fee
connor-ronan,2022-05-17,21/22,St. Mirren,Wolves,End of loan,€500k,loan end
connor-ronan,2021-08-31,21/22,Wolves,St. Mirren,loan transfer,€450k,loan
connor-ronan,2021-06-30,20/21,Grasshoppers,Wolves,End of loan,€450k,loan end
connor-ronan,2020-08-23,20/21,Wolves,Grasshoppers,loan transfer,€450k,loan
connor-ronan,2020-05-31,19/20,Blackpool,Wolves,End of loan,€450k,loan end
connor-ronan,2020-01-17,19/20,Wolves,Blackpool,loan transfer,€500k,loan
connor-ronan,2019-12-31,19/20,Dunajska Streda,Wolves,End of loan,€500k,loan end
connor-ronan,2019-01-31,18/19,Wolves,Dunajska Streda,loan transfer,€250k,loan
connor-ronan,2019-01-01,18/19,Walsall,Wolves,End of loan,€250k,loan end
connor-ronan,2018-08-31,18/19,Wolves,Walsall,loan transfer,€250k,loan
connor-ronan,2018-05-31,17/18,Portsmouth,Wolves,End of loan,€250k,loan end
connor-ronan,2018-01-03,17/18,Wolves,Portsmouth,loan transfer,€250k,loan
connor-ronan,2017-01-01,16/17,Wolves U23,Wolves,-,-,
connor-ronan,2015-07-01,15/16,Wolves U18,Wolves U21,-,-,
connor-ronan,2014-07-01,14/15,Rochdale U18,Wolves U18,?,-,
connor-whittaker,2026-07-17,26/27,Galway Academy,Galway United,-,-,
conor-cannon,2024-05-31,23/24,Sligo Academy,Sligo Rovers,-,-,
conor-carty,2026-07-08,26/27,Waterford FC,Halifax Town,?,€100k,
conor-carty,2026-01-01,25/26,St. Pat's,Waterford FC,€40k,€75k,fee
conor-carty,2025-01-15,24/25,Bolton B,St. Pat's,?,€50k,
conor-carty,2024-05-31,23/24,Doncaster,Bolton B,End of loan,€75k,loan end
conor-carty,2024-01-03,23/24,Bolton B,Doncaster,loan transfer,€75k,loan
conor-carty,2023-11-30,23/24,St. Pat's,Bolton B,End of loan,€75k,loan end
conor-carty,2023-02-04,22/23,Bolton B,St. Pat's,loan transfer,-,loan
conor-carty,2023-01-03,22/23,Gateshead,Bolton B,End of loan,-,loan end
conor-carty,2022-11-18,22/23,Bolton B,Gateshead,loan transfer,-,loan
conor-carty,2022-11-17,22/23,Oldham Athletic,Bolton B,End of loan,-,loan end
conor-carty,2022-10-21,22/23,Bolton B,Oldham Athletic,loan transfer,-,loan
conor-carty,2022-07-01,22/23,Wolves U21,Bolton B,free transfer,-,free
conor-carty,2020-07-01,20/21,Wolves U18,Wolves U23,-,-,
conor-carty,2018-07-01,18/19,Wolves Yth.,Wolves U18,-,-,
conor-coventry,2024-01-12,23/24,West Ham,Charlton,€1.16m,€1.50m,fee
conor-coventry,2023-05-31,22/23,Rotherham,West Ham,End of loan,€1.50m,loan end
conor-coventry,2023-01-26,22/23,West Ham,Rotherham,loan transfer,€1.00m,loan
conor-coventry,2022-05-31,21/22,MK Dons,West Ham,End of loan,€300k,loan end
conor-coventry,2022-01-18,21/22,West Ham,MK Dons,loan transfer,€300k,loan
conor-coventry,2022-01-05,21/22,Peterborough,West Ham,End of loan,€300k,loan end
conor-coventry,2021-08-31,21/22,West Ham,Peterborough,loan transfer,€200k,loan
conor-coventry,2021-01-01,20/21,West Ham U23,West Ham,-,-,
conor-coventry,2020-05-31,19/20,Lincoln City,West Ham U23,End of loan,-,loan end
conor-coventry,2020-01-10,19/20,West Ham U23,Lincoln City,loan transfer,-,loan
conor-coventry,2017-07-01,17/18,West Ham U18,West Ham U23,-,-,
conor-grant,2024-08-09,24/25,MK Dons,Notts County,?,€225k,
conor-grant,2024-05-31,23/24,Barnsley,MK Dons,End of loan,€250k,loan end
conor-grant,2024-02-01,23/24,MK Dons,Barnsley,loan transfer,€250k,loan
conor-grant,2022-07-01,22/23,Rochdale,MK Dons,?,€150k,
conor-grant,2021-02-01,20/21,Sheff Wed U21,Rochdale,?,€100k,
conor-grant,2019-07-01,19/20,Sheff Wed U18,Sheff Wed U21,-,-,
conor-grant,2017-04-20,16/17,Rovers Academy,Sheff Wed U18,free transfer,-,free
conor-kane,2024-01-01,23/24,Shelbourne,Drogheda United,free transfer,€50k,free
conor-kane,2023-11-30,23/24,Drogheda United,Shelbourne,End of loan,€50k,loan end
conor-kane,2023-07-28,23/24,Shelbourne,Drogheda United,loan transfer,€50k,loan
conor-kane,2022-01-01,21/22,Drogheda United,Shelbourne,free transfer,€75k,free
conor-kane,2017-01-01,16/17,Pat's Academy,Drogheda United,free transfer,-,free
conor-kearns,2026-01-01,25/26,Shelbourne,Dundalk FC,loan transfer,€175k,loan
conor-kearns,2023-01-01,22/23,Galway United,Shelbourne,free transfer,-,free
conor-kearns,2021-01-23,20/21,St. Pat's,Galway United,free transfer,-,free
conor-kearns,2019-11-27,19/20,UCD,St. Pat's,free transfer,-,free
conor-kearns,2017-01-01,16/17,UCD Academy,UCD,-,-,
conor-keeley,2025-01-01,24/25,St. Pat's,Drogheda United,free transfer,€150k,free
conor-keeley,2024-01-01,23/24,Drogheda United,St. Pat's,free transfer,€125k,free
conor-keeley,2023-01-09,22/23,Ballymena Utd,Drogheda United,?,€125k,
conor-keeley,2021-01-11,20/21,Cabinteely,Ballymena Utd,free transfer,-,free
conor-keeley,2017-01-01,16/17,Shelbourne,Cabinteely,free transfer,-,free
conor-keeley,2016-01-01,15/16,Shels Academy,Shelbourne,-,-,
conor-masterson,2026-08-25,26/27,Gillingham,Reading,free transfer,€175k,free
conor-masterson,2023-07-01,23/24,QPR,Gillingham,free transfer,€250k,free
conor-masterson,2023-05-31,22/23,Gillingham,QPR,End of loan,€250k,loan end
conor-masterson,2023-01-26,22/23,QPR,Gillingham,loan transfer,€300k,loan
conor-masterson,2022-04-30,21/22,Gillingham,QPR,End of loan,€300k,loan end
conor-masterson,2022-01-28,21/22,QPR,Gillingham,loan transfer,€300k,loan
conor-masterson,2022-01-03,21/22,Cambridge Utd.,QPR,End of loan,€300k,loan end
conor-masterson,2021-08-21,21/22,QPR,Cambridge Utd.,loan transfer,€300k,loan
conor-masterson,2021-05-31,20/21,Swindon Town,QPR,End of loan,€300k,loan end
conor-masterson,2021-01-19,20/21,QPR,Swindon Town,loan transfer,€300k,loan
conor-masterson,2019-07-03,19/20,Liverpool U23,QPR,free transfer,-,free
conor-masterson,2017-07-01,17/18,Liverpool U18,Liverpool U23,-,-,
conor-masterson,2015-07-01,15/16,Liverpool Youth,Liverpool U18,-,-,
conor-masterson,2013-07-01,13/14,Lucan Academy,Liverpool Youth,€1.00m,-,fee
conor-mccarthy,2025-07-01,25/26,Barnsley,Northampton,free transfer,€200k,free
conor-mccarthy,2024-05-31,23/24,Swindon Town,Barnsley,End of loan,€300k,loan end
conor-mccarthy,2024-01-17,23/24,Barnsley,Swindon Town,loan transfer,€300k,loan
conor-mccarthy,2022-07-01,22/23,St. Mirren,Barnsley,free transfer,€500k,free
conor-mccarthy,2020-01-07,19/20,Cork City,St. Mirren,?,-,
conor-mccarthy,2016-07-01,16/17,Cork Academy,Cork City,-,-,
conor-mccarthy,2014-07-01,14/15,Blarney,Cork Academy,free transfer,-,free
conor-mcmanus,2026-08-03,26/27,Brentford B,Gillingham,?,-,
conor-mcmanus,2023-01-01,22/23,Bray Wanderers,Brentford B,?,-,
conor-mcmanus,2022-04-29,21/22,Bray Academy,Bray Wanderers,-,-,
conor-okeeffe,2025-01-01,24/25,Galway United,Dundalk FC,free transfer,€50k,free
conor-okeeffe,2021-01-01,20/21,Newry City,Galway United,free transfer,€150k,free
conor-okeeffe,2020-08-30,20/21,Southern United,Newry City,free transfer,€150k,free
conor-okeeffe,2016-10-07,16/17,Wexford FC,Southern United,free transfer,€50k,free
conor-okeeffe,2016-02-07,15/16,Belgrove FC,Wexford Youths,free transfer,-,free
conor-okeeffe,2014-01-01,13/14,Unknown,Belgrove FC,?,-,
conor-okeeffe,2013-01-01,12/13,Drogheda United,Unknown,free transfer,-,free
conor-okeeffe,2012-01-01,11/12,Drogs Academy,Drogheda United,-,-,
conor-reynolds,2023-07-07,23/24,Sligo Academy,Sligo Rovers,-,-,
conor-shaughnessy,2023-07-01,23/24,Burton Albion,Portsmouth,free transfer,€200k,free
conor-shaughnessy,2021-07-01,21/22,Rochdale,Burton Albion,free transfer,€250k,free
conor-shaughnessy,2021-02-01,20/21,Leeds,Rochdale,free transfer,€250k,free
conor-shaughnessy,2020-05-31,19/20,Burton Albion,Leeds,End of loan,€250k,loan end
conor-shaughnessy,2020-01-13,19/20,Leeds,Burton Albion,loan transfer,€250k,loan
conor-shaughnessy,2020-01-12,19/20,Mansfield Town,Leeds,End of loan,€250k,loan end
conor-shaughnessy,2019-09-02,19/20,Leeds,Mansfield Town,loan transfer,€250k,loan
conor-shaughnessy,2019-05-31,18/19,Heart of Midl.,Leeds,End of loan,€250k,loan end
conor-shaughnessy,2019-01-07,18/19,Leeds,Heart of Midl.,loan transfer,€250k,loan
conor-shaughnessy,2017-07-01,17/18,Leeds United U23,Leeds,-,-,
conor-shaughnessy,2016-09-01,16/17,Reading U23,Leeds United U23,free transfer,-,free
conor-shaughnessy,2014-07-01,14/15,Reading U18,Reading U21,-,-,
conor-walsh,2026-01-01,25/26,Sligo Rovers,Shelbourne,?,€50k,
conor-walsh,2024-11-30,24/25,Wexford FC,Sligo Rovers,End of loan,-,loan end
conor-walsh,2024-07-25,24/25,Sligo Rovers,Wexford FC,loan transfer,-,loan
conor-walsh,2024-06-30,23/24,Finn Harps,Sligo Rovers,End of loan,-,loan end
conor-walsh,2024-02-22,23/24,Sligo Rovers,Finn Harps,loan transfer,-,loan
conor-walsh,2021-07-08,21/22,Sligo Academy,Sligo Rovers,-,-,
conor-walsh,2019-02-01,18/19,Westport United,Sligo Academy,free transfer,-,free
corey-okeeffe,2026-01-05,25/26,Stockport,Barnsley,End of loan,€600k,loan end
corey-okeeffe,2025-07-18,25/26,Barnsley,Stockport,loan transfer,€600k,loan
corey-okeeffe,2023-07-25,23/24,Forest Green,Barnsley,?,€300k,
corey-okeeffe,2022-07-01,22/23,Rochdale,Forest Green,?,-,
corey-okeeffe,2022-01-28,21/22,Mansfield Town,Rochdale,free transfer,-,free
corey-okeeffe,2022-01-01,21/22,Rochdale,Mansfield Town,End of loan,-,loan end
corey-okeeffe,2021-08-03,21/22,Mansfield Town,Rochdale,loan transfer,-,loan
corey-okeeffe,2020-08-13,20/21,Birmingham U23,Mansfield Town,free transfer,-,free
corey-okeeffe,2020-05-31,19/20,Macclesfield,Birmingham U23,End of loan,-,loan end
corey-okeeffe,2019-08-09,19/20,Birmingham U23,Macclesfield,loan transfer,-,loan
corey-okeeffe,2019-02-17,18/19,Solihull Moors,Birmingham U23,End of loan,-,loan end
corey-okeeffe,2018-08-17,18/19,Birmingham U23,Solihull Moors,loan transfer,-,loan
corey-okeeffe,2016-07-01,16/17,Birmingham U18,Birmingham U23,-,-,
corey-okeeffe,2015-07-01,15/16,Birmingham Aca.,Birmingham U18,-,-,
corrie-ndaba,2025-07-28,25/26,Kilmarnock FC,Lecce,€930k,€350k,fee
corrie-ndaba,2024-07-30,24/25,Ipswich,Kilmarnock FC,?,€350k,
corrie-ndaba,2024-05-31,23/24,Kilmarnock FC,Ipswich,End of loan,€350k,loan end
corrie-ndaba,2023-07-01,23/24,Ipswich,Kilmarnock FC,loan transfer,€200k,loan
corrie-ndaba,2023-05-31,22/23,Fleetwood,Ipswich,End of loan,€200k,loan end
corrie-ndaba,2023-01-31,22/23,Ipswich,Fleetwood,loan transfer,€100k,loan
corrie-ndaba,2023-01-30,22/23,Burton Albion,Ipswich,End of loan,€100k,loan end
corrie-ndaba,2022-08-19,22/23,Ipswich,Burton Albion,loan transfer,€100k,loan
corrie-ndaba,2022-05-31,21/22,Salford,Ipswich,End of loan,€50k,loan end
corrie-ndaba,2021-08-21,21/22,Ipswich,Salford,loan transfer,€50k,loan
corrie-ndaba,2021-07-01,21/22,Ipswich Town U23,Ipswich,-,€50k,
corrie-ndaba,2021-05-01,20/21,Ayr United,Ipswich Town U23,End of loan,€50k,loan end
corrie-ndaba,2021-01-07,20/21,Ipswich Town U23,Ayr United,loan transfer,-,loan
corrie-ndaba,2020-01-06,19/20,Chelmsford,Ipswich Town U23,End of loan,-,loan end
corrie-ndaba,2019-12-06,19/20,Ipswich Town U23,Chelmsford,loan transfer,-,loan
corrie-ndaba,2019-12-05,19/20,Hemel,Ipswich Town U23,End of loan,-,loan end
corrie-ndaba,2019-11-08,19/20,Ipswich Town U23,Hemel,loan transfer,-,loan
corrie-ndaba,2018-07-01,18/19,Ipswich U18,Ipswich Town U23,-,-,
corrie-ndaba,2016-07-01,16/17,Cherry Orchard FC,Ipswich U18,free transfer,-,free
cory-osullivan,2022-06-24,21/22,Rovers Academy,Shamrock Rovers,-,-,
cyrus-christie,2025-09-01,25/26,Swansea,Bolton,free transfer,€200k,free
cyrus-christie,2024-11-01,24/25,Without Club,Swansea,-,€400k,
cyrus-christie,2024-07-01,24/25,Hull City,Without Club,-,€600k,
cyrus-christie,2022-08-26,22/23,Fulham,Hull City,free transfer,€1.20m,free
cyrus-christie,2022-05-31,21/22,Swansea,Fulham,End of loan,€1.20m,loan end
cyrus-christie,2022-01-13,21/22,Fulham,Swansea,loan transfer,€1.00m,loan
cyrus-christie,2021-05-31,20/21,Nott'm Forest,Fulham,End of loan,€1.80m,loan end
cyrus-christie,2020-09-18,20/21,Fulham,Nott'm Forest,loan transfer,€1.60m,loan
cyrus-christie,2018-01-31,17/18,Middlesbrough,Fulham,€3.40m,€2.00m,fee
cyrus-christie,2017-07-07,17/18,Derby,Middlesbrough,€2.80m,€1.00m,fee
cyrus-christie,2014-07-10,14/15,Coventry,Derby,€111k,€500k,fee
cyrus-christie,2011-05-31,10/11,Hinckley United,Coventry,End of loan,€50k,loan end
cyrus-christie,2011-02-14,10/11,Coventry,Hinckley United,loan transfer,€50k,loan
cyrus-christie,2011-02-13,10/11,Nuneaton,Coventry,End of loan,€50k,loan end
cyrus-christie,2011-01-13,10/11,Coventry,Nuneaton,loan transfer,€50k,loan
cyrus-christie,2010-07-01,10/11,Coventry U18,Coventry,-,-,
daire-oconnor,2026-07-01,26/27,Ballymena Utd,Carrick Rangers,?,€125k,
daire-oconnor,2025-07-01,25/26,Hamilton Acad.,Ballymena Utd,?,€150k,
daire-oconnor,2025-05-31,24/25,East Kilbride,Hamilton Acad.,End of loan,€150k,loan end
daire-oconnor,2025-03-10,24/25,Hamilton Acad.,East Kilbride,loan transfer,€150k,loan
daire-oconnor,2024-07-23,24/25,Glentoran,Hamilton Acad.,?,€200k,
daire-oconnor,2023-07-01,23/24,Ayr United,Glentoran,?,€175k,
daire-oconnor,2021-07-28,21/22,Cliftonville,Ayr United,free transfer,-,free
daire-oconnor,2020-10-20,20/21,Cork City,Cliftonville,free transfer,-,free
daire-oconnor,2019-01-01,18/19,UCD,Cork City,free transfer,-,free
daire-oconnor,2015-01-01,14/15,Arklow Town,UCD,free transfer,-,free
daire-patton,2023-08-11,23/24,Sligo Academy,Sligo Rovers,-,-,
daithi-folan,2025-07-01,25/26,Dundalk FC,Home Farm,free transfer,-,free
daithi-folan,2025-01-22,24/25,Shelbourne,Dundalk FC,free transfer,-,free
daithi-folan,2023-01-01,22/23,Bohs Academy,Shelbourne,free transfer,-,free
dan-casey,2025-07-01,25/26,Motherwell FC,Wycombe,free transfer,€350k,free
dan-casey,2023-01-31,22/23,Sacramento FC,Motherwell FC,free transfer,€150k,free
dan-casey,2021-01-13,20/21,Bohemians,Sacramento FC,free transfer,-,free
dan-casey,2020-01-01,19/20,Cork City,Bohemians,free transfer,-,free
dan-casey,2019-01-01,18/19,Bohemians,Cork City,?,-,
dan-casey,2017-07-11,17/18,Sunderland U23,Bohemians,free transfer,-,free
dan-casey,2016-07-01,16/17,Sunderland U18,Sunderland U23,-,-,
dan-casey,2013-07-01,13/14,St. Josephs Boys,Sunderland U18,?,-,
dan-oconnor,2026-07-01,26/27,Totton,Cliftonville,free transfer,-,free
dan-oconnor,2025-12-10,25/26,Kerry FC,Totton,free transfer,-,free
dan-oconnor,2025-09-03,25/26,Without Club,Kerry FC,-,-,
dan-oconnor,2025-07-01,25/26,Ipswich U21,Without Club,-,-,
dan-oconnor,2025-05-31,24/25,Farnborough,Ipswich U21,End of loan,-,loan end
dan-oconnor,2025-01-21,24/25,Ipswich U21,Farnborough,loan transfer,-,loan
dan-oconnor,2023-01-31,22/23,Galway Academy,Ipswich U21,?,-,
dan-rose,2026-08-01,26/27,UK Wildcats,Liberty Flames,free transfer,-,free
dan-rose,2026-01-01,25/26,Thundering Herd,UK Wildcats,free transfer,-,free
dan-rose,2023-01-01,22/23,Schalke 04 II,Thundering Herd,free transfer,€10k,free
dan-rose,2022-07-01,22/23,Schalke 04 U19,Schalke 04 II,-,-,
dan-rose,2020-07-01,20/21,Everton Youth,Schalke 04 U19,€120k,-,fee
daniel-chukwu,2026-07-01,26/27,St. Pat's,Lucan United,free transfer,-,free
daniel-chukwu,2026-05-31,25/26,Oxford SFC,St. Pat's,End of loan,-,loan end
daniel-chukwu,2026-01-17,25/26,St. Pat's,Oxford SFC,loan transfer,-,loan
daniel-chukwu,2025-07-06,25/26,Longford Town,St. Pat's,free transfer,-,free
daniel-chukwu,2025-02-04,24/25,Bray Wanderers,Longford Town,free transfer,-,free
daniel-chukwu,2023-04-28,22/23,Bray Academy,Bray Wanderers,-,-,
daniel-chukwu,2021-01-01,20/21,Cabo Academy,Bray Academy,free transfer,-,free
daniel-cleary,2022-07-28,22/23,St. Johnstone,Shamrock Rovers,free transfer,€275k,free
daniel-cleary,2022-01-01,21/22,Dundalk FC,St. Johnstone,free transfer,€125k,free
daniel-cleary,2018-02-15,17/18,Birmingham U23,Dundalk FC,free transfer,-,free
daniel-cleary,2017-10-26,17/18,Solihull Moors,Birmingham U23,End of loan,-,loan end
daniel-cleary,2017-07-26,17/18,Birmingham U23,Solihull Moors,loan transfer,-,loan
daniel-cleary,2016-07-27,16/17,Liverpool U23,Birmingham U23,free transfer,-,free
daniel-cleary,2014-07-01,14/15,Liverpool U18,Liverpool U21,-,-,
daniel-grant,2025-01-01,24/25,Bohemians,Shamrock Rovers,free transfer,€125k,free
daniel-grant,2023-07-13,23/24,Huddersfield,Bohemians,free transfer,€150k,free
daniel-grant,2023-05-31,22/23,Harrogate Town,Huddersfield,End of loan,€150k,loan end
daniel-grant,2022-09-01,22/23,Huddersfield,Harrogate Town,loan transfer,€150k,loan
daniel-grant,2021-01-02,20/21,Bohemians,Huddersfield,free transfer,-,free
daniel-grant,2018-01-01,17/18,Bohs Academy,Bohemians,-,-,
daniel-grant,2017-07-01,17/18,Bangor Celtic,Bohs Academy,free transfer,-,free
daniel-idiakhoa,2026-08-01,26/27,LMU Lions,Coastal,free transfer,-,free
daniel-idiakhoa,2025-08-01,25/26,FC Tucson,LMU Lions,End of loan,-,loan end
daniel-idiakhoa,2025-05-01,24/25,LMU Lions,FC Tucson,loan transfer,-,loan
daniel-idiakhoa,2024-08-01,24/25,Hitchin Town,LMU Lions,free transfer,-,free
daniel-idiakhoa,2023-07-01,23/24,Luton,Hitchin Town,free transfer,-,free
daniel-idiakhoa,2022-07-01,22/23,Newport Pagnell,Luton,free transfer,-,free
daniel-idiakhoa,2020-07-01,20/21,Northampton,Newport Pagnell,free transfer,-,free
daniel-idiakhoa,2019-07-01,19/20,Unknown,Northampton,free transfer,-,free
daniel-kelly,2025-01-01,24/25,Derry City,Shelbourne,free transfer,€125k,free
daniel-kelly,2024-01-01,23/24,Dundalk FC,Derry City,free transfer,€125k,free
daniel-kelly,2019-01-01,18/19,Bohemians,Dundalk FC,free transfer,-,free
daniel-kelly,2018-07-11,18/19,Bray Wanderers,Bohemians,free transfer,-,free
daniel-kelly,2018-02-06,17/18,St. Pat's CYFC,Bray Wanderers,free transfer,-,free
daniel-mandroiu,2024-08-19,24/25,Lincoln City,Shamrock Rovers,free transfer,€350k,free
daniel-mandroiu,2022-07-07,22/23,Shamrock Rovers,Lincoln City,€30k,€375k,fee
daniel-mandroiu,2021-01-01,20/21,Bohemians,Shamrock Rovers,€20k,-,fee
daniel-mandroiu,2019-01-01,18/19,Brighton U23,Bohemians,free transfer,-,free
daniel-mandroiu,2017-07-01,17/18,Brighton U18,Brighton U23,-,-,
daniel-mandroiu,2014-07-01,14/15,St. Kevins Boys,Brighton U18,?,-,
daniel-mare,2026-01-01,26/27,Shels Academy,Drogheda United,free transfer,-,free
daniel-mare,2025-01-20,24/25,Rovers Academy,Shels Academy,free transfer,-,free
daniel-mccarron,2026-07-01,26/27,Dungannon U18,Arsenal U18,?,-,
daniel-mcgrath,2025-07-07,25/26,Lommel SK,Without Club,-,€150k,
daniel-mcgrath,2023-09-06,23/24,Bohemians,Lommel SK,?,-,
daniel-mcgrath,2023-01-03,22/23,Bohs Academy,Bohemians,-,-,
daniel-oreilly,2024-01-09,23/24,Raith Rovers,Partick Thistle,free transfer,€200k,free
daniel-oreilly,2023-11-20,23/24,Without Club,Raith Rovers,-,€200k,
daniel-oreilly,2023-07-01,23/24,Hamilton Acad.,Without Club,-,€200k,
daniel-oreilly,2022-01-01,21/22,Drogheda United,Hamilton Acad.,free transfer,€75k,free
daniel-oreilly,2021-01-01,20/21,Shelbourne,Drogheda United,free transfer,-,free
daniel-oreilly,2020-01-01,19/20,Finn Harps,Shelbourne,free transfer,-,free
daniel-oreilly,2019-01-01,18/19,Longford Town,Finn Harps,free transfer,-,free
daniel-oreilly,2017-01-01,16/17,Eastbourne,Longford Town,free transfer,-,free
daniel-oreilly,2016-07-29,16/17,Longford Town,Eastbourne,free transfer,-,free
daniel-oreilly,2016-01-24,15/16,Bray Wanderers,Longford Town,free transfer,-,free
daniel-oreilly,2015-01-01,14/15,Bishop's St.,Bray Wanderers,free transfer,-,free
daniel-oreilly,2014-11-24,14/15,Hereford Utd.,Bishop's St.,free transfer,-,free
daniel-oreilly,2014-08-01,14/15,Fulham U18,Hereford Utd.,free transfer,-,free
daniel-ring,2026-07-15,26/27,Bray Wanderers,Shelbourne,End of loan,-,loan end
daniel-ring,2026-01-30,25/26,Shelbourne,Bray Wanderers,loan transfer,-,loan
daniel-ring,2024-04-19,23/24,Shels Academy,Shelbourne,-,-,
daniel-ring,2020-07-01,20/21,Baldoyle United,Shels Academy,free transfer,-,free
daniel-rogers,2022-08-14,22/23,Oldham Athletic,St. Pat's,free transfer,€350k,free
daniel-rogers,2021-08-07,21/22,Kilmarnock FC,Oldham Athletic,free transfer,€350k,free
daniel-rogers,2020-07-28,20/21,Aberdeen FC,Kilmarnock FC,free transfer,€200k,free
daniel-rogers,2020-04-30,19/20,Morton,Aberdeen FC,End of loan,€200k,loan end
daniel-rogers,2019-08-14,19/20,Aberdeen FC,Morton,loan transfer,€250k,loan
daniel-rogers,2019-05-31,18/19,St. Mirren,Aberdeen FC,End of loan,€250k,loan end
daniel-rogers,2018-07-11,18/19,Aberdeen FC,St. Mirren,loan transfer,€250k,loan
daniel-rogers,2017-05-21,16/17,Falkirk,Aberdeen FC,End of loan,€250k,loan end
daniel-rogers,2016-07-08,16/17,Aberdeen FC,Falkirk,loan transfer,€100k,loan
daniel-rogers,2016-05-31,15/16,Falkirk,Aberdeen FC,End of loan,€100k,loan end
daniel-rogers,2015-07-01,15/16,Aberdeen FC,Falkirk,loan transfer,€50k,loan
daniel-rogers,2015-05-05,14/15,Dumbarton,Aberdeen FC,End of loan,€50k,loan end
daniel-rogers,2014-08-01,14/15,Aberdeen FC,Dumbarton,loan transfer,€50k,loan
daniel-rogers,2014-07-01,14/15,Aberdeen FC U20,Aberdeen FC,-,€50k,
daniel-rogers,2014-01-13,13/14,Airdrieonians,Aberdeen FC U20,End of loan,€50k,loan end
daniel-rogers,2013-12-13,13/14,Aberdeen FC U20,Airdrieonians,loan transfer,€50k,loan
daniel-rogers,2011-07-01,11/12,Aberdeen FC U17,Aberdeen FC U20,-,-,
danny-kane,2023-05-01,22/23,Without Club,Cashmere Tech,-,€25k,
danny-kane,2022-01-01,21/22,Sligo Rovers,Without Club,-,€25k,
danny-kane,2019-07-12,19/20,Without Club,Sligo Rovers,-,-,
danny-kane,2019-01-17,18/19,Cork City,Without Club,-,-,
danny-kane,2019-01-14,18/19,Fylde,Cork City,End of loan,-,loan end
danny-kane,2018-08-03,18/19,Cork City,Fylde,loan transfer,-,loan
danny-kane,2018-01-24,17/18,Huddersf. U23,Cork City,free transfer,-,free
danny-kane,2015-07-01,15/16,Huddersf. U18,Huddersf. U21,-,-,
dara-costelloe,2025-07-01,25/26,Burnley,Wigan,€400k,€450k,fee
dara-costelloe,2025-05-31,24/25,Northampton,Burnley,End of loan,€350k,loan end
dara-costelloe,2025-02-03,24/25,Burnley,Northampton,loan transfer,€350k,loan
dara-costelloe,2025-01-24,24/25,Accrington,Burnley,End of loan,€350k,loan end
dara-costelloe,2024-08-08,24/25,Burnley,Accrington,loan transfer,€325k,loan
dara-costelloe,2024-05-31,23/24,Dundee FC,Burnley,End of loan,€325k,loan end
dara-costelloe,2024-01-01,23/24,Burnley,Dundee FC,loan transfer,€325k,loan
dara-costelloe,2023-12-31,23/24,St. Johnstone,Burnley,End of loan,€325k,loan end
dara-costelloe,2023-08-15,23/24,Burnley,St. Johnstone,loan transfer,€300k,loan
dara-costelloe,2023-05-31,22/23,Bradford,Burnley,End of loan,€300k,loan end
dara-costelloe,2023-01-13,22/23,Burnley,Bradford,loan transfer,€300k,loan
dara-costelloe,2022-07-01,22/23,Burnley U21,Burnley,-,-,
dara-costelloe,2021-02-01,20/21,Galway United,FC Burnley U23,?,-,
dara-costelloe,2018-08-30,18/19,Galway Academy,Galway United,-,-,
dara-mccormick,2026-07-07,26/27,Cork City,Cobh Ramblers,free transfer,-,free
dara-mccormick,2025-03-07,24/25,Cork Academy,Cork City,-,-,
dara-mcguinness,2025-07-23,25/26,Finn Harps,Galway United,free transfer,-,free
dara-mcguinness,2025-01-27,24/25,Stoke U21,Finn Harps,free transfer,-,free
dara-mcguinness,2025-01-04,24/25,Leek Town FC,Stoke U21,End of loan,-,loan end
dara-mcguinness,2024-09-10,24/25,Stoke U21,Leek Town FC,loan transfer,-,loan
dara-mcguinness,2022-07-07,22/23,Rovers Academy,Stoke U21,?,-,
dara-mcguinness,2020-02-01,19/20,Pat's Academy,Rovers Academy,free transfer,-,free
dara-oshea,2024-08-25,24/25,Burnley,Ipswich,€14.20m,€7.00m,fee
dara-oshea,2023-07-01,23/24,West Brom,Burnley,€7.80m,€5.00m,fee
dara-oshea,2019-07-01,19/20,West Brom U23,West Brom,-,-,
dara-oshea,2019-05-31,18/19,Exeter City,West Brom U23,End of loan,-,loan end
dara-oshea,2018-08-07,18/19,West Brom U23,Exeter City,loan transfer,-,loan
dara-oshea,2018-05-31,17/18,Hereford,West Brom U23,End of loan,-,loan end
dara-oshea,2017-08-25,17/18,West Brom U23,Hereford,loan transfer,-,loan
dara-oshea,2016-07-01,16/17,West Brom U18,West Brom U23,-,-,
dara-oshea,2015-07-01,15/16,St. Kevins Boys,West Brom U18,free transfer,-,free
dare-kareem,2026-07-21,26/27,Drogheda United,Treaty United,loan transfer,€125k,loan
dare-kareem,2025-01-31,24/25,Pat's Academy,Drogheda United,free transfer,-,free
darius-lipsiuc,2026-07-01,26/27,Stoke U21,Notts County,?,-,
darius-lipsiuc,2026-05-31,25/26,Solihull Moors,Stoke U21,End of loan,-,loan end
darius-lipsiuc,2025-07-15,25/26,Stoke U21,Solihull Moors,loan transfer,-,loan
darius-lipsiuc,2025-05-31,24/25,Walsall,Stoke U21,End of loan,-,loan end
darius-lipsiuc,2025-02-03,24/25,Stoke U21,Walsall,loan transfer,-,loan
darius-lipsiuc,2024-01-26,23/24,St. Pat's,Stoke U21,?,-,
darius-lipsiuc,2022-03-18,21/22,Pat's Academy,St. Pat's,-,-,
darragh-brunton,2026-02-05,25/26,Pat's Academy,St. Pat's,-,-,
darragh-burns,2026-07-11,26/27,Grimsby Town,Derry City,?,€200k,
darragh-burns,2025-01-26,24/25,MK Dons,Grimsby Town,€48k,€200k,fee
darragh-burns,2024-12-31,24/25,Shamrock Rovers,MK Dons,End of loan,€200k,loan end
darragh-burns,2024-01-02,23/24,MK Dons,Shamrock Rovers,loan transfer,€150k,loan
darragh-burns,2022-07-04,22/23,St. Pat's,MK Dons,€180k,€150k,fee
darragh-burns,2019-07-01,19/20,Pat's Academy,St. Pat's,-,-,
darragh-leahy,2026-01-14,25/26,Waterford FC,Linfield,free transfer,€125k,free
darragh-leahy,2024-01-01,23/24,Dundalk FC,Waterford FC,?,€125k,
darragh-leahy,2020-01-01,19/20,Bohemians,Dundalk FC,€25k,-,fee
darragh-leahy,2018-01-04,17/18,Coventry,Bohemians,free transfer,-,free
darragh-leahy,2018-01-03,17/18,Nuneaton,Coventry,End of loan,-,loan end
darragh-leahy,2017-11-24,17/18,Coventry,Nuneaton,loan transfer,-,loan
darragh-leahy,2017-01-21,16/17,Nuneaton,Coventry,End of loan,-,loan end
darragh-leahy,2016-11-04,16/17,Coventry,Nuneaton,loan transfer,-,loan
darragh-leahy,2016-07-01,16/17,Coventry U18,Coventry,-,-,
darragh-leahy,2015-01-06,14/15,St. Kevins Boys,Coventry U18,?,-,
darragh-lenihan,2026-07-01,26/27,Middlesbrough,Without Club,-,€500k,
darragh-lenihan,2022-07-01,22/23,Blackburn,Middlesbrough,free transfer,€3.00m,free
darragh-lenihan,2015-03-04,14/15,Burton Albion,Blackburn,End of loan,-,loan end
darragh-lenihan,2014-10-21,14/15,Blackburn,Burton Albion,loan transfer,-,loan
darragh-lenihan,2014-07-01,14/15,Blackburn U21,Blackburn,-,-,
darragh-lenihan,2013-07-01,13/14,Blackburn U18,Blackburn U21,-,-,
darragh-lenihan,2011-07-01,11/12,Belvedere FC,Blackburn U18,free transfer,-,free
darragh-markey,2026-01-01,25/26,Drogheda United,Derry City,free transfer,€150k,free
darragh-markey,2021-01-01,20/21,St. Pat's,Drogheda United,free transfer,-,free
darragh-markey,2014-07-01,14/15,Cherry Orchard FC,St. Pat's,free transfer,-,free
darragh-nugent,2026-01-08,25/26,Shamrock Rovers,St. Pat's,?,€150k,
darragh-nugent,2022-11-30,22/23,Drogheda United,Shamrock Rovers,End of loan,€75k,loan end
darragh-nugent,2022-01-01,21/22,Shamrock Rovers,Drogheda United,loan transfer,€75k,loan
darragh-nugent,2021-11-30,21/22,Longford Town,Shamrock Rovers,End of loan,€10k,loan end
darragh-nugent,2021-07-08,21/22,Shamrock Rovers,Longford Town,loan transfer,-,loan
darragh-nugent,2021-01-01,20/21,Rovers Academy,Shamrock Rovers,-,-,
darragh-nugent,2019-01-01,18/19,UCD Academy,Rovers Academy,free transfer,-,free
darragh-oconnor,2026-07-01,26/27,York City,East Kilbride,free transfer,€50k,free
darragh-oconnor,2026-05-31,25/26,Raith Rovers,York City,End of loan,€50k,loan end
darragh-oconnor,2025-08-29,25/26,York City,Raith Rovers,loan transfer,-,loan
darragh-oconnor,2025-05-31,24/25,Falkirk,York City,End of loan,-,loan end
darragh-oconnor,2025-01-09,24/25,York City,Falkirk,loan transfer,-,loan
darragh-oconnor,2024-07-01,24/25,Morton,York City,free transfer,€250k,free
darragh-oconnor,2022-07-01,22/23,Motherwell FC,Morton,free transfer,€200k,free
darragh-oconnor,2022-05-06,21/22,Queen o. t. S.,Motherwell FC,End of loan,€50k,loan end
darragh-oconnor,2022-01-28,21/22,Motherwell FC,Queen o. t. S.,loan transfer,€50k,loan
darragh-oconnor,2021-07-01,21/22,Leicester U23,Motherwell FC,free transfer,-,free
darragh-oconnor,2019-08-30,19/20,Wexford FC,Leicester U23,?,-,
darragh-oconnor,2019-01-07,18/19,Rovers Academy,Wexford FC,free transfer,-,free
darragh-oconnor,2018-05-19,17/18,Cloughbawn AFC,Rovers Academy,free transfer,-,free
darragh-oconnor,2017-09-18,17/18,WFC Academy,Cloughbawn AFC,free transfer,-,free
darragh-oconnor,2017-01-01,16/17,Cloughbawn AFC,WFC Academy,free transfer,-,free
darragh-power,2026-01-29,25/26,Cheltenham,Bohemians,?,€100k,
darragh-power,2025-01-01,24/25,Waterford FC,Cheltenham,free transfer,€100k,free
darragh-power,2020-01-02,19/20,WFC Academy,Waterford FC,-,-,
daryl-horgan,2023-08-01,23/24,Wycombe,Dundalk FC,free transfer,€175k,free
daryl-horgan,2023-05-31,22/23,Stevenage,Wycombe,End of loan,€200k,loan end
daryl-horgan,2023-01-05,22/23,Wycombe,Stevenage,loan transfer,€450k,loan
daryl-horgan,2020-09-02,20/21,Hibernian FC,Wycombe,?,€500k,
daryl-horgan,2018-08-11,18/19,Preston,Hibernian FC,?,€250k,
daryl-horgan,2017-01-01,16/17,Dundalk FC,Preston,free transfer,€100k,free
daryl-horgan,2014-01-01,13/14,Cork City,Dundalk FC,€10k,-,fee
daryl-horgan,2012-01-01,11/12,Sligo Rovers,Cork City,€5k,-,fee
daryl-horgan,2011-12-01,11/12,Cork City,Sligo Rovers,End of loan,-,loan end
daryl-horgan,2011-07-01,11/12,Sligo Rovers,Cork City,loan transfer,-,loan
daryl-horgan,2011-01-01,10/11,Salthill Devon,Sligo Rovers,free transfer,-,free
david-dunne,2025-07-09,25/26,Cork City,Monaco U19,?,-,
david-dunne,2024-10-04,24/25,Cork Academy,Cork City,-,-,
david-eguaibor,2026-07-01,26/27,Cove Rangers,Without Club,-,-,
david-eguaibor,2025-07-01,25/26,Without Club,Cove Rangers,free transfer,-,free
david-eguaibor,2025-01-19,24/25,Cobh Ramblers,Without Club,-,-,
david-eguaibor,2022-02-15,21/22,Cobh Academy,Cobh Ramblers,-,-,
david-eguaibor,2018-02-01,17/18,Douglas Hall,Cobh Academy,free transfer,-,free
david-ezeh,2025-01-09,24/25,Raków,HJK Helsinki,End of loan,€100k,loan end
david-ezeh,2024-07-22,24/25,HJK Helsinki,Raków,loan transfer,€100k,loan
david-ezeh,2023-01-01,22/23,HJK Klubi 04,HJK Helsinki,-,-,
david-ezeh,2022-01-01,21/22,HJK U20,HJK Klubi 04,-,-,
david-hurley,2021-01-01,20/21,Cobh Ramblers,Galway United,free transfer,-,free
david-hurley,2017-09-01,17/18,Cobh Academy,Cobh Ramblers,-,-,
david-jonathan,2026-01-01,26/27,Ballinamallard,Sligo Rovers,End of loan,-,loan end
david-jonathan,2025-07-01,25/26,Sligo Rovers,Ballinamallard,loan transfer,-,loan
david-jonathan,2024-04-26,23/24,Sligo Academy,Sligo Rovers,-,-,
david-jonathan,2022-01-01,21/22,Cherry Orchard FC,Sligo Academy,free transfer,-,free
david-jonathan,2019-07-01,19/20,Melview FC,Cherry Orchard FC,free transfer,-,free
david-mcgoldrick,2026-07-01,26/27,Barnsley,Mansfield Town,free transfer,€25k,free
david-mcgoldrick,2025-07-09,25/26,Notts County,Barnsley,free transfer,€50k,free
david-mcgoldrick,2023-07-01,23/24,Derby,Notts County,free transfer,€200k,free
david-mcgoldrick,2022-07-06,22/23,Sheff Utd,Derby,free transfer,€1.00m,free
david-mcgoldrick,2018-07-24,18/19,Ipswich,Sheff Utd,free transfer,€1.00m,free
david-mcgoldrick,2013-07-04,13/14,Nott'm Forest,Ipswich,?,€500k,
david-mcgoldrick,2013-05-31,12/13,Ipswich,Nott'm Forest,End of loan,€500k,loan end
david-mcgoldrick,2013-01-04,12/13,Nott'm Forest,Ipswich,loan transfer,€250k,loan
david-mcgoldrick,2013-01-02,12/13,Coventry,Nott'm Forest,End of loan,€250k,loan end
david-mcgoldrick,2012-08-31,12/13,Nott'm Forest,Coventry,loan transfer,€250k,loan
david-mcgoldrick,2011-10-18,11/12,Sheff Wed,Nott'm Forest,End of loan,€1.00m,loan end
david-mcgoldrick,2011-09-15,11/12,Nott'm Forest,Sheff Wed,loan transfer,€1.00m,loan
david-mcgoldrick,2009-07-01,09/10,Southampton,Nott'm Forest,€1.88m,€1.50m,fee
david-mcgoldrick,2007-12-01,07/08,Port Vale,Southampton,End of loan,€225k,loan end
david-mcgoldrick,2007-08-01,07/08,Southampton,Port Vale,loan transfer,€225k,loan
david-mcgoldrick,2007-04-01,06/07,Bournemouth,Southampton,End of loan,€50k,loan end
david-mcgoldrick,2007-02-01,06/07,Southampton,Bournemouth,loan transfer,€50k,loan
david-mcgoldrick,2005-10-01,05/06,Notts County,Southampton,End of loan,-,loan end
david-mcgoldrick,2005-09-01,05/06,Southampton,Notts County,loan transfer,-,loan
david-mcgoldrick,2005-07-01,05/06,Notts County,Southampton,free transfer,-,free
david-mcgoldrick,2003-07-01,03/04,Notts Co. U18,Notts County,-,-,
david-okagbue,2025-07-21,25/26,Walsall,Peterborough,?,€275k,
david-okagbue,2024-07-04,24/25,Stoke U21,Walsall,?,€125k,
david-okagbue,2024-05-31,23/24,Walsall,Stoke U21,End of loan,€125k,loan end
david-okagbue,2023-09-01,23/24,Stoke U21,Walsall,loan transfer,-,loan
david-okagbue,2023-01-08,22/23,Oldham Athletic,Stoke U21,End of loan,-,loan end
david-okagbue,2022-09-02,22/23,Stoke U21,Oldham Athletic,loan transfer,-,loan
david-okagbue,2022-03-01,21/22,Chester,Stoke City U23,End of loan,-,loan end
david-okagbue,2022-02-01,21/22,Stoke City U23,Chester,loan transfer,-,loan
david-okagbue,2021-07-01,21/22,Stoke U18,Stoke City U23,-,-,
david-okagbue,2020-07-01,20/21,St. Kevins Boys,Stoke U18,?,-,
david-toure,2025-07-01,25/26,Glenavon,Ballymena Utd,free transfer,€125k,free
david-toure,2024-01-01,23/24,Shelbourne,Glenavon,free transfer,€25k,free
david-toure,2021-03-26,20/21,Shels Academy,Shelbourne,-,-,
dawson-devoy,2024-07-15,24/25,MK Dons,Bohemians,?,€225k,
dawson-devoy,2024-05-31,23/24,Swindon Town,MK Dons,End of loan,€225k,loan end
dawson-devoy,2024-01-05,23/24,MK Dons,Swindon Town,loan transfer,€225k,loan
dawson-devoy,2022-07-13,22/23,Bohemians,MK Dons,€125k,€175k,fee
dawson-devoy,2019-07-01,19/20,Bohs Academy,Bohemians,-,-,
dayle-rooney,2024-01-01,23/24,Drogheda United,Bohemians,free transfer,€100k,free
dayle-rooney,2021-12-06,21/22,Shelbourne,Drogheda United,free transfer,-,free
dayle-rooney,2017-01-01,16/17,Shels Academy,Shelbourne,-,-,
dean-mcmenamy,2023-01-01,22/23,Shamrock Rovers,Waterford FC,free transfer,€50k,free
dean-mcmenamy,2022-11-30,22/23,Longford Town,Shamrock Rovers,End of loan,€25k,loan end
dean-mcmenamy,2022-01-06,21/22,Shamrock Rovers,Longford Town,loan transfer,€25k,loan
dean-mcmenamy,2021-07-16,20/21,Rovers Academy,Shamrock Rovers,-,-,
desmond-armstrong,2026-02-10,25/26,Rovers Academy,FC Lorient U19,?,-,
divin-isamala,2025-07-01,25/26,Bohemians,Portadown,?,€50k,
divin-isamala,2025-05-31,24/25,Portadown,Bohemians,End of loan,€50k,loan end
divin-isamala,2025-01-31,24/25,Bohemians,Portadown,loan transfer,-,loan
divin-isamala,2024-11-30,24/25,Wexford FC,Bohemians,End of loan,-,loan end
divin-isamala,2024-07-10,24/25,Bohemians,Wexford FC,loan transfer,-,loan
divin-isamala,2024-02-22,23/24,St. Francis,Bohemians,free transfer,-,free
dominic-bernard,2026-07-01,26/27,Weston-super-M.,Torquay,free transfer,-,free
dominic-bernard,2025-11-15,25/26,Without Club,Weston-super-M.,-,-,
dominic-bernard,2025-07-01,25/26,Yeovil Town,Without Club,-,-,
dominic-bernard,2024-09-06,24/25,Without Club,Yeovil Town,-,-,
dominic-bernard,2024-07-01,24/25,Forest Green,Without Club,-,€175k,
dominic-bernard,2019-07-17,19/20,Birmingham U23,Forest Green,free transfer,-,free
dominic-bernard,2019-05-31,18/19,Aldershot,Birmingham U23,End of loan,-,loan end
dominic-bernard,2018-07-24,18/19,Birmingham U23,Aldershot,loan transfer,-,loan
dominic-bernard,2015-07-01,15/16,Birmingham U18,Birmingham U21,-,-,
donal-oconnor,2026-08-12,26/27,Cork City,Brentford B,€170k,-,fee
donal-oconnor,2026-02-10,25/26,Cork Academy,Cork City,-,-,
donnacha-sammon,2025-07-11,25/26,Galway Academy,Galway United,-,-,
dylan-connolly,2026-07-02,26/27,Glentoran,Galway United,free transfer,€125k,free
dylan-connolly,2024-07-18,24/25,Bohemians,Glentoran,?,€175k,
dylan-connolly,2023-01-09,22/23,Morecambe FC,Bohemians,free transfer,€300k,free
dylan-connolly,2022-01-31,21/22,Northampton,Morecambe FC,?,€425k,
dylan-connolly,2021-07-01,21/22,St. Mirren,Northampton,free transfer,€425k,free
dylan-connolly,2020-08-25,20/21,AFC Wimbledon,St. Mirren,free transfer,-,free
dylan-connolly,2020-05-31,19/20,Bradford,AFC Wimbledon,End of loan,-,loan end
dylan-connolly,2019-09-02,19/20,AFC Wimbledon,Bradford,loan transfer,-,loan
dylan-connolly,2019-01-03,18/19,Dundalk FC,AFC Wimbledon,€35k,-,fee
dylan-connolly,2017-07-01,17/18,Bray Wanderers,Dundalk FC,€40k,-,fee
dylan-connolly,2016-01-01,15/16,Ipswich,Bray Wanderers,free transfer,-,free
dylan-connolly,2015-02-05,14/15,Shelbourne,Ipswich,?,-,
dylan-connolly,2014-01-01,13/14,Shels Academy,Shelbourne,-,-,
dylan-connolly,2013-01-01,12/13,Bohs Academy,Shels Academy,free transfer,-,free
dylan-duffy,2025-01-31,24/25,Lincoln City,Chesterfield,?,€175k,
dylan-duffy,2025-01-30,24/25,Chesterfield,Lincoln City,End of loan,€175k,loan end
dylan-duffy,2025-01-27,24/25,Lincoln City,Chesterfield,loan transfer,€175k,loan
dylan-duffy,2023-01-31,22/23,UCD,Lincoln City,?,€75k,
dylan-duffy,2022-01-21,21/22,Shamrock Rovers,UCD,free transfer,€25k,free
dylan-duffy,2021-07-16,21/22,Rovers Academy,Shamrock Rovers,-,-,
dylan-watts,2018-07-07,18/19,Leicester U23,Shamrock Rovers,free transfer,-,free
dylan-watts,2018-06-30,17/18,Bohemians,Leicester U23,End of loan,-,loan end
dylan-watts,2018-01-31,17/18,Leicester U23,Bohemians,loan transfer,-,loan
dylan-watts,2016-08-31,16/17,UCD,Leicester U23,?,-,
dylan-watts,2015-01-01,14/15,UCD Academy,UCD,-,-,
eanna-clancy,2026-07-23,26/27,UCD,VVV-Venlo,?,-,
eanna-clancy,2023-07-05,23/24,Sligo Rovers,UCD,free transfer,€50k,free
eanna-clancy,2022-06-17,21/22,Sligo Academy,Sligo Rovers,-,-,
ed-mcjannett,2026-07-28,26/27,Lecce,Cosenza,loan transfer,€150k,loan
ed-mcjannett,2026-06-30,25/26,Ternana,Lecce,End of loan,€150k,loan end
ed-mcjannett,2025-07-23,25/26,Lecce,Ternana,loan transfer,€150k,loan
ed-mcjannett,2025-06-30,24/25,Cerignola,Lecce,End of loan,€150k,loan end
ed-mcjannett,2025-01-28,24/25,Lecce,Cerignola,loan transfer,€150k,loan
ed-mcjannett,2024-07-01,24/25,Lecce U20,Lecce,-,€150k,
ed-mcjannett,2023-01-31,22/23,Luton U18,Lecce U19,?,-,
ed-mcjannett,2020-07-01,20/21,Luton Academy,Luton U18,-,-,
edward-mcginty,2025-01-09,24/25,Oxford United,Shamrock Rovers,?,€150k,
edward-mcginty,2024-11-30,24/25,Sligo Rovers,Oxford United,End of loan,€150k,loan end
edward-mcginty,2024-01-24,23/24,Oxford United,Sligo Rovers,loan transfer,€150k,loan
edward-mcginty,2022-07-21,22/23,Sligo Rovers,Oxford United,€75k,€125k,fee
edward-mcginty,2018-01-01,17/18,Sligo Academy,Sligo Rovers,-,-,
edwin-agbaje,2026-01-01,25/26,Sligo Rovers,Drogheda United,free transfer,€100k,free
edwin-agbaje,2025-08-15,25/26,Ipswich U21,Sligo Rovers,free transfer,-,free
edwin-agbaje,2025-01-01,24/25,Sutton Utd,Ipswich U21,End of loan,-,loan end
edwin-agbaje,2024-09-03,24/25,Ipswich U21,Sutton Utd,loan transfer,-,loan
edwin-agbaje,2023-03-22,22/23,Yeovil Town,Ipswich U21,End of loan,-,loan end
edwin-agbaje,2023-01-27,22/23,Ipswich U21,Yeovil Town,loan transfer,-,loan
edwin-agbaje,2022-07-01,22/23,Ipswich U18,Ipswich U21,-,-,
edwin-agbaje,2020-09-24,20/21,Rovers Academy,Ipswich U18,?,-,
egor-vassenin,2026-07-16,26/27,Shamrock Rovers,Dundalk FC,loan transfer,-,loan
egor-vassenin,2025-07-05,25/26,Kildare Academy,Shamrock Rovers,free transfer,-,free
eiran-cashin,2026-05-31,25/26,Blackburn,Brighton,End of loan,€5.00m,loan end
eiran-cashin,2026-01-06,25/26,Brighton,Blackburn,loan transfer,€7.00m,loan
eiran-cashin,2026-01-05,25/26,Birmingham,Brighton,End of loan,€7.00m,loan end
eiran-cashin,2025-07-25,25/26,Brighton,Birmingham,loan transfer,€8.00m,loan
eiran-cashin,2025-01-31,24/25,Derby,Brighton,€10.75m,€1.80m,fee
eiran-cashin,2022-01-01,21/22,Derby U23,Derby,-,€50k,
eiran-cashin,2020-07-01,20/21,Derby U18,Derby U23,-,-,
eiran-cashin,2018-07-01,18/19,Derby Youth,Derby U18,-,-,
emmanuel-adegboyega,2026-01-23,25/26,Norwich U21,Rotherham,?,€350k,
emmanuel-adegboyega,2025-06-30,24/25,Dundee United,Norwich U21,End of loan,€550k,loan end
emmanuel-adegboyega,2024-08-07,24/25,Norwich U21,Dundee United,loan transfer,€100k,loan
emmanuel-adegboyega,2024-05-31,23/24,Walsall,Norwich U21,End of loan,€75k,loan end
emmanuel-adegboyega,2024-01-04,23/24,Norwich U21,Walsall,loan transfer,€75k,loan
emmanuel-adegboyega,2023-08-03,23/24,Drogheda United,Norwich U21,€90k,€75k,fee
emmanuel-adegboyega,2023-01-19,22/23,Dundalk FC,Drogheda United,free transfer,-,free
emmanuel-adegboyega,2022-10-07,22/23,Dundalk Academy,Dundalk FC,-,-,
emmanuel-adegboyega,2022-01-01,21/22,Drogs Academy,Dundalk Academy,free transfer,-,free
emmanuel-adegboyega,2021-03-01,20/21,Warrenpoint U21,Drogs Academy,free transfer,-,free
emmanuel-adegboyega,2020-09-01,20/21,Newry U18,Warrenpoint U21,free transfer,-,free
emmanuel-adegboyega,2019-07-01,19/20,Warrenpoint U21,Newry U18,free transfer,-,free
emmanuel-adegboyega,2018-07-01,18/19,Glenmuir Utd,Warrenpoint U21,free transfer,-,free
emmanuel-osadebe,2026-07-01,26/27,Barnet,Sutton Utd,free transfer,€75k,free
emmanuel-osadebe,2025-07-01,25/26,Forest Green,Barnet,free transfer,-,free
emmanuel-osadebe,2024-01-18,23/24,Bradford,Forest Green,?,€150k,
emmanuel-osadebe,2022-07-01,22/23,Walsall,Bradford,?,€75k,
emmanuel-osadebe,2020-09-03,20/21,Without Club,Walsall,-,€75k,
emmanuel-osadebe,2020-02-01,19/20,Macclesfield,Without Club,-,€75k,
emmanuel-osadebe,2019-07-01,19/20,Cambridge Utd.,Macclesfield,free transfer,€75k,free
emmanuel-osadebe,2018-05-31,17/18,Newport County,Cambridge Utd.,End of loan,€75k,loan end
emmanuel-osadebe,2018-01-18,17/18,Cambridge Utd.,Newport County,loan transfer,€75k,loan
emmanuel-osadebe,2017-07-01,17/18,Gillingham,Cambridge Utd.,free transfer,€75k,free
emmanuel-osadebe,2015-07-01,15/16,Spurs U18,Gillingham,free transfer,-,free
emmanuel-osadebe,2014-07-01,14/15,Dundalk Academy,Spurs U18,?,-,
emre-topcu,2026-01-21,25/26,Longford Town,Iskenderunspor,free transfer,-,free
emre-topcu,2025-01-17,24/25,Drogheda United,Longford Town,free transfer,-,free
emre-topcu,2024-11-30,24/25,Longford Town,Drogheda United,End of loan,€25k,loan end
emre-topcu,2024-07-04,24/25,Drogheda United,Longford Town,loan transfer,€25k,loan
emre-topcu,2022-07-08,22/23,Drogs Academy,Drogheda United,-,-,
emre-topcu,2020-01-01,19/20,Belvedere FC,Drogs Academy,free transfer,-,free
emre-topcu,2019-01-01,18/19,St. Kevins Boys,Belvedere FC,free transfer,-,free
enda-minogue,2025-01-01,24/25,Athlone Town,Dundalk FC,free transfer,-,free
enda-minogue,2022-07-28,22/23,Bohemians,Athlone Town,free transfer,€25k,free
enda-minogue,2021-01-23,20/21,Bray Wanderers,Bohemians,free transfer,-,free
enda-minogue,2018-07-27,18/19,Bray Academy,Bray Wanderers,-,-,
enda-stevens,2026-01-01,25/26,Without Club,Shamrock Rovers,-,€100k,
enda-stevens,2025-07-01,25/26,Stoke City,Without Club,-,€150k,
enda-stevens,2023-07-05,23/24,Sheff Utd,Stoke City,free transfer,€600k,free
enda-stevens,2017-07-01,17/18,Portsmouth,Sheff Utd,free transfer,€250k,free
enda-stevens,2015-07-01,15/16,Aston Villa,Portsmouth,free transfer,€500k,free
enda-stevens,2015-05-04,14/15,Doncaster,Aston Villa,End of loan,€500k,loan end
enda-stevens,2014-11-06,14/15,Aston Villa,Doncaster,loan transfer,€500k,loan
enda-stevens,2014-11-03,14/15,Northampton,Aston Villa,End of loan,€500k,loan end
enda-stevens,2014-10-10,14/15,Aston Villa,Northampton,loan transfer,€500k,loan
enda-stevens,2014-05-31,13/14,Doncaster,Aston Villa,End of loan,€500k,loan end
enda-stevens,2013-11-28,13/14,Aston Villa,Doncaster,loan transfer,€750k,loan
enda-stevens,2013-09-24,13/14,Notts County,Aston Villa,End of loan,€750k,loan end
enda-stevens,2013-08-27,13/14,Aston Villa,Notts County,loan transfer,€750k,loan
enda-stevens,2012-01-01,11/12,Shamrock Rovers,Aston Villa,€285k,€50k,fee
enda-stevens,2010-01-01,09/10,St. Pat's,Shamrock Rovers,free transfer,-,free
enda-stevens,2009-01-01,08/09,UCD,St. Pat's,free transfer,-,free
enda-stevens,2008-01-01,07/08,Cherry Orchard FC,UCD,free transfer,-,free
eoghan-curran,2026-08-14,26/27,Derry Academy,Derry City,-,-,
eoghan-oconnell,2026-07-01,26/27,Barnsley,Stockport,free transfer,€400k,free
eoghan-oconnell,2026-01-06,25/26,Without Club,Barnsley,-,€450k,
eoghan-oconnell,2025-09-04,25/26,Wrexham,Without Club,-,€500k,
eoghan-oconnell,2023-01-31,22/23,Charlton,Wrexham,?,€200k,
eoghan-oconnell,2022-07-01,22/23,Rochdale,Charlton,free transfer,€200k,free
eoghan-oconnell,2019-07-04,19/20,Bury,Rochdale,free transfer,€200k,free
eoghan-oconnell,2017-07-01,17/18,Celtic,Bury,free transfer,€200k,free
eoghan-oconnell,2017-05-31,16/17,Walsall,Celtic,End of loan,€200k,loan end
eoghan-oconnell,2017-01-12,16/17,Celtic,Walsall,loan transfer,€200k,loan
eoghan-oconnell,2016-04-25,15/16,Cork City,Celtic,End of loan,€50k,loan end
eoghan-oconnell,2016-02-16,15/16,Celtic,Cork City,loan transfer,€50k,loan
eoghan-oconnell,2016-01-02,15/16,Oldham Athletic,Celtic,End of loan,€50k,loan end
eoghan-oconnell,2015-09-01,15/16,Celtic,Oldham Athletic,loan transfer,-,loan
eoghan-oconnell,2015-07-01,15/16,Celtic U20,Celtic,-,-,
eoghan-oconnell,2012-07-01,12/13,Celtic U17,Celtic U20,-,-,
eoghan-oconnell,2011-08-01,11/12,Avondale United,Celtic U17,?,-,
eoin-farrell,2026-01-08,25/26,SVSU Cardinals,The New Saints,free transfer,-,free
eoin-farrell,2025-01-08,24/25,Hofstra Pride,SVSU Cardinals,free transfer,-,free
eoin-farrell,2024-08-01,24/25,Long Island RR,Hofstra Pride,End of loan,-,loan end
eoin-farrell,2024-03-21,23/24,Hofstra Pride,Long Island RR,loan transfer,-,loan
eoin-farrell,2023-08-01,23/24,Bray Wanderers,Hofstra Pride,free transfer,-,free
eoin-farrell,2023-01-01,22/23,Wexford FC,Bray Wanderers,free transfer,-,free
eoin-farrell,2022-07-01,22/23,UCD,Wexford FC,free transfer,€25k,free
eoin-farrell,2020-07-31,20/21,UCD Academy,UCD,-,-,
eoin-kenny,2026-07-06,26/27,Dundalk FC,Portsmouth,€40k,€150k,fee
eoin-kenny,2023-11-30,23/24,Wexford FC,Dundalk FC,End of loan,-,loan end
eoin-kenny,2023-07-07,23/24,Dundalk FC,Wexford FC,loan transfer,-,loan
eoin-kenny,2023-04-21,22/23,Dundalk Academy,Dundalk FC,-,-,
eric-yahaya,2026-08-15,26/27,Leamington,Walton & Hersh.,free transfer,-,free
eric-yahaya,2026-02-06,25/26,Prescot Cables,Leamington,free transfer,-,free
eric-yahaya,2025-11-28,25/26,Atherton Collieries,Prescot Cables,free transfer,-,free
eric-yahaya,2025-09-06,25/26,Rylands,Atherton Collieries,free transfer,-,free
eric-yahaya,2025-07-19,25/26,Mossley AFC,Rylands,free transfer,-,free
eric-yahaya,2024-07-01,24/25,Runcorn Town,Mossley AFC,free transfer,-,free
eric-yahaya,2024-03-28,23/24,Nantwich Town,Runcorn Town,free transfer,-,free
eric-yahaya,2023-10-01,23/24,Without Club,Nantwich Town,-,€10k,
eric-yahaya,2023-09-01,23/24,Aberystwyth,Without Club,-,€10k,
eric-yahaya,2023-08-09,23/24,CH Nomads FC,Aberystwyth,free transfer,-,free
erskine-rennie,2026-08-21,26/27,Celtic Youth,Fulham U18,?,-,
ethan-hall,2026-04-07,25/26,UCD,Dundalk FC,free transfer,-,free
ethan-hall,2025-01-20,24/25,UCD Academy,UCD,-,-,
ethan-obrien,2026-01-01,25/26,Huntsville City,Drogheda United,free transfer,-,free
ethan-obrien,2024-11-12,24/25,Indy Eleven,Huntsville City,?,-,
ethan-obrien,2024-11-11,24/25,Huntsville City,Indy Eleven,End of loan,€50k,loan end
ethan-obrien,2024-05-31,23/24,Indy Eleven,Huntsville City,loan transfer,€50k,loan
ethan-obrien,2024-03-06,23/24,Notre Dame,Indy Eleven,free transfer,-,free
ethan-obrien,2019-08-01,19/20,CLB Academy,Notre Dame,free transfer,-,free
evan-caffrey,2023-01-01,22/23,UCD,Shelbourne,free transfer,€75k,free
evan-caffrey,2021-07-01,21/22,Rovers Academy,UCD,free transfer,-,free
evan-ferguson,2026-06-30,25/26,Roma,Brighton,End of loan,€20.00m,loan end
evan-ferguson,2025-07-23,25/26,Brighton,Roma,"Loan fee:<br /><i class=""normaler-text"">€3.00m</i>",€25.00m,loan
evan-ferguson,2025-06-30,24/25,West Ham,Brighton,End of loan,€25.00m,loan end
evan-ferguson,2025-02-03,24/25,Brighton,West Ham,loan transfer,€40.00m,loan
evan-ferguson,2022-07-01,22/23,Brighton U21,Brighton,-,€600k,
evan-ferguson,2021-01-09,20/21,Bohemians,Brighton U23,?,-,
evan-ferguson,2019-09-20,19/20,Bohs Academy,Bohemians,-,-,
evan-ferguson,2017-01-01,16/17,St. Kevins Boys,Bohs Academy,?,-,
evan-mclaughlin,2026-01-01,25/26,Cork City,Waterford FC,?,€100k,
evan-mclaughlin,2024-01-01,23/24,Derry City,Cork City,free transfer,€75k,free
evan-mclaughlin,2022-12-31,22/23,Coleraine,Derry City,End of loan,€125k,loan end
evan-mclaughlin,2022-07-27,22/23,Derry City,Coleraine,loan transfer,€25k,loan
evan-mclaughlin,2021-07-01,21/22,Derry Academy,Derry City,-,-,
evan-weir,2026-07-01,26/27,Walsall,Peterborough,free transfer,€300k,free
evan-weir,2024-06-30,23/24,Drogheda United,Walsall,End of loan,€100k,loan end
evan-weir,2024-01-02,23/24,Walsall,Drogheda United,loan transfer,€75k,loan
evan-weir,2024-01-01,23/24,Drogheda United,Walsall,free transfer,€75k,free
evan-weir,2022-01-01,21/22,Maynooth Town,Drogheda United,free transfer,-,free
evan-weir,2021-09-27,21/22,UCD,Maynooth Town,free transfer,-,free
evan-weir,2020-01-01,19/20,UCD Academy,UCD,-,-,
festy-ebosele,2026-08-07,26/27,Basaksehir,Erzurumspor FK,loan transfer,€2.50m,loan
festy-ebosele,2025-01-31,24/25,Udinese,Basaksehir,€1.50m,€6.00m,fee
festy-ebosele,2025-01-30,24/25,Watford,Udinese,End of loan,€6.00m,loan end
festy-ebosele,2024-08-30,24/25,Udinese,Watford,loan transfer,€6.00m,loan
festy-ebosele,2022-07-01,22/23,Derby,Udinese,free transfer,€3.50m,free
festy-ebosele,2021-07-01,21/22,Derby U23,Derby,-,€100k,
festy-ebosele,2020-07-01,20/21,Derby U18,Derby U23,-,-,
festy-ebosele,2018-07-01,18/19,Bray Academy,Derby U18,?,-,
festy-ebosele,2015-07-01,15/16,Moyne Rangers,Bray Academy,free transfer,-,free
finn-azaz,2025-08-29,25/26,Middlesbrough,Southampton,€13.90m,€16.00m,fee
finn-azaz,2024-01-05,23/24,Aston Villa U21,Middlesbrough,€2.90m,€1.50m,fee
finn-azaz,2024-01-03,23/24,Plymouth,Aston Villa U21,End of loan,€1.50m,loan end
finn-azaz,2023-08-02,23/24,Aston Villa U21,Plymouth,loan transfer,€700k,loan
finn-azaz,2023-05-31,22/23,Plymouth,Aston Villa U21,End of loan,€700k,loan end
finn-azaz,2022-07-11,22/23,Aston Villa U21,Plymouth,loan transfer,-,loan
finn-azaz,2022-05-31,21/22,Newport County,Aston Villa U23,End of loan,-,loan end
finn-azaz,2021-07-26,21/22,Aston Villa U23,Newport County,loan transfer,-,loan
finn-azaz,2021-07-25,21/22,West Brom U23,Aston Villa U23,?,-,
finn-azaz,2021-05-31,20/21,Cheltenham,West Brom U23,End of loan,-,loan end
finn-azaz,2020-08-01,20/21,West Brom U23,Cheltenham,loan transfer,-,loan
finn-azaz,2019-07-01,19/20,West Brom U18,West Brom U23,-,-,
finn-azaz,2017-07-01,17/18,West Brom Yth.,West Brom U18,-,-,
finn-flanagan,2026-08-10,26/27,Mansfield U21,Portadown,loan transfer,-,loan
finn-flanagan,2026-05-31,25/26,Quorn FC,Mansfield U21,End of loan,-,loan end
finn-flanagan,2026-01-31,25/26,Mansfield U21,Quorn FC,loan transfer,-,loan
finn-flanagan,2026-01-31,25/26,Matlock,Mansfield U21,End of loan,-,loan end
finn-flanagan,2025-11-13,25/26,Mansfield U21,Matlock,loan transfer,-,loan
finn-flanagan,2025-05-31,24/25,Rugby Town,Mansfield U21,End of loan,-,loan end
finn-flanagan,2025-03-27,24/25,Mansfield U21,Rugby Town,loan transfer,-,loan
finn-flanagan,2025-03-19,24/25,Mickleover,Mansfield U21,End of loan,-,loan end
finn-flanagan,2025-02-19,24/25,Mansfield U21,Mickleover,loan transfer,-,loan
finn-flanagan,2025-02-14,24/25,Redditch,Mansfield U21,End of loan,-,loan end
finn-flanagan,2025-01-14,24/25,Mansfield U21,Redditch,loan transfer,-,loan
finn-flanagan,2025-01-05,24/25,Rushall,Mansfield U21,End of loan,-,loan end
finn-flanagan,2024-12-06,24/25,Mansfield U21,Rushall,loan transfer,-,loan
finn-flanagan,2023-07-01,23/24,Mansfield U18,Mansfield U21,-,-,
finn-mcdonnell,2026-02-05,25/26,Bohs Academy,Bohemians,-,-,
finn-mcgreevy,2026-07-27,26/27,Hampton & Rich.,Birmingham U21,free transfer,-,free
finn-mcgreevy,2026-01-29,25/26,Egham Town,Hampton & Rich.,End of loan,-,loan end
finn-mcgreevy,2025-11-29,25/26,Hampton & Rich.,Egham Town,loan transfer,-,loan
finn-mcgreevy,2025-10-08,25/26,Hampton U18,Hampton & Rich.,-,-,
finn-moylan,2025-10-23,25/26,Shels Academy,Shelbourne,-,-,
finn-sherlock,2026-07-01,26/27,Hoffenheim U19,Hoffenheim II,-,-,
finn-sherlock,2024-07-01,24/25,Shels Academy,Hoffenheim U19,?,-,
flynn-ryan,2026-07-30,26/27,Bray Wanderers,Armagh City,loan transfer,-,loan
flynn-ryan,2025-09-26,25/26,Bray Academy,Bray Wanderers,-,-,
francely-lomboto,2026-01-07,25/26,Glenavon,Galway United,free transfer,€50k,free
francely-lomboto,2025-07-31,25/26,Sligo Rovers,Glenavon,?,€75k,
francely-lomboto,2025-01-01,24/25,Galway United,Sligo Rovers,free transfer,€50k,free
francely-lomboto,2020-07-01,20/21,Galway Academy,Galway United,-,-,
franco-umeh,2025-09-01,25/26,Palace U21,Portsmouth,€580k,€75k,fee
franco-umeh,2023-02-02,22/23,Cork City,Palace U21,€75k,€25k,fee
franco-umeh,2022-06-18,21/22,Cork Academy,Cork City,-,-,
franco-umeh,2020-01-01,19/20,Ringmahon,Cork Academy,free transfer,-,free
frankie-mcmahon-brown,2026-08-01,26/27,Oldham Ath. Res,Salford,?,-,
frankie-mcmahon-brown,2025-11-21,25/26,Without Club,Oldham Ath. Res,-,-,
frankie-mcmahon-brown,2025-07-01,25/26,Burnley U18,Without Club,-,-,
frankie-mcmahon-brown,2023-07-01,23/24,Burnley Youth,Burnley U18,-,-,
freddie-turley,2026-08-15,26/27,Derby U21,Dunfermline A.,loan transfer,€25k,loan
freddie-turley,2026-05-31,25/26,Dunfermline A.,Derby U21,End of loan,€25k,loan end
freddie-turley,2026-02-01,25/26,Derby U21,Dunfermline A.,loan transfer,-,loan
freddie-turley,2024-07-26,24/25,Shamrock Rovers,Derby U21,?,-,
freddie-turley,2024-07-25,24/25,Bray Wanderers,Shamrock Rovers,End of loan,-,loan end
freddie-turley,2024-01-01,23/24,Rovers Academy,Bray Wanderers,loan transfer,-,loan
fuad-sule,2026-02-02,25/26,PERSIS,Ballymena Utd,free transfer,€200k,free
fuad-sule,2025-07-04,25/26,Glentoran,PERSIS,free transfer,€250k,free
fuad-sule,2023-07-08,23/24,Larne FC,Glentoran,free transfer,€175k,free
fuad-sule,2018-07-01,18/19,Barnet,Larne FC,free transfer,-,free
fuad-sule,2018-01-01,17/18,Bohemians,Barnet,?,-,
fuad-sule,2017-01-01,16/17,Pat's Academy,Bohemians,free transfer,-,free
fuad-sule,2015-01-01,14/15,Rovers Academy,Pat's Academy,free transfer,-,free
gabriel-adebambo,2026-07-01,26/27,C. Budejovice,Without Club,-,€25k,
gabriel-adebambo,2025-07-25,25/26,Mickleover,C. Budejovice,free transfer,-,free
gabriel-adebambo,2024-08-20,24/25,Without Club,Mickleover,-,-,
gabriel-adebambo,2023-07-01,23/24,Stoke U21,Without Club,-,-,
gabriel-adebambo,2020-09-11,20/21,Dundalk Academy,Stoke City U23,?,-,
gabriel-kelly,2025-07-01,25/26,Stoke U18,Stoke U21,-,-,
gabriel-kelly,2023-07-01,23/24,Man City Youth,Stoke U18,free transfer,-,free
gabriel-otegbayo,2025-01-01,24/25,Sheff Wed U21,Sheff Wed,-,€75k,
gabriel-otegbayo,2024-03-01,23/24,Without Club,Sheff Wed U21,-,-,
gabriel-otegbayo,2023-07-01,23/24,Burnley U18,Without Club,-,-,
gabriel-otegbayo,2022-09-15,22/23,Cobh Academy,Burnley U18,?,-,
gabriel-otegbayo,2020-01-01,20/21,Ringmahon,Cobh Academy,?,-,
garbhan-coughlan,2021-03-01,20/21,Canterbury Utd.,Cashmere Tech,free transfer,€250k,free
garbhan-coughlan,2020-07-01,20/21,Southern United,Canterbury Utd.,free transfer,€250k,free
garbhan-coughlan,2017-09-06,17/18,Limerick FC,Southern United,free transfer,-,free
garbhan-coughlan,2016-01-01,15/16,Athlone Town,Limerick FC,free transfer,-,free
garbhan-coughlan,2015-01-01,14/15,Limerick FC,Athlone Town,free transfer,-,free
garbhan-coughlan,2013-12-01,13/14,Athlone Town,Limerick FC,End of loan,-,loan end
garbhan-coughlan,2013-02-01,12/13,Limerick FC,Athlone Town,loan transfer,-,loan
garbhan-coughlan,2010-01-01,09/10,LFC Academy,Limerick FC,-,-,
gareth-mcelroy,2023-06-23,22/23,Sligo Academy,Sligo Rovers,-,-,
gary-oneil,2019-07-01,19/20,UCD,Shamrock Rovers,free transfer,-,free
gary-oneil,2015-02-10,14/15,Hereford Utd.,UCD,free transfer,-,free
gary-oneil,2014-09-24,14/15,Port Vale,Hereford Utd.,free transfer,-,free
gary-oneil,2014-02-24,13/14,Southport,Port Vale,End of loan,-,loan end
gary-oneil,2014-01-24,13/14,Port Vale,Southport,loan transfer,-,loan
gary-oneil,2014-01-01,13/14,Port Vale U18,Port Vale,-,-,
gary-oneil,2013-07-01,13/14,Wolves U18,Port Vale U18,free transfer,-,free
gavan-holohan,2026-07-01,26/27,Hartlepool,Boston Utd,free transfer,-,free
gavan-holohan,2026-01-27,25/26,Crawley Town,Hartlepool,free transfer,-,free
gavan-holohan,2024-07-09,24/25,Grimsby Town,Crawley Town,free transfer,€100k,free
gavan-holohan,2022-03-22,21/22,Hartlepool,Grimsby Town,free transfer,€50k,free
gavan-holohan,2019-02-28,18/19,Waterford FC,Hartlepool,free transfer,€50k,free
gavan-holohan,2018-01-01,17/18,Galway United,Waterford FC,free transfer,€50k,free
gavan-holohan,2017-01-01,16/17,Cork City,Galway United,free transfer,€50k,free
gavan-holohan,2015-01-01,14/15,Drogheda United,Cork City,free transfer,€50k,free
gavan-holohan,2013-08-05,13/14,Alfreton,Drogheda United,free transfer,€50k,free
gavan-holohan,2012-11-22,12/13,Without Club,Alfreton,-,€50k,
gavan-holohan,2012-07-01,12/13,Hull City,Without Club,-,€50k,
gavan-holohan,2010-07-01,10/11,Hull U18,Hull City,-,-,
gavin-bazunu,2026-05-31,25/26,Stoke City,Southampton,End of loan,€8.00m,loan end
gavin-bazunu,2026-01-13,25/26,Southampton,Stoke City,loan transfer,€9.00m,loan
gavin-bazunu,2025-04-24,24/25,Standard Liège,Southampton,End of loan,€11.00m,loan end
gavin-bazunu,2025-02-03,24/25,Southampton,Standard Liège,loan transfer,€14.00m,loan
gavin-bazunu,2022-07-01,22/23,Man City U21,Southampton,€14.00m,€5.00m,fee
gavin-bazunu,2022-05-31,21/22,Portsmouth,Man City U23,End of loan,€600k,loan end
gavin-bazunu,2021-07-01,21/22,Man City U23,Portsmouth,loan transfer,-,loan
gavin-bazunu,2021-05-31,20/21,Rochdale,Man City U23,End of loan,-,loan end
gavin-bazunu,2020-08-25,20/21,Man City U23,Rochdale,loan transfer,-,loan
gavin-bazunu,2019-07-01,19/20,Man City U18,Man City U23,-,-,
gavin-bazunu,2019-02-08,18/19,Shamrock Rovers,Man City U18,€500k,-,fee
gavin-bazunu,2018-01-01,17/18,Rovers Academy,Shamrock Rovers,-,-,
gavin-gilmore,2026-07-01,26/27,Glenavon,Without Club,-,€10k,
gavin-gilmore,2026-01-01,25/26,Finn Harps,Glenavon,free transfer,-,free
gavin-gilmore,2024-07-12,24/25,Athenry FC,Finn Harps,free transfer,-,free
gavin-gilmore,2023-07-07,23/24,Athlone Town,Athenry FC,free transfer,-,free
gavin-gilmore,2023-02-15,22/23,Galway Academy,Athlone Town,free transfer,-,free
gavin-gilmore,2021-07-29,21/22,Athenry FC,Galway Academy,free transfer,-,free
gavin-kilkenny,2024-08-29,24/25,Bournemouth,Swindon Town,?,€300k,
gavin-kilkenny,2024-05-31,23/24,Fleetwood,Bournemouth,End of loan,€300k,loan end
gavin-kilkenny,2024-02-01,23/24,Bournemouth,Fleetwood,loan transfer,€300k,loan
gavin-kilkenny,2023-05-31,22/23,Charlton,Bournemouth,End of loan,€500k,loan end
gavin-kilkenny,2023-01-31,22/23,Bournemouth,Charlton,loan transfer,€700k,loan
gavin-kilkenny,2023-01-30,22/23,Stoke City,Bournemouth,End of loan,€700k,loan end
gavin-kilkenny,2022-07-02,22/23,Bournemouth,Stoke City,loan transfer,€1.50m,loan
gavin-kilkenny,2020-08-01,20/21,Bournemouth U23,Bournemouth,-,€150k,
gavin-kilkenny,2018-07-01,18/19,Bournemouth U18,Bournemouth U23,-,-,
gavin-kilkenny,2016-08-01,16/17,St. Kevins Boys,Bournemouth U18,free transfer,-,free
gavin-mcateer,2024-05-03,23/24,Harps Academy,Finn Harps,-,-,
gavin-molloy,2024-07-01,24/25,Shelbourne,Aberdeen FC,€75k,€125k,fee
gavin-molloy,2021-07-01,21/22,Bohs Academy,Shelbourne,free transfer,-,free
gbemi-arubi,2026-07-18,26/27,Dundalk FC,Burton Albion,?,€200k,
gbemi-arubi,2025-01-01,24/25,Waterford FC,Dundalk FC,free transfer,€25k,free
gbemi-arubi,2024-01-05,23/24,Shelbourne,Waterford FC,free transfer,-,free
gbemi-arubi,2022-03-11,21/22,Shels Academy,Shelbourne,-,-,
george-moloney,2026-07-01,26/27,Southampton Aca,Southampton U18,-,-,
gideon-tetteh,2026-07-09,26/27,Portadown,Wexford FC,free transfer,-,free
gideon-tetteh,2026-01-09,25/26,Athlone Town,Portadown,free transfer,-,free
gideon-tetteh,2025-02-02,24/25,Shamrock Rovers,Athlone Town,free transfer,-,free
gideon-tetteh,2024-11-30,24/25,Athlone Town,Shamrock Rovers,End of loan,€50k,loan end
gideon-tetteh,2024-02-15,23/24,Shamrock Rovers,Athlone Town,loan transfer,€50k,loan
gideon-tetteh,2022-06-24,21/22,Rovers Academy,Shamrock Rovers,-,-,
glenn-mcconnell,2025-01-09,24/25,Chelmsford,Cambridge Utd.,End of loan,€75k,loan end
glenn-mcconnell,2024-11-23,24/25,Cambridge Utd.,Chelmsford,loan transfer,€75k,loan
glenn-mcconnell,2023-05-31,22/23,St Albans City,Cambridge Utd.,End of loan,€50k,loan end
glenn-mcconnell,2022-12-30,22/23,Cambridge Utd.,St Albans City,loan transfer,-,loan
glenn-mcconnell,2022-07-01,22/23,Cambridge U18,Cambridge Utd.,-,-,
glory-nzingo,2026-07-27,26/27,St. Pat's,Without Club,-,-,
glory-nzingo,2026-01-29,25/26,Swansea U21,St. Pat's,free transfer,-,free
glory-nzingo,2025-12-31,25/26,Carolina Core,Swansea U21,End of loan,-,loan end
glory-nzingo,2025-02-14,24/25,Swansea U21,Carolina Core,loan transfer,-,loan
glory-nzingo,2023-07-01,23/24,Stade Reims U19,Swansea U21,?,-,
glory-nzingo,2021-07-08,21/22,Pat's Academy,Stade Reims U19,?,-,
glory-nzingo,2019-01-01,18/19,Cherry Orchard FC,Pat's Academy,?,-,
goodness-ogbonna,2025-07-10,25/26,Shamrock Rovers,UCD,free transfer,-,free
goodness-ogbonna,2025-02-20,24/25,Rovers Academy,Shamrock Rovers,-,-,
grady-mcdonnell,2026-07-01,26/27,Club NXT,Nottingham U21,€232k,€200k,fee
grady-mcdonnell,2025-01-31,24/25,Vancouver FC,Club NXT,€235k,€200k,fee
grady-mcdonnell,2024-01-17,23/24,Whitecaps Acad.,Vancouver FC,?,-,
graham-burke,2021-07-01,21/22,Preston,Shamrock Rovers,free transfer,€250k,free
graham-burke,2021-06-30,20/21,Shamrock Rovers,Preston,End of loan,€250k,loan end
graham-burke,2019-07-31,19/20,Preston,Shamrock Rovers,loan transfer,€350k,loan
graham-burke,2019-05-04,18/19,Gillingham,Preston,End of loan,€350k,loan end
graham-burke,2019-01-31,18/19,Preston,Gillingham,loan transfer,€350k,loan
graham-burke,2018-07-01,18/19,Shamrock Rovers,Preston,€350k,€175k,fee
graham-burke,2017-02-15,16/17,Notts County,Shamrock Rovers,free transfer,€175k,free
graham-burke,2015-07-08,15/16,Aston Villa,Notts County,free transfer,-,free
graham-burke,2015-05-04,14/15,Notts County,Aston Villa,End of loan,-,loan end
graham-burke,2015-03-26,14/15,Aston Villa,Notts County,loan transfer,-,loan
graham-burke,2013-10-02,13/14,Shrewsbury,Aston Villa,End of loan,-,loan end
graham-burke,2013-08-08,13/14,Aston Villa,Shrewsbury,loan transfer,-,loan
graham-burke,2012-07-01,12/13,Aston Villa U21,Aston Villa,-,-,
graham-burke,2011-07-01,11/12,Aston Villa U18,Aston Villa Res.,-,-,
graham-burke,2010-07-01,10/11,Belvedere FC,Aston Villa U18,free transfer,-,free
graham-carey,2026-05-31,25/26,Dunfermline A.,Livingston FC,End of loan,€25k,loan end
graham-carey,2026-01-29,25/26,Livingston FC,Dunfermline A.,loan transfer,€50k,loan
graham-carey,2025-07-01,25/26,St. Johnstone,Livingston FC,free transfer,€75k,free
graham-carey,2022-07-01,22/23,CSKA-Sofia,St. Johnstone,free transfer,€500k,free
graham-carey,2019-07-01,19/20,Plymouth,CSKA-Sofia,free transfer,€400k,free
graham-carey,2015-07-03,15/16,Ross County,Plymouth,free transfer,€400k,free
graham-carey,2013-07-30,13/14,St. Mirren,Ross County,free transfer,€350k,free
graham-carey,2011-07-01,11/12,Celtic,St. Mirren,free transfer,€150k,free
graham-carey,2010-12-31,10/11,Huddersfield,Celtic,End of loan,€150k,loan end
graham-carey,2010-08-01,10/11,Celtic,Huddersfield,loan transfer,€150k,loan
graham-carey,2010-05-01,09/10,St. Mirren,Celtic,End of loan,€150k,loan end
graham-carey,2010-02-01,09/10,Celtic,St. Mirren,loan transfer,-,loan
graham-carey,2009-06-30,08/09,Bohemians,Celtic,End of loan,-,loan end
graham-carey,2009-02-01,08/09,Celtic,Bohemians,loan transfer,-,loan
graham-carey,2008-07-01,08/09,Celtic U20,Celtic,-,-,
graham-carey,2005-07-01,05/06,Shels Academy,Celtic U20,free transfer,-,free
graham-coughlan,2013-07-01,13/14,Southend United,Retired,-,€150k,
graham-coughlan,2010-07-22,10/11,Shrewsbury,Southend United,free transfer,€300k,free
graham-coughlan,2008-08-07,08/09,Rotherham,Shrewsbury,free transfer,€450k,free
graham-coughlan,2007-07-19,07/08,Sheff Wed,Rotherham,free transfer,€450k,free
graham-coughlan,2007-05-31,06/07,Burnley,Sheff Wed,End of loan,€450k,loan end
graham-coughlan,2007-03-22,06/07,Sheff Wed,Burnley,loan transfer,€450k,loan
graham-coughlan,2005-07-15,05/06,Plymouth,Sheff Wed,€184k,-,fee
graham-coughlan,2001-07-01,01/02,Livingston FC,Plymouth,free transfer,-,free
graham-coughlan,1999-07-01,99/00,Blackburn,Livingston FC,free transfer,-,free
graham-coughlan,1999-05-09,98/99,Livingston FC,Blackburn,End of loan,-,loan end
graham-coughlan,1999-03-30,98/99,Blackburn,Livingston FC,loan transfer,-,loan
graham-coughlan,1997-04-24,97/98,Swindon Town,Blackburn,End of loan,-,loan end
graham-coughlan,1997-03-25,97/98,Blackburn,Swindon Town,loan transfer,-,loan
graham-coughlan,1995-10-14,95/96,Bray Wanderers,Blackburn,€148k,-,fee
graham-coughlan,1994-07-01,94/95,Bray Academy,Bray Wanderers,-,-,
graham-kelly,2026-07-01,26/27,Coleraine,Crusaders,free transfer,€10k,free
graham-kelly,2023-07-01,23/24,Larne FC,Coleraine,free transfer,€100k,free
graham-kelly,2018-08-02,18/19,Port Vale,Larne FC,free transfer,-,free
graham-kelly,2018-05-31,17/18,Southport,Port Vale,End of loan,-,loan end
graham-kelly,2018-01-26,17/18,Port Vale,Southport,loan transfer,-,loan
graham-kelly,2017-11-19,17/18,Bradford PA,Port Vale,End of loan,-,loan end
graham-kelly,2017-09-09,17/18,Port Vale,Bradford PA,loan transfer,-,loan
graham-kelly,2017-07-01,17/18,Sheff Utd,Port Vale,free transfer,-,free
graham-kelly,2016-09-30,16/17,Stalybridge,Sheff Utd,End of loan,-,loan end
graham-kelly,2016-08-10,16/17,Sheff Utd,Stalybridge,loan transfer,-,loan
graham-kelly,2016-07-01,16/17,Sheff Utd U18,Sheff Utd,-,-,
graham-kelly,2014-07-01,14/15,St. Josephs Boys,Sheff Utd U18,free transfer,-,free
greg-sloggett,2026-07-02,26/27,Boston Utd,Glentoran,free transfer,-,free
greg-sloggett,2025-07-08,25/26,Hartlepool,Boston Utd,free transfer,-,free
greg-sloggett,2025-05-08,24/25,Boston Utd,Hartlepool,End of loan,-,loan end
greg-sloggett,2025-03-25,24/25,Hartlepool,Boston Utd,loan transfer,-,loan
greg-sloggett,2024-07-15,24/25,Cheltenham,Hartlepool,free transfer,€100k,free
greg-sloggett,2024-02-01,23/24,Dundalk FC,Cheltenham,free transfer,€125k,free
greg-sloggett,2020-01-01,19/20,Derry City,Dundalk FC,free transfer,-,free
greg-sloggett,2019-01-01,18/19,UCD,Derry City,free transfer,-,free
greg-sloggett,2016-01-01,15/16,UCD Academy,UCD,-,-,
guilherme-rego-priosti,2026-07-24,26/27,Sligo Rovers,Finn Harps,loan transfer,-,loan
guilherme-rego-priosti,2025-12-01,26/27,Ballinamallard,Sligo Rovers,End of loan,-,loan end
guilherme-rego-priosti,2025-07-01,25/26,Sligo Rovers,Ballinamallard,loan transfer,-,loan
guilherme-rego-priosti,2025-02-04,24/25,Longford Town,Sligo Rovers,free transfer,-,free
guilherme-rego-priosti,2023-05-19,22/23,LTFC Academy,Longford Town,-,-,
harry-groome,2025-01-01,24/25,Bray Wanderers,Dundalk FC,free transfer,-,free
harry-groome,2023-01-01,22/23,Wexford FC,Bray Wanderers,free transfer,-,free
harry-groome,2022-01-01,21/22,Shelbourne,Wexford FC,free transfer,-,free
harry-groome,2021-11-30,21/22,Wexford FC,Shelbourne,End of loan,-,loan end
harry-groome,2021-02-25,20/21,Shels Academy,Wexford FC,loan transfer,-,loan
harry-vaughan,2026-07-01,26/27,Hull City,Bohemians,free transfer,€400k,free
harry-vaughan,2026-06-30,25/26,Bohemians,Hull City,End of loan,€400k,loan end
harry-vaughan,2026-01-08,25/26,Hull City,Bohemians,loan transfer,€400k,loan
harry-vaughan,2024-05-31,23/24,Bristol Rovers,Hull City,End of loan,€400k,loan end
harry-vaughan,2024-02-01,23/24,Hull City,Bristol Rovers,loan transfer,€400k,loan
harry-vaughan,2023-01-31,22/23,Oldham Athletic,Hull City,?,-,
harry-vaughan,2023-01-18,22/23,Radcliffe,Oldham Athletic,End of loan,-,loan end
harry-vaughan,2022-12-14,22/23,Oldham Athletic,Radcliffe,loan transfer,-,loan
harry-vaughan,2021-07-01,20/21,Oldham U18,Oldham Athletic,-,-,
harvey-boddy,2026-07-03,26/27,QPR U18,Worthing,loan transfer,-,loan
harvey-boddy,2025-01-01,24/25,Without Club,QPR U18,-,-,
harvey-boddy,2024-07-01,24/25,Brighton Yth.,Without Club,-,-,
harvey-neville,2026-01-01,25/26,Phoenix Rising,Sporting JAX,free transfer,-,free
harvey-neville,2025-11-30,25/26,San Antonio FC,Phoenix Rising,End of loan,€175k,loan end
harvey-neville,2025-07-03,25/26,Phoenix Rising,San Antonio FC,loan transfer,€175k,loan
harvey-neville,2025-01-21,24/25,Portland 2,Phoenix Rising,free transfer,€175k,free
harvey-neville,2024-11-30,24/25,Sacramento FC,Portland 2,End of loan,€175k,loan end
harvey-neville,2024-09-06,24/25,Portland 2,Sacramento FC,loan transfer,€175k,loan
harvey-neville,2024-03-15,23/24,Miami,Portland 2,free transfer,€175k,free
harvey-neville,2023-11-30,23/24,Loudoun United,Miami,End of loan,€175k,loan end
harvey-neville,2023-08-24,23/24,Miami,Loudoun United,loan transfer,€200k,loan
harvey-neville,2022-08-23,22/23,Inter Miami II,Miami,-,€100k,
harvey-neville,2021-05-06,20/21,Man Utd U23,Fort Lauderdale,free transfer,-,free
harvey-neville,2020-07-01,20/21,Man Utd U18,Man Utd U23,-,-,
harvey-neville,2018-07-01,18/19,Valencia U18,Man Utd U18,?,-,
harvey-neville,2017-12-13,17/18,Valencia CF You,Valencia U18,-,-,
harvey-neville,2015-07-01,15/16,Man City Youth,Valencia CF You,?,-,
harvey-neville,2013-07-01,13/14,Man Utd Youth,Man City Youth,?,-,
harvey-vale,2025-02-03,24/25,Chelsea U21,QPR,free transfer,€1.50m,free
harvey-vale,2024-05-31,23/24,Bristol Rovers,Chelsea U21,End of loan,€1.50m,loan end
harvey-vale,2023-08-15,23/24,Chelsea U21,Bristol Rovers,loan transfer,€2.00m,loan
harvey-vale,2023-01-20,22/23,Hull City,Chelsea U21,End of loan,€2.00m,loan end
harvey-vale,2022-09-01,22/23,Chelsea U21,Hull City,loan transfer,€400k,loan
harvey-vale,2021-07-01,21/22,Chelsea U18,Chelsea U23,-,-,
harvey-vale,2020-07-01,20/21,Chelsea Youth,Chelsea U18,-,-,
harvey-warren,2026-01-01,25/26,Bray Wanderers,Dundalk FC,free transfer,-,free
harvey-warren,2025-01-17,24/25,Shelbourne,Bray Wanderers,free transfer,-,free
harvey-warren,2024-02-01,23/24,Waterford FC,Shelbourne,free transfer,-,free
harvey-warren,2022-01-01,21/22,Bray Academy,Waterford FC,free transfer,-,free
harvey-warren,2019-02-01,18/19,St. Josephs Boys,Bray Academy,free transfer,-,free
hugh-martin,2026-01-01,25/26,UCD,Bohemians,free transfer,-,free
hugh-martin,2025-02-28,24/25,UCD Academy,UCD,-,-,
hugh-parker,2026-08-14,26/27,Hull U21,Scunthorpe Utd.,loan transfer,-,loan
hugh-parker,2026-05-31,25/26,Carlisle United,Hull U21,End of loan,-,loan end
hugh-parker,2026-02-05,25/26,Hull U21,Carlisle United,loan transfer,-,loan
hugh-parker,2025-02-03,24/25,UCD,Hull U21,?,-,
hugh-parker,2024-03-08,23/24,UCD Academy,UCD,-,-,
hugh-parker,2022-01-01,21/22,Bray Academy,UCD Academy,free transfer,-,free
ian-lawlor,2026-01-10,25/26,Doncaster,Crewe Alexandra,free transfer,€75k,free
ian-lawlor,2023-07-01,23/24,Dundee FC,Doncaster,free transfer,€100k,free
ian-lawlor,2021-07-19,21/22,Doncaster,Dundee FC,free transfer,€100k,free
ian-lawlor,2021-05-31,20/21,Oldham Athletic,Doncaster,End of loan,€100k,loan end
ian-lawlor,2020-08-07,20/21,Doncaster,Oldham Athletic,loan transfer,€100k,loan
ian-lawlor,2020-05-31,19/20,Scunthorpe Utd.,Doncaster,End of loan,€100k,loan end
ian-lawlor,2020-01-27,19/20,Doncaster,Scunthorpe Utd.,loan transfer,€100k,loan
ian-lawlor,2017-01-13,16/17,Man City U23,Doncaster,?,-,
ian-lawlor,2016-05-31,15/16,Bury,Man City U21,End of loan,-,loan end
ian-lawlor,2016-01-07,15/16,Man City U21,Bury,loan transfer,-,loan
ian-lawlor,2016-01-03,15/16,Barnet,Man City U21,End of loan,-,loan end
ian-lawlor,2015-12-12,15/16,Man City U21,Barnet,loan transfer,-,loan
ian-lawlor,2013-07-01,13/14,Man City U18,Man City U21,-,-,
ian-lawlor,2010-07-01,10/11,Farm Academy,Man City U18,?,-,
ike-orazi,2024-07-01,24/25,Stade Reims U19,Stade Reims B,-,-,
ike-orazi,2023-08-31,23/24,Rovers Academy,Stade Reims U19,?,-,
isaac-abankwah,2026-07-01,26/27,Bamber Bridge,Marine FC,free transfer,-,free
isaac-abankwah,2025-07-01,25/26,Farsley,Bamber Bridge,free transfer,-,free
isaac-abankwah,2024-11-15,24/25,Wythenshawe,Farsley,free transfer,-,free
isaac-abankwah,2023-06-01,23/24,Macclesfield,Wythenshawe,free transfer,-,free
isaac-abankwah,2023-05-31,22/23,Stockport Town,Macclesfield,End of loan,-,loan end
isaac-abankwah,2023-03-10,22/23,Macclesfield,Stockport Town,loan transfer,-,loan
isaac-abankwah,2023-03-09,22/23,FC Squires Gate,Macclesfield,End of loan,-,loan end
isaac-abankwah,2022-12-31,22/23,Macclesfield,FC Squires Gate,loan transfer,-,loan
isaac-abankwah,2022-12-31,22/23,LTFC Academy,Macclesfield,free transfer,-,free
isaac-akinsete,2026-07-11,26/27,Croatia Berlin,H. Zehlendorf,free transfer,-,free
isaac-akinsete,2025-08-18,25/26,Berlin Türkspor,Croatia Berlin,free transfer,-,free
isaac-akinsete,2024-07-01,24/25,Optik Rathenow,Berlin Türkspor,free transfer,-,free
isaac-akinsete,2023-01-01,22/23,Germania Leer,Optik Rathenow,free transfer,-,free
isaac-akinsete,2022-07-01,22/23,UCD,Germania Leer,free transfer,-,free
isaac-akinsete,2019-07-01,19/20,UCD Academy,UCD,-,-,
issa-kargbo,2025-07-01,25/26,Bala,Colwyn Bay,free transfer,€25k,free
issa-kargbo,2025-02-03,24/25,Ringmahon,Bala,free transfer,-,free
issa-kargbo,2024-01-01,23/24,Cobh Ramblers,Ringmahon,free transfer,-,free
issa-kargbo,2022-01-11,21/22,Cork Academy,Cobh Ramblers,free transfer,-,free
ivan-savshak,2025-01-15,24/25,Without Club,Orvietana,-,-,
ivan-savshak,2024-07-01,24/25,Livorno,Without Club,-,€50k,
ivan-savshak,2023-08-05,23/24,Gornik U19,Livorno,free transfer,-,free
ivan-savshak,2023-01-01,22/23,Honvéd U17,Gornik U19,free transfer,-,free
ivan-savshak,2021-09-01,21/22,Unknown,Honvéd U17,free transfer,-,free
jack-bonham,2026-01-14,25/26,Stoke City,Bolton,?,€250k,
jack-bonham,2021-07-01,21/22,Gillingham,Stoke City,free transfer,€300k,free
jack-bonham,2019-07-01,19/20,Brentford,Gillingham,free transfer,€350k,free
jack-bonham,2019-05-31,18/19,Bristol Rovers,Brentford,End of loan,€100k,loan end
jack-bonham,2018-08-27,18/19,Brentford,Bristol Rovers,loan transfer,€100k,loan
jack-bonham,2018-05-31,17/18,Carlisle United,Brentford,End of loan,€100k,loan end
jack-bonham,2017-07-01,17/18,Brentford,Carlisle United,loan transfer,€100k,loan
jack-bonham,2014-02-08,13/14,Arlesey Town,Brentford,End of loan,€50k,loan end
jack-bonham,2013-11-15,13/14,Brentford,Arlesey Town,loan transfer,€50k,loan
jack-bonham,2013-07-01,13/14,Watford,Brentford,free transfer,-,free
jack-bonham,2012-07-01,12/13,Watford U18,Watford,-,-,
jack-bonham,2012-04-04,11/12,Harrow Borough,Watford U18,End of loan,-,loan end
jack-bonham,2012-02-17,11/12,Watford U18,Harrow Borough,loan transfer,-,loan
jack-byrne,2025-12-20,25/26,Dubai Irish FC,Shamrock Rovers,End of loan,€400k,loan end
jack-byrne,2025-08-30,25/26,Shamrock Rovers,Dubai Irish FC,loan transfer,€400k,loan
jack-byrne,2022-01-01,21/22,Without Club,Shamrock Rovers,-,€500k,
jack-byrne,2021-09-24,21/22,APOEL Nicosia,Without Club,-,€600k,
jack-byrne,2021-01-04,20/21,Shamrock Rovers,APOEL Nicosia,free transfer,€800k,free
jack-byrne,2019-01-01,18/19,Kilmarnock FC,Shamrock Rovers,free transfer,€1.00m,free
jack-byrne,2018-08-31,18/19,Oldham Athletic,Kilmarnock FC,free transfer,€1.00m,free
jack-byrne,2018-01-15,17/18,Wigan,Oldham Athletic,?,€1.00m,
jack-byrne,2018-01-01,17/18,Oldham Athletic,Wigan,End of loan,€1.00m,loan end
jack-byrne,2017-08-29,17/18,Wigan,Oldham Athletic,loan transfer,€1.00m,loan
jack-byrne,2017-01-31,16/17,Man City U23,Wigan,?,€1.00m,
jack-byrne,2017-01-06,16/17,Blackburn,Man City U23,End of loan,€1.00m,loan end
jack-byrne,2016-07-01,16/17,Man City U23,Blackburn,loan transfer,€1.00m,loan
jack-byrne,2016-06-30,15/16,SC Cambuur,Man City U21,End of loan,€1.00m,loan end
jack-byrne,2015-07-01,15/16,Man City U21,SC Cambuur,loan transfer,€250k,loan
jack-byrne,2014-07-01,14/15,Man City U18,Man City U21,-,-,
jack-clarke,2026-07-01,26/27,Kidderminster,Gloucester,free transfer,-,free
jack-clarke,2025-07-01,25/26,Eastbourne,Kidderminster,free transfer,-,free
jack-clarke,2023-07-01,23/24,Chesterfield,Eastbourne,free transfer,-,free
jack-clarke,2023-05-31,22/23,Yeovil Town,Chesterfield,End of loan,-,loan end
jack-clarke,2023-01-17,22/23,Chesterfield,Yeovil Town,loan transfer,-,loan
jack-clarke,2021-07-01,21/22,Aston Villa U23,Chesterfield,free transfer,-,free
jack-clarke,2021-06-06,20/21,Chesterfield,Aston Villa U23,End of loan,-,loan end
jack-clarke,2021-01-04,20/21,Aston Villa U23,Chesterfield,loan transfer,-,loan
jack-clarke,2020-12-31,20/21,Yeovil Town,Aston Villa U23,End of loan,-,loan end
jack-clarke,2020-08-24,20/21,Aston Villa U23,Yeovil Town,loan transfer,-,loan
jack-clarke,2017-07-01,17/18,Aston Villa U18,Aston Villa U23,-,-,
jack-henry-francis,2025-07-18,25/26,Arsenal U21,Shelbourne,free transfer,€200k,free
jack-henry-francis,2024-11-30,24/25,Sligo Rovers,Arsenal U21,End of loan,€175k,loan end
jack-henry-francis,2024-07-17,24/25,Arsenal U21,Sligo Rovers,loan transfer,-,loan
jack-henry-francis,2022-01-01,21/22,Arsenal U18,Arsenal U23,-,-,
jack-henry-francis,2020-07-01,20/21,Arsenal Youth,Arsenal U18,-,-,
jack-moorhouse,2026-02-02,25/26,Leyton Orient,Man Utd U21,End of loan,€100k,loan end
jack-moorhouse,2025-08-01,25/26,Man Utd U21,Leyton Orient,loan transfer,-,loan
jack-moorhouse,2024-07-01,24/25,Man Utd U18,Man Utd U21,-,-,
jack-moorhouse,2022-07-01,22/23,Man Utd Youth,Man Utd U18,-,-,
jack-moylan,2026-08-05,26/27,Lincoln City,Cardiff,€3.00m,€800k,fee
jack-moylan,2024-01-04,23/24,Shelbourne,Lincoln City,free transfer,€175k,free
jack-moylan,2022-01-01,21/22,Bohemians,Shelbourne,free transfer,-,free
jack-moylan,2021-11-30,21/22,Wexford FC,Bohemians,End of loan,-,loan end
jack-moylan,2021-07-01,21/22,Bohemians,Wexford FC,loan transfer,-,loan
jack-moylan,2021-01-01,20/21,Bohs Academy,Bohemians,-,-,
jack-oreilly,2026-07-01,26/27,Ballymena Utd,Inchicore,free transfer,€75k,free
jack-oreilly,2025-07-01,25/26,Carrick Rangers,Ballymena Utd,free transfer,€25k,free
jack-oreilly,2025-02-03,24/25,Ytterhogdals IK,Carrick Rangers,free transfer,-,free
jack-oreilly,2024-01-31,23/24,Bohemians,Ytterhogdals IK,free transfer,-,free
jack-oreilly,2022-01-01,21/22,Pat's Academy,Bohemians,free transfer,-,free
jack-taylor,2023-07-01,23/24,Peterborough,Ipswich,€1.75m,€1.80m,fee
jack-taylor,2020-01-07,19/20,Barnet,Peterborough,€570k,-,fee
jack-taylor,2016-12-10,16/17,Hampton & Rich.,Barnet,End of loan,-,loan end
jack-taylor,2016-10-28,16/17,Barnet,Hampton & Rich.,loan transfer,-,loan
jack-taylor,2016-07-01,16/17,Barnet U18,Barnet,-,-,
jacob-devaney,2026-08-23,26/27,Man Utd U21,Hibernian FC,loan transfer,€250k,loan
jacob-devaney,2026-05-31,25/26,St. Mirren,Man Utd U21,End of loan,€250k,loan end
jacob-devaney,2026-02-02,25/26,Man Utd U21,St. Mirren,loan transfer,-,loan
jacob-devaney,2025-07-01,25/26,Man Utd U18,Man Utd U21,-,-,
jacob-devaney,2023-07-01,23/24,Man Utd Youth,Man Utd U18,-,-,
jacob-keleghan,2026-06-29,26/27,Tamaraws,Fight. Maroons,free transfer,-,free
jacob-slater,2026-07-01,26/27,Brighton U21,Tranmere,free transfer,€150k,free
jacob-slater,2026-05-31,25/26,Harrogate Town,Brighton U21,End of loan,€150k,loan end
jacob-slater,2025-09-01,25/26,Brighton U21,Harrogate Town,loan transfer,€200k,loan
jacob-slater,2023-07-29,23/24,Preston U19,Brighton U21,?,-,
jacob-slater,2021-07-01,21/22,PNE Academy,Preston U19,-,-,
jad-hakiki,2025-01-01,24/25,Dundalk FC,Sligo Rovers,free transfer,€75k,free
jad-hakiki,2024-07-01,24/25,Shelbourne,Dundalk FC,?,€50k,
jad-hakiki,2022-01-01,21/22,Shels Academy,Shelbourne,-,-,
jaden-umeh,2025-07-01,25/26,Benfica U19,Benfica U23,-,-,
jaden-umeh,2024-08-03,24/25,Cork City,Benfica U19,?,-,
jaden-umeh,2023-11-03,23/24,Cork Academy,Cork City,-,-,
jake-doyle-hayes,2025-08-01,25/26,Sligo Rovers,Exeter City,€50k,€375k,fee
jake-doyle-hayes,2025-02-13,24/25,Hibernian FC,Sligo Rovers,free transfer,€450k,free
jake-doyle-hayes,2021-07-01,21/22,St. Mirren,Hibernian FC,free transfer,€325k,free
jake-doyle-hayes,2020-11-03,20/21,Without Club,St. Mirren,-,-,
jake-doyle-hayes,2020-07-01,20/21,Aston Villa U23,Without Club,-,-,
jake-doyle-hayes,2020-06-30,19/20,Cheltenham,Aston Villa U23,End of loan,-,loan end
jake-doyle-hayes,2019-08-01,19/20,Aston Villa U23,Cheltenham,loan transfer,-,loan
jake-doyle-hayes,2019-05-31,18/19,Cambridge Utd.,Aston Villa U23,End of loan,-,loan end
jake-doyle-hayes,2019-01-31,18/19,Aston Villa U23,Cambridge Utd.,loan transfer,-,loan
jake-doyle-hayes,2016-07-01,16/17,Aston Villa U18,Aston Villa U23,-,-,
jake-doyle-hayes,2015-07-01,15/16,A. Villa Yth.,Aston Villa U18,-,-,
jake-griffin,2026-07-01,26/27,Stoke U21,Chester,?,-,
jake-griffin,2025-09-27,25/26,Halifax Town,Stoke U21,End of loan,-,loan end
jake-griffin,2025-08-30,25/26,Stoke U21,Halifax Town,loan transfer,-,loan
jake-griffin,2025-01-14,24/25,Brackley,Stoke U21,End of loan,-,loan end
jake-griffin,2024-12-17,24/25,Stoke U21,Brackley,loan transfer,-,loan
jake-griffin,2024-07-01,24/25,Stoke U18,Stoke U21,-,-,
jake-griffin,2022-07-01,22/23,Stoke Academy,Stoke U18,-,-,
jake-mulraney,2026-01-08,25/26,St. Pat's,Shamrock Rovers,?,€300k,
jake-mulraney,2023-01-18,22/23,Orlando,St. Pat's,?,€600k,
jake-mulraney,2022-05-05,21/22,Atlanta,Orlando,€250k,€600k,fee
jake-mulraney,2020-02-12,19/20,Heart of Midl.,Atlanta,€230k,€375k,fee
jake-mulraney,2018-07-01,18/19,Inverness CT,Heart of Midl.,free transfer,€250k,free
jake-mulraney,2016-07-01,16/17,QPR,Inverness CT,free transfer,-,free
jake-mulraney,2016-05-31,15/16,Stevenage,QPR,End of loan,-,loan end
jake-mulraney,2016-03-05,15/16,QPR,Stevenage,loan transfer,-,loan
jake-mulraney,2015-12-05,15/16,Dag & Red FC,QPR,End of loan,-,loan end
jake-mulraney,2015-10-07,15/16,QPR,Dag & Red FC,loan transfer,-,loan
jake-mulraney,2014-12-10,14/15,Without Club,QPR,-,-,
jake-mulraney,2014-07-01,14/15,Nottingham U18,Without Club,-,-,
jake-mulraney,2012-07-01,12/13,Crumlin United,Nottingham U18,?,-,
jake-obrien,2024-07-30,24/25,Lyon,Everton,€19.50m,€12.00m,fee
jake-obrien,2023-08-15,23/24,Palace U21,Lyon,€1.00m,€700k,fee
jake-obrien,2023-06-30,22/23,RWDM,Palace U21,End of loan,€700k,loan end
jake-obrien,2022-08-26,22/23,Palace U21,RWDM,loan transfer,€150k,loan
jake-obrien,2022-05-31,21/22,Swindon Town,Palace U23,End of loan,€25k,loan end
jake-obrien,2022-01-04,21/22,Palace U23,Swindon Town,loan transfer,€25k,loan
jake-obrien,2021-08-16,21/22,Cork City,Palace U23,?,€25k,
jake-obrien,2021-05-31,20/21,Palace U23,Cork City,End of loan,-,loan end
jake-obrien,2021-02-03,20/21,Cork City,Palace U23,loan transfer,-,loan
jake-obrien,2019-07-01,19/20,Cork Academy,Cork City,-,-,
james-abankwah,2026-06-30,25/26,Watford,Udinese,End of loan,€3.50m,loan end
james-abankwah,2025-01-16,24/25,Udinese,Watford,loan transfer,€800k,loan
james-abankwah,2024-01-29,23/24,Charlton,Udinese,End of loan,€300k,loan end
james-abankwah,2023-09-01,23/24,Udinese,Charlton,loan transfer,€300k,loan
james-abankwah,2022-06-30,21/22,St. Pat's,Udinese,End of loan,-,loan end
james-abankwah,2022-01-27,21/22,Udinese,St. Pat's,loan transfer,-,loan
james-abankwah,2022-01-26,21/22,St. Pat's,Udinese,€400k,-,fee
james-abankwah,2021-07-01,21/22,Pat's Academy,St. Pat's,-,-,
james-abankwah,2019-01-01,18/19,Cherry Orchard FC,Pat's Academy,?,-,
james-bailey,2026-07-26,26/27,Shelbourne,Longford Town,loan transfer,-,loan
james-bailey,2025-07-19,25/26,Shels Academy,Shelbourne,-,-,
james-bailey,2023-01-01,22/23,Bohs Academy,Shels Academy,free transfer,-,free
james-bolger,2024-07-17,24/25,Bodens BK,Drogheda United,free transfer,-,free
james-bolger,2024-03-29,23/24,Lancers,Bodens BK,free transfer,-,free
james-bolger,2023-08-01,23/24,NWC Red Raiders,Lancers,free transfer,-,free
james-bolger,2019-07-11,19/20,Galway Academy,NWC Red Raiders,free transfer,-,free
james-bolger,2019-01-01,18/19,Boyle Celtic,Galway Academy,free transfer,-,free
james-brown,2026-02-22,25/26,Kilmarnock FC,St. Pat's,?,€200k,
james-brown,2025-08-30,25/26,Ross County,Kilmarnock FC,free transfer,€200k,free
james-brown,2023-07-07,23/24,Blackburn,Ross County,?,€200k,
james-brown,2023-05-31,22/23,Doncaster,Blackburn,End of loan,€125k,loan end
james-brown,2023-01-17,22/23,Blackburn,Doncaster,loan transfer,€100k,loan
james-brown,2023-01-09,22/23,Stockport,Blackburn,End of loan,€100k,loan end
james-brown,2022-07-29,22/23,Blackburn,Stockport,loan transfer,€100k,loan
james-brown,2022-01-06,21/22,Drogheda United,Blackburn,free transfer,€100k,free
james-brown,2019-01-01,18/19,Shelbourne,Drogheda United,free transfer,-,free
james-brown,2016-04-28,15/16,Shels Academy,Shelbourne,-,-,
james-carroll,2026-07-01,26/27,Loughgall,Annagh United,free transfer,-,free
james-carroll,2025-01-02,24/25,Glenavon,Loughgall,?,€125k,
james-carroll,2024-07-01,24/25,Loughgall,Glenavon,free transfer,€50k,free
james-carroll,2023-07-15,23/24,Warrenpoint,Loughgall,free transfer,-,free
james-carroll,2022-07-01,22/23,Glebe North,Warrenpoint,free transfer,€10k,free
james-carroll,2021-07-30,21/22,Wexford FC,Glebe North,free transfer,-,free
james-carroll,2020-01-27,19/20,Dundalk Academy,Wexford FC,free transfer,-,free
james-carroll,2019-03-01,18/19,Drogs Academy,Dundalk Academy,free transfer,-,free
james-clarke,2026-01-01,25/26,Bohemians,Derry City,free transfer,€175k,free
james-clarke,2022-07-27,22/23,Drogheda United,Bohemians,?,€75k,
james-clarke,2019-01-01,18/19,Rovers Academy,Drogheda United,free transfer,-,free
james-collins,2025-01-20,24/25,Derby,Lincoln City,free transfer,€150k,free
james-collins,2022-07-13,22/23,Cardiff,Derby,free transfer,€500k,free
james-collins,2021-07-01,21/22,Luton,Cardiff,free transfer,€1.00m,free
james-collins,2017-07-01,17/18,Crawley Town,Luton,?,€250k,
james-collins,2016-07-11,16/17,Shrewsbury,Crawley Town,free transfer,€300k,free
james-collins,2016-05-31,15/16,Northampton,Shrewsbury,End of loan,€300k,loan end
james-collins,2016-01-05,15/16,Shrewsbury,Northampton,loan transfer,€300k,loan
james-collins,2014-07-01,14/15,Hibernian FC,Shrewsbury,?,€300k,
james-collins,2013-07-29,13/14,Swindon Town,Hibernian FC,€232k,€200k,fee
james-collins,2012-07-01,12/13,Shrewsbury,Swindon Town,free transfer,€50k,free
james-collins,2011-01-07,10/11,Aston Villa Res.,Shrewsbury,free transfer,-,free
james-collins,2011-01-06,10/11,Burton Albion,Aston Villa Res.,End of loan,-,loan end
james-collins,2010-10-15,10/11,Aston Villa Res.,Burton Albion,loan transfer,-,loan
james-collins,2010-01-23,09/10,Darlington,Aston Villa Res.,End of loan,-,loan end
james-collins,2009-10-23,09/10,Aston Villa Res.,Darlington,loan transfer,-,loan
james-collins,2009-07-01,09/10,Aston Villa U18,Aston Villa Res.,-,-,
james-furlong,2026-08-24,26/27,NK Maribor,Walsall,free transfer,€100k,free
james-furlong,2026-06-30,26/27,NK Maribor,Hull City,End of loan,€100k,loan end
james-furlong,2026-02-09,25/26,Hull City,NK Maribor,loan transfer,€300k,loan
james-furlong,2025-05-31,24/25,AFC Wimbledon,Hull City,End of loan,€300k,loan end
james-furlong,2024-07-29,24/25,Hull City,AFC Wimbledon,loan transfer,€250k,loan
james-furlong,2023-09-01,23/24,Brighton U21,Hull City,?,€275k,
james-furlong,2023-05-31,22/23,Motherwell FC,Brighton U21,End of loan,€275k,loan end
james-furlong,2023-01-31,22/23,Brighton U21,Motherwell FC,loan transfer,€200k,loan
james-furlong,2020-07-01,20/21,Brighton U18,Brighton U23,-,-,
james-furlong,2019-07-12,19/20,Shamrock Rovers,Brighton U18,?,-,
james-furlong,2019-04-12,18/19,Rovers Academy,Shamrock Rovers,-,-,
james-golding,2026-05-31,25/26,Southend United,Oxford United,End of loan,€100k,loan end
james-golding,2026-02-16,25/26,Oxford United,Southend United,loan transfer,€100k,loan
james-golding,2026-01-03,25/26,Crewe Alexandra,Oxford United,End of loan,€100k,loan end
james-golding,2025-08-11,25/26,Oxford United,Crewe Alexandra,loan transfer,€50k,loan
james-golding,2025-05-31,24/25,Southend United,Oxford United,End of loan,€50k,loan end
james-golding,2024-12-06,24/25,Oxford United,Southend United,loan transfer,€50k,loan
james-golding,2024-11-08,24/25,Maidenhead Utd.,Oxford United,End of loan,€50k,loan end
james-golding,2024-09-05,24/25,Oxford United,Maidenhead Utd.,loan transfer,€50k,loan
james-golding,2023-11-23,23/24,Maidenhead Utd.,Oxford United,End of loan,-,loan end
james-golding,2023-09-26,23/24,Oxford United,Maidenhead Utd.,loan transfer,-,loan
james-golding,2023-09-25,23/24,Dartford,Oxford United,End of loan,-,loan end
james-golding,2023-08-11,23/24,Oxford United,Dartford,loan transfer,-,loan
james-golding,2023-07-01,23/24,Oxford Utd U18,Oxford United,-,-,
james-golding,2023-02-17,22/23,Banbury,Oxford Utd U18,End of loan,-,loan end
james-golding,2023-01-06,22/23,Oxford Utd U18,Banbury,loan transfer,-,loan
james-mcclean,2026-01-17,25/26,Wrexham,Derry City,free transfer,€100k,free
james-mcclean,2023-08-04,23/24,Wigan,Wrexham,€290k,€500k,fee
james-mcclean,2021-08-17,21/22,Stoke City,Wigan,?,€1.50m,
james-mcclean,2018-07-22,18/19,West Brom,Stoke City,€5.60m,€3.00m,fee
james-mcclean,2015-07-01,15/16,Wigan,West Brom,€2.10m,€3.00m,fee
james-mcclean,2013-08-08,13/14,Sunderland,Wigan,€2.33m,€6.00m,fee
james-mcclean,2011-08-09,11/12,Derry City,Sunderland,€420k,€50k,fee
james-mcclean,2008-07-01,08/09,Institute,Derry City,free transfer,-,free
james-mcclean,2007-07-01,07/08,Institute U20,Institute,-,-,
james-mcmanus,2026-02-22,25/26,Bohemians,Sligo Rovers,loan transfer,€125k,loan
james-mcmanus,2025-11-30,25/26,Sligo Rovers,Bohemians,End of loan,€100k,loan end
james-mcmanus,2025-07-01,25/26,Bohemians,Sligo Rovers,loan transfer,€100k,loan
james-mcmanus,2021-08-29,21/22,Bohs Academy,Bohemians,-,-,
james-morahan,2026-02-05,25/26,Galway Academy,Galway United,-,-,
james-roche,2026-02-21,25/26,Athlone Town,Shelbourne,End of loan,-,loan end
james-roche,2026-01-30,25/26,Shelbourne,Athlone Town,loan transfer,-,loan
james-roche,2025-01-14,24/25,Shamrock Rovers,Shelbourne,free transfer,-,free
james-roche,2024-05-31,23/24,Rovers Academy,Shamrock Rovers,-,-,
james-storer,2026-07-01,26/27,Wolves U21,Plymouth,free transfer,€75k,free
james-storer,2026-05-31,25/26,Morton,Wolves U21,End of loan,€75k,loan end
james-storer,2025-07-15,25/26,Wolves U21,Morton,loan transfer,-,loan
james-storer,2025-05-31,24/25,Chester,Wolves U21,End of loan,-,loan end
james-storer,2025-01-10,24/25,Wolves U21,Chester,loan transfer,-,loan
james-storer,2025-01-01,24/25,Darlaston,Wolves U21,End of loan,-,loan end
james-storer,2024-08-03,24/25,Wolves U21,Darlaston,loan transfer,-,loan
james-storer,2023-07-01,23/24,Wolves U18,Wolves U21,-,-,
james-storer,2021-07-01,21/22,Wolves Yth.,Wolves U18,-,-,
jamie-barry,2026-08-07,26/27,Des Moines,Portadown,free transfer,-,free
jamie-barry,2026-01-01,25/26,Crusaders,Des Moines,free transfer,-,free
jamie-barry,2025-08-01,25/26,Flint City,Crusaders,End of loan,-,loan end
jamie-barry,2025-05-01,24/25,Crusaders,Flint City,loan transfer,-,loan
jamie-barry,2025-01-30,24/25,Niagara,Crusaders,free transfer,-,free
jamie-barry,2023-08-01,23/24,FC Buffalo,Niagara,End of loan,-,loan end
jamie-barry,2023-05-01,22/23,Niagara,FC Buffalo,loan transfer,-,loan
jamie-barry,2022-08-01,22/23,Dundalk Academy,Niagara,free transfer,-,free
jamie-brennan,2026-01-01,25/26,Belvedere FC,Drogheda United,free transfer,-,free
jamie-lennon,2018-01-01,17/18,Pat's Academy,St. Pat's,-,-,
jamie-lennon,2016-01-01,15/16,Shels Academy,Pat's Academy,free transfer,-,free
jamie-mcgrath,2025-07-01,25/26,Aberdeen FC,Hibernian FC,free transfer,€1.20m,free
jamie-mcgrath,2023-08-22,23/24,Wigan,Aberdeen FC,free transfer,€400k,free
jamie-mcgrath,2023-05-31,22/23,Dundee United,Wigan,End of loan,€500k,loan end
jamie-mcgrath,2022-08-03,22/23,Wigan,Dundee United,loan transfer,€800k,loan
jamie-mcgrath,2022-01-31,21/22,St. Mirren,Wigan,?,€900k,
jamie-mcgrath,2020-01-07,19/20,Dundalk FC,St. Mirren,free transfer,-,free
jamie-mcgrath,2017-01-15,16/17,St. Pat's,Dundalk FC,?,-,
jamie-mcgrath,2015-01-01,14/15,Pat's Academy,St. Pat's,-,-,
jamie-mcgrath,2013-07-01,13/14,UCD Academy,Pat's Academy,free transfer,-,free
jamie-mullins,2025-07-15,25/26,Brighton U21,Wycombe,€115k,€150k,fee
jamie-mullins,2023-01-04,22/23,Bohemians,Brighton U21,€115k,€75k,fee
jamie-mullins,2021-06-11,20/21,Bohs Academy,Bohemians,-,-,
jamie-odonnell,2026-07-02,26/27,Derry Academy,Sligo Rovers,?,-,
jason-healy,2026-07-25,26/27,Waterford FC,HW Welders,?,-,
jason-healy,2023-10-10,23/24,WFC Academy,Waterford FC,-,-,
jason-knight,2023-07-11,23/24,Derby,Bristol City,€2.30m,€4.00m,fee
jason-knight,2019-07-01,19/20,Derby U18,Derby,-,-,
jason-knight,2017-07-01,17/18,Cabo Academy,Derby U18,?,-,
jason-mcclelland,2020-01-01,19/20,UCD,St. Pat's,free transfer,-,free
jason-mcclelland,2015-07-01,15/16,Rovers Academy,UCD,free transfer,-,free
jay-mcgrath,2024-01-04,23/24,St. Pat's,Doncaster,free transfer,€125k,free
jay-mcgrath,2023-07-01,23/24,Coventry U21,St. Pat's,free transfer,€100k,free
jay-mcgrath,2023-06-30,23/24,St. Pat's,Coventry U21,End of loan,€100k,loan end
jay-mcgrath,2023-02-14,22/23,Coventry U21,St. Pat's,loan transfer,-,loan
jay-mcgrath,2022-12-31,22/23,Alfreton,Coventry U21,End of loan,-,loan end
jay-mcgrath,2022-11-18,22/23,Coventry U21,Alfreton,loan transfer,-,loan
jay-mcgrath,2020-07-01,20/21,Mickleover,Coventry U21,?,-,
jay-oshea,2026-07-01,26/27,Brisbane Roar,Without Club,-,€200k,
jay-oshea,2019-07-01,19/20,Bury,Brisbane Roar,free transfer,€350k,free
jay-oshea,2017-07-01,17/18,Chesterfield,Bury,free transfer,€350k,free
jay-oshea,2017-05-31,16/17,Sheff Utd,Chesterfield,End of loan,€350k,loan end
jay-oshea,2017-01-24,16/17,Chesterfield,Sheff Utd,loan transfer,€300k,loan
jay-oshea,2013-01-11,12/13,MK Dons,Chesterfield,free transfer,€350k,free
jay-oshea,2013-01-05,12/13,Chesterfield,MK Dons,End of loan,€350k,loan end
jay-oshea,2012-11-20,12/13,MK Dons,Chesterfield,loan transfer,€350k,loan
jay-oshea,2011-07-01,11/12,Birmingham,MK Dons,free transfer,€700k,free
jay-oshea,2011-02-01,10/11,Port Vale,Birmingham,End of loan,€700k,loan end
jay-oshea,2011-01-01,10/11,Birmingham,Port Vale,loan transfer,€700k,loan
jay-oshea,2010-12-01,10/11,Stevenage,Birmingham,End of loan,€700k,loan end
jay-oshea,2010-10-01,10/11,Birmingham,Stevenage,loan transfer,€700k,loan
jay-oshea,2010-05-01,09/10,Middlesbrough,Birmingham,End of loan,€700k,loan end
jay-oshea,2010-03-01,09/10,Birmingham,Middlesbrough,loan transfer,€700k,loan
jay-oshea,2009-07-01,09/10,Galway United,Birmingham,€100k,-,fee
jay-oshea,2008-01-01,07/08,Bray Wanderers,Galway United,free transfer,-,free
jay-oshea,2007-07-01,07/08,Home Farm,Bray Wanderers,free transfer,-,free
jayson-molumby,2022-07-01,22/23,Brighton U21,West Brom,€1.00m,€1.00m,fee
jayson-molumby,2022-05-31,21/22,West Brom,Brighton U23,End of loan,€1.00m,loan end
jayson-molumby,2021-08-27,21/22,Brighton U23,West Brom,loan transfer,€1.00m,loan
jayson-molumby,2021-05-31,20/21,Preston,Brighton U23,End of loan,€1.00m,loan end
jayson-molumby,2021-01-05,20/21,Brighton U23,Preston,loan transfer,€900k,loan
jayson-molumby,2020-07-31,19/20,Millwall,Brighton U23,End of loan,€900k,loan end
jayson-molumby,2019-07-23,19/20,Brighton U23,Millwall,loan transfer,-,loan
jayson-molumby,2017-07-01,17/18,Brighton U18,Brighton U23,-,-,
jayson-molumby,2015-07-01,15/16,Railway Ath.,Brighton U18,free transfer,-,free
jaze-kabia,2026-08-07,26/27,Grimsby Town,Leyton Orient,?,€200k,
jaze-kabia,2025-07-01,25/26,Truro City,Grimsby Town,?,-,
jaze-kabia,2024-08-09,24/25,Clyde FC,Truro City,free transfer,-,free
jaze-kabia,2024-01-30,23/24,Cork City,Clyde FC,free transfer,€100k,free
jaze-kabia,2023-07-25,23/24,Livingston FC,Cork City,free transfer,€175k,free
jaze-kabia,2023-05-11,22/23,Queen o. t. S.,Livingston FC,End of loan,€175k,loan end
jaze-kabia,2023-01-27,22/23,Livingston FC,Queen o. t. S.,loan transfer,€175k,loan
jaze-kabia,2023-01-09,22/23,Morton,Livingston FC,End of loan,€175k,loan end
jaze-kabia,2022-07-07,22/23,Livingston FC,Morton,loan transfer,€75k,loan
jaze-kabia,2022-05-02,21/22,Falkirk,Livingston FC,End of loan,€75k,loan end
jaze-kabia,2022-01-21,21/22,Livingston FC,Falkirk,loan transfer,€75k,loan
jaze-kabia,2021-01-08,20/21,Shelbourne,Livingston FC,free transfer,-,free
jaze-kabia,2019-07-11,19/20,Cobh Ramblers,Shelbourne,free transfer,-,free
jaze-kabia,2019-01-01,18/19,Cobh Academy,Cobh Ramblers,-,-,
jesse-dempsey,2026-07-31,26/27,Waterford FC,Fleetwood,loan transfer,€75k,loan
jesse-dempsey,2024-07-13,24/25,Lecce U20,Waterford FC,free transfer,€25k,free
jesse-dempsey,2024-01-11,23/24,UCD,Lecce U19,?,€50k,
jesse-dempsey,2023-01-01,22/23,WFC Academy,UCD,free transfer,-,free
jesse-dempsey,2021-02-01,20/21,Wexford Academy,WFC Academy,free transfer,-,free
jesse-nwabueze,2026-07-01,26/27,Aveley,King's Lynn,free transfer,-,free
jesse-nwabueze,2025-11-01,25/26,Maidstone,Aveley,free transfer,-,free
jesse-nwabueze,2025-08-01,25/26,Bath City,Maidstone,free transfer,-,free
jesse-nwabueze,2025-02-04,24/25,Ipswich U21,Bath City,free transfer,-,free
jesse-nwabueze,2023-07-01,23/24,Ipswich U18,Ipswich U21,-,-,
jesse-nwabueze,2021-10-08,21/22,Bury Town,Ipswich U18,End of loan,-,loan end
jesse-nwabueze,2021-09-10,21/22,Ipswich U18,Bury Town,loan transfer,-,loan
jesse-nwabueze,2020-07-01,20/21,Ipswich Town Yo,Ipswich U18,-,-,
jevon-mills,2026-07-07,26/27,Halifax Town,Solihull Moors,free transfer,-,free
jevon-mills,2025-08-09,25/26,Hull U21,Halifax Town,free transfer,€75k,free
jevon-mills,2024-11-30,24/25,Bohemians,Hull U21,End of loan,€75k,loan end
jevon-mills,2024-02-22,23/24,Hull U21,Bohemians,loan transfer,-,loan
jevon-mills,2023-05-31,22/23,Solihull Moors,Hull U21,End of loan,-,loan end
jevon-mills,2023-02-10,22/23,Hull U21,Solihull Moors,loan transfer,-,loan
jevon-mills,2022-11-14,22/23,Gateshead,Hull U21,End of loan,-,loan end
jevon-mills,2022-09-01,22/23,Hull U21,Gateshead,loan transfer,-,loan
jevon-mills,2022-07-01,22/23,Hull U18,Hull U21,-,-,
jevon-mills,2022-05-02,21/22,Falkirk,Hull U18,End of loan,-,loan end
jevon-mills,2022-01-27,21/22,Hull U18,Falkirk,loan transfer,-,loan
jimmy-dunne,2021-07-13,21/22,Burnley,QPR,free transfer,€600k,free
jimmy-dunne,2020-07-01,20/21,FC Burnley U23,Burnley,-,€300k,
jimmy-dunne,2020-01-01,19/20,Fleetwood,FC Burnley U23,End of loan,€300k,loan end
jimmy-dunne,2019-09-02,19/20,FC Burnley U23,Fleetwood,loan transfer,€300k,loan
jimmy-dunne,2019-05-31,19/20,Sunderland,FC Burnley U23,End of loan,€300k,loan end
jimmy-dunne,2019-01-09,18/19,FC Burnley U23,Sunderland,loan transfer,€300k,loan
jimmy-dunne,2019-01-06,18/19,Heart of Midl.,FC Burnley U23,End of loan,€300k,loan end
jimmy-dunne,2018-08-21,18/19,FC Burnley U23,Heart of Midl.,loan transfer,-,loan
jimmy-dunne,2018-05-31,17/18,Accrington,FC Burnley U23,End of loan,-,loan end
jimmy-dunne,2018-01-04,17/18,FC Burnley U23,Accrington,loan transfer,-,loan
jimmy-dunne,2018-01-01,17/18,Barrow,FC Burnley U23,End of loan,-,loan end
jimmy-dunne,2017-07-05,17/18,FC Burnley U23,Barrow,loan transfer,-,loan
jimmy-dunne,2016-07-13,16/17,Man Utd U18,FC Burnley U23,free transfer,-,free
jimmy-dunne,2014-07-01,14/15,Man Utd Youth,Man Utd U18,-,-,
jimmy-keohane,2024-07-01,24/25,Rochdale,Galway United,free transfer,-,free
jimmy-keohane,2019-02-01,18/19,Cork City,Rochdale,free transfer,€100k,free
jimmy-keohane,2017-01-01,16/17,Sligo Rovers,Cork City,free transfer,€100k,free
jimmy-keohane,2016-01-08,15/16,Woking,Sligo Rovers,free transfer,€100k,free
jimmy-keohane,2015-08-31,15/16,Exeter City,Woking,free transfer,€100k,free
jimmy-keohane,2011-08-17,11/12,Bristol City,Exeter City,free transfer,€100k,free
jimmy-keohane,2011-01-24,10/11,Clevedon Town FC,Bristol City,End of loan,€100k,loan end
jimmy-keohane,2010-11-17,10/11,Bristol City,Clevedon Town FC,loan transfer,€100k,loan
jimmy-keohane,2010-07-01,10/11,Wexford Youths,Bristol City,free transfer,-,free
jimmy-keohane,2009-01-01,08/09,Belvedere FC,Wexford Youths,free transfer,-,free
jimmy-mwanga,2026-07-16,26/27,El Mahalla,Without Club,-,€150k,
jimmy-mwanga,2026-01-01,25/26,Yenicami AK,El Mahalla,free transfer,-,free
jimmy-mwanga,2025-07-25,25/26,Vorwärts Steyr,Yenicami AK,free transfer,-,free
jimmy-mwanga,2025-02-04,24/25,QD Red Lions,Vorwärts Steyr,free transfer,-,free
jimmy-mwanga,2024-07-01,24/25,A. Yesilova SK,QD Red Lions,free transfer,-,free
jimmy-mwanga,2024-01-17,23/24,PO Ormidias,A. Yesilova SK,free transfer,-,free
jimmy-mwanga,2023-07-01,23/24,Without Club,PO Ormidias,-,-,
jimmy-mwanga,2023-01-01,22/23,Bruck/L.,Without Club,-,-,
jimmy-mwanga,2022-07-01,22/23,Oly. Lympion,Bruck/L.,free transfer,-,free
jimmy-mwanga,2022-01-12,21/22,Lewis FC,Oly. Lympion,free transfer,-,free
jimmy-mwanga,2019-09-01,19/20,EFSC Titans,Lewis FC,free transfer,-,free
jimmy-mwanga,2017-09-01,17/18,Nike Academy,EFSC Titans,free transfer,-,free
jimmy-mwanga,2016-07-01,16/17,Unknown,Nike Academy,free transfer,-,free
joe-byrne,1985-07-01,85/86,Home Farm,Retired,-,-,
joe-byrne,1984-07-01,84/85,Unknown,Home Farm,?,-,
joe-carroll-byrne,2026-02-05,25/26,Pat's Academy,St. Pat's,-,-,
joe-gardner,2026-07-28,26/27,Nottingham U21,Falkirk,?,€200k,
joe-gardner,2026-06-30,25/26,Mansfield Town,Nottingham U21,End of loan,€200k,loan end
joe-gardner,2025-07-14,25/26,Nottingham U21,Mansfield Town,loan transfer,€200k,loan
joe-gardner,2025-06-30,24/25,Lincoln City,Nottingham U21,End of loan,€200k,loan end
joe-gardner,2025-01-31,24/25,Nottingham U21,Lincoln City,loan transfer,€150k,loan
joe-gardner,2023-07-01,23/24,Nottingham U18,Nottingham U21,-,-,
joe-gorman,2026-07-01,26/27,Newington,Armagh City,free transfer,-,free
joe-gorman,2025-07-01,25/26,Bluebell United,Newington,free transfer,-,free
joe-gorman,2025-01-09,24/25,Finn Harps,Bluebell United,free transfer,-,free
joe-gorman,2025-01-01,24/25,Bluebell United,Finn Harps,free transfer,-,free
joe-gorman,2024-07-01,24/25,Warrenpoint,Bluebell United,free transfer,-,free
joe-gorman,2023-07-11,23/24,Lucan United,Warrenpoint,free transfer,-,free
joe-gorman,2023-01-01,22/23,Bray Wanderers,Lucan United,free transfer,-,free
joe-gorman,2022-07-15,22/23,Treaty United,Bray Wanderers,free transfer,-,free
joe-gorman,2022-01-31,21/22,Galway United,Treaty United,free transfer,-,free
joe-gorman,2021-07-02,21/22,Longford Town,Galway United,free transfer,-,free
joe-gorman,2020-01-22,19/20,Cliftonville,Longford Town,free transfer,-,free
joe-gorman,2018-12-24,18/19,Clyde FC,Cliftonville,free transfer,-,free
joe-gorman,2018-07-01,18/19,Blyth Spartans,Clyde FC,free transfer,€25k,free
joe-gorman,2018-02-16,17/18,Biggleswade,Blyth Spartans,free transfer,€25k,free
joe-gorman,2017-08-30,17/18,Airdrieonians,Biggleswade,free transfer,€25k,free
joe-gorman,2016-07-01,16/17,Without Club,Airdrieonians,-,€25k,
joe-gorman,2016-02-29,15/16,Maidenhead Utd.,Without Club,-,€25k,
joe-gorman,2016-01-11,15/16,Drogheda United,Maidenhead Utd.,free transfer,€25k,free
joe-gorman,2015-01-15,14/15,Bray Wanderers,Drogheda United,free transfer,€25k,free
joe-gorman,2014-07-01,14/15,Inverness CT,Bray Wanderers,free transfer,€25k,free
joe-gorman,2013-07-01,13/14,Crewe U18,Inverness CT,free transfer,-,free
joe-hodge,2026-08-12,26/27,Tondela,Motherwell FC,?,€700k,
joe-hodge,2025-07-18,25/26,Wolves,Tondela,free transfer,€1.00m,free
joe-hodge,2025-05-31,24/25,Huddersfield,Wolves,End of loan,€1.20m,loan end
joe-hodge,2024-08-28,24/25,Wolves,Huddersfield,loan transfer,€1.50m,loan
joe-hodge,2024-05-31,23/24,QPR,Wolves,End of loan,€1.50m,loan end
joe-hodge,2024-02-01,23/24,Wolves,QPR,loan transfer,€1.80m,loan
joe-hodge,2022-07-01,22/23,Wolves U21,Wolves,-,-,
joe-hodge,2021-08-27,21/22,Man City U23,Wolves U23,?,-,
joe-hodge,2021-05-31,20/21,Derry City,Man City U23,End of loan,-,loan end
joe-hodge,2021-02-10,20/21,Man City U23,Derry City,loan transfer,-,loan
joe-hodge,2020-07-01,20/21,Man City U18,Man City U23,-,-,
joe-hodge,2018-07-01,18/19,Man City Youth,Man City U18,-,-,
joe-obrien-whitmarsh,2026-08-17,26/27,Southampton U21,Northampton,?,€200k,
joe-obrien-whitmarsh,2025-05-31,24/25,Accrington,Southampton U21,End of loan,€300k,loan end
joe-obrien-whitmarsh,2025-02-03,24/25,Southampton U21,Accrington,loan transfer,€300k,loan
joe-obrien-whitmarsh,2024-01-12,23/24,Cork City,Southampton U21,?,€100k,
joe-obrien-whitmarsh,2021-08-01,21/22,Cork Academy,Cork City,-,-,
joe-quigley,2026-02-02,25/26,Oldham Athletic,Bristol Rovers,?,€75k,
joe-quigley,2025-08-07,25/26,Forest Green,Oldham Athletic,free transfer,-,free
joe-quigley,2024-08-30,24/25,Chesterfield,Forest Green,?,-,
joe-quigley,2022-01-21,21/22,Yeovil Town,Chesterfield,?,-,
joe-quigley,2020-10-13,20/21,Dag & Red FC,Yeovil Town,free transfer,-,free
joe-quigley,2020-04-08,19/20,Billericay,Dag & Red FC,End of loan,-,loan end
joe-quigley,2020-03-09,19/20,Dag & Red FC,Billericay,loan transfer,-,loan
joe-quigley,2019-07-11,19/20,Bromley,Dag & Red FC,free transfer,-,free
joe-quigley,2019-05-31,18/19,Havant & Water.,Bromley,End of loan,-,loan end
joe-quigley,2019-01-28,18/19,Bromley,Havant & Water.,loan transfer,€100k,loan
joe-quigley,2019-01-27,18/19,Eastbourne,Bromley,End of loan,€100k,loan end
joe-quigley,2019-01-01,18/19,Bromley,Eastbourne,loan transfer,€100k,loan
joe-quigley,2018-10-18,18/19,Maidstone,Bromley,free transfer,€100k,free
joe-quigley,2018-07-09,18/19,Bournemouth U23,Maidstone,free transfer,€100k,free
joe-quigley,2018-05-31,17/18,Boreham Wood,Bournemouth U23,End of loan,€100k,loan end
joe-quigley,2018-01-08,17/18,Bournemouth U23,Boreham Wood,loan transfer,€100k,loan
joe-quigley,2018-01-04,17/18,Newport County,Bournemouth U23,End of loan,€100k,loan end
joe-quigley,2017-08-18,17/18,Bournemouth U23,Newport County,loan transfer,€100k,loan
joe-quigley,2017-05-31,16/17,Gillingham,Bournemouth U23,End of loan,€100k,loan end
joe-quigley,2016-07-07,16/17,Bournemouth U23,Gillingham,loan transfer,-,loan
joe-quigley,2016-05-31,15/16,Woking,Bournemouth U21,End of loan,-,loan end
joe-quigley,2015-11-20,15/16,Bournemouth U21,Woking,loan transfer,-,loan
joe-quigley,2015-11-01,15/16,Wrexham,Bournemouth U21,End of loan,-,loan end
joe-quigley,2015-10-01,15/16,Bournemouth U21,Wrexham,loan transfer,-,loan
joe-quigley,2015-09-06,15/16,Torquay,Bournemouth U21,End of loan,-,loan end
joe-quigley,2015-08-06,15/16,Bournemouth U21,Torquay,loan transfer,-,loan
joe-quigley,2015-07-01,15/16,Bournemouth U18,Bournemouth U21,-,-,
joe-rafferty,2024-07-01,24/25,Portsmouth,Rotherham,free transfer,€350k,free
joe-rafferty,2022-07-01,22/23,Preston,Portsmouth,free transfer,€300k,free
joe-rafferty,2019-01-23,18/19,Rochdale,Preston,?,€125k,
joe-rafferty,2012-07-06,12/13,Liverpool U21,Rochdale,free transfer,-,free
joe-rafferty,2011-07-01,11/12,Liverpool U18,Liverpool Res.,-,-,
joe-redmond,2022-01-01,21/22,Drogheda United,St. Pat's,free transfer,€75k,free
joe-redmond,2021-08-11,21/22,Birmingham U23,Drogheda United,free transfer,-,free
joe-redmond,2020-05-22,19/20,Cork City,Birmingham U23,End of loan,-,loan end
joe-redmond,2020-01-31,19/20,Birmingham U23,Cork City,loan transfer,-,loan
joe-redmond,2018-07-01,18/19,Birmingham U18,Birmingham U23,-,-,
joe-redmond,2016-07-01,16/17,St. Josephs Boys,Birmingham U18,?,-,
joe-shaughnessy,2025-07-09,25/26,Dundee FC,Newcastle,free transfer,€150k,free
joe-shaughnessy,2023-07-01,23/24,St. Mirren,Dundee FC,free transfer,€400k,free
joe-shaughnessy,2020-07-20,20/21,Southend United,St. Mirren,free transfer,€400k,free
joe-shaughnessy,2019-08-01,19/20,St. Johnstone,Southend United,free transfer,€500k,free
joe-shaughnessy,2015-07-01,15/16,Aberdeen FC,St. Johnstone,free transfer,€300k,free
joe-shaughnessy,2014-12-31,14/15,Falkirk,Aberdeen FC,End of loan,€300k,loan end
joe-shaughnessy,2014-09-01,14/15,Aberdeen FC,Falkirk,loan transfer,€300k,loan
joe-shaughnessy,2012-05-06,11/12,Forfar Athletic,Aberdeen FC,End of loan,€50k,loan end
joe-shaughnessy,2011-08-30,11/12,Aberdeen FC,Forfar Athletic,loan transfer,€50k,loan
joe-shaughnessy,2011-07-01,11/12,Aberdeen FC U20,Aberdeen FC,-,-,
joe-shaughnessy,2009-07-01,09/10,Mervue Academy,Aberdeen FC U20,?,-,
joel-bagan,2024-06-30,23/24,Zulte Waregem,Cardiff,End of loan,€350k,loan end
joel-bagan,2023-08-11,23/24,Cardiff,Zulte Waregem,loan transfer,€500k,loan
joel-bagan,2020-08-04,20/21,Cardiff U18,Cardiff,-,-,
joel-bagan,2020-08-03,19/20,Notts County,Cardiff U18,End of loan,-,loan end
joel-bagan,2020-02-14,19/20,Cardiff U18,Notts County,loan transfer,-,loan
joel-bagan,2018-07-01,18/19,Southampton Aca,Cardiff U18,free transfer,-,free
joey-wuna,2026-02-05,25/26,Shels Academy,Shelbourne,-,-,
john-egan,2025-02-03,24/25,Burnley,Hull City,?,€1.80m,
john-egan,2024-09-10,24/25,Without Club,Burnley,-,€4.00m,
john-egan,2024-07-01,24/25,Sheff Utd,Without Club,-,€4.00m,
john-egan,2018-07-19,18/19,Brentford,Sheff Utd,€4.50m,€1.50m,fee
john-egan,2016-07-01,16/17,Gillingham,Brentford,free transfer,€400k,free
john-egan,2014-07-03,14/15,Sunderland,Gillingham,free transfer,-,free
john-egan,2014-05-31,13/14,Southend United,Sunderland,End of loan,-,loan end
john-egan,2014-02-27,13/14,Sunderland,Southend United,loan transfer,-,loan
john-egan,2012-11-21,12/13,Bradford,Sunderland,End of loan,-,loan end
john-egan,2012-11-03,12/13,Sunderland,Bradford,loan transfer,-,loan
john-egan,2012-04-06,11/12,Sheff Utd,Sunderland,End of loan,-,loan end
john-egan,2012-03-06,11/12,Sunderland,Sheff Utd,loan transfer,-,loan
john-egan,2012-02-06,11/12,Crystal Palace,Sunderland,End of loan,-,loan end
john-egan,2012-01-06,11/12,Sunderland,Crystal Palace,loan transfer,-,loan
john-egan,2011-07-01,11/12,Sunderland U18,Sunderland,-,-,
john-egan,2009-07-01,09/10,Greenwood,Sunderland U18,?,-,
john-mahon,2026-01-01,25/26,Sligo Rovers,Waterford FC,free transfer,€100k,free
john-mahon,2023-01-13,22/23,St. Johnstone,Sligo Rovers,free transfer,€125k,free
john-mahon,2022-01-23,21/22,Sligo Rovers,St. Johnstone,€125k,€125k,fee
john-mahon,2018-01-01,17/18,Sligo Academy,Sligo Rovers,-,-,
john-martin,2024-01-01,23/24,Dundalk FC,Shelbourne,free transfer,€125k,free
john-martin,2022-01-01,21/22,Waterford FC,Dundalk FC,free transfer,€75k,free
john-martin,2019-11-30,19/20,Bray Wanderers,Waterford FC,End of loan,-,loan end
john-martin,2019-07-15,19/20,Waterford FC,Bray Wanderers,loan transfer,-,loan
john-martin,2017-01-01,16/17,WFC Academy,Waterford FC,-,-,
john-mountney,2026-01-16,25/26,Bohemians,Glenavon,free transfer,€75k,free
john-mountney,2025-01-01,24/25,Dundalk FC,Bohemians,free transfer,€75k,free
john-mountney,2022-01-01,21/22,St. Pat's,Dundalk FC,free transfer,€100k,free
john-mountney,2021-01-07,20/21,Dundalk FC,St. Pat's,free transfer,-,free
john-mountney,2012-01-01,11/12,Mervue United,Dundalk FC,free transfer,-,free
john-mountney,2011-01-01,10/11,Mervue Academy,Mervue United,-,-,
john-osullivan,2025-11-30,25/26,Drogheda United,Shamrock Rovers,End of loan,€50k,loan end
john-osullivan,2025-07-14,25/26,Shamrock Rovers,Drogheda United,loan transfer,€50k,loan
john-osullivan,2024-11-30,24/25,Bray Wanderers,Shamrock Rovers,End of loan,-,loan end
john-osullivan,2024-07-28,24/25,Shamrock Rovers,Bray Wanderers,loan transfer,-,loan
john-osullivan,2024-02-16,23/24,Rovers Academy,Shamrock Rovers,-,-,
john-patrick,2025-01-15,24/25,Getafe CF B,Stade Reims,€1.20m,€200k,fee
john-patrick,2022-07-01,22/23,Getafe U19,Getafe CF B,-,€1.00m,
john-patrick,2020-07-01,20/21,Getafe CF Youth,Getafe U19,-,-,
john-ross-wilson,2025-06-14,24/25,Without Club,Dundalk FC,-,-,
john-ross-wilson,2025-05-22,24/25,Athlone Town,Without Club,-,-,
john-ross-wilson,2025-01-01,24/25,Sligo Rovers,Athlone Town,free transfer,€125k,free
john-ross-wilson,2024-01-01,23/24,Shelbourne,Sligo Rovers,free transfer,€100k,free
john-ross-wilson,2021-01-01,20/21,Bray Wanderers,Shelbourne,free transfer,-,free
john-ross-wilson,2020-01-01,19/20,Shelbourne,Bray Wanderers,free transfer,-,free
john-ross-wilson,2018-07-03,18/19,Bohemians,Shelbourne,free transfer,-,free
john-ross-wilson,2018-01-01,17/18,Bohs Academy,Bohemians,-,-,
john-ross-wilson,2016-07-01,16/17,Bray Academy,Bohs Academy,free transfer,-,free
john-ross-wilson,2015-07-01,15/16,Kilnamanagh,Bray Academy,free transfer,-,free
john-russell,2022-01-01,21/22,Sligo Rovers,Retired,-,€10k,
john-russell,2019-01-01,18/19,Westport United,Sligo Rovers,free transfer,€50k,free
john-russell,2018-01-01,17/18,Sligo Rovers,Westport United,free transfer,€50k,free
john-russell,2014-01-01,13/14,St. Pat's,Sligo Rovers,free transfer,€50k,free
john-russell,2012-01-01,11/12,Sligo Rovers,St. Pat's,free transfer,€50k,free
john-russell,2010-01-01,09/10,Galway United,Sligo Rovers,free transfer,-,free
john-russell,2004-07-01,04/05,SD Academy,Galway United,free transfer,-,free
johnny-kenny,2026-06-30,25/26,Bolton,Celtic,End of loan,€1.20m,loan end
johnny-kenny,2026-02-02,25/26,Celtic,Bolton,loan transfer,€600k,loan
johnny-kenny,2024-12-31,24/25,Shamrock Rovers,Celtic,End of loan,€225k,loan end
johnny-kenny,2023-01-01,22/23,Celtic,Shamrock Rovers,loan transfer,€150k,loan
johnny-kenny,2022-12-31,22/23,Queen's Park,Celtic,End of loan,€150k,loan end
johnny-kenny,2022-08-20,22/23,Celtic,Queen's Park,loan transfer,€175k,loan
johnny-kenny,2022-01-08,21/22,Sligo Rovers,Celtic,€150k,€175k,fee
johnny-kenny,2021-01-23,20/21,Sligo Academy,Sligo Rovers,-,-,
jon-gallagher,2020-12-13,20/21,Atlanta,Austin,€205k,€500k,fee
jon-gallagher,2020-05-31,19/20,Aberdeen FC,Atlanta,End of loan,€300k,loan end
jon-gallagher,2019-07-01,19/20,Atlanta,Aberdeen FC,loan transfer,€200k,loan
jon-gallagher,2019-06-30,18/19,ATL UTD 2,Atlanta,End of loan,€200k,loan end
jon-gallagher,2019-03-08,18/19,Atlanta,ATL UTD 2,loan transfer,€150k,loan
jon-gallagher,2018-11-30,18/19,ATL UTD 2,Atlanta,End of loan,€150k,loan end
jon-gallagher,2018-03-23,17/18,Atlanta,ATL UTD 2,loan transfer,€50k,loan
jon-gallagher,2018-01-19,17/18,Notre Dame,Atlanta,draft,-,fee
jon-gallagher,2014-08-01,14/15,LCS U21,Notre Dame,?,-,
jonathan-afolabi,2026-07-05,26/27,KV Kortrijk,Shamrock Rovers,free transfer,€200k,free
jonathan-afolabi,2025-06-30,24/25,SC Cambuur,KV Kortrijk,End of loan,€275k,loan end
jonathan-afolabi,2024-09-02,24/25,KV Kortrijk,SC Cambuur,loan transfer,€400k,loan
jonathan-afolabi,2024-01-01,23/24,Bohemians,KV Kortrijk,€250k,€250k,fee
jonathan-afolabi,2022-08-05,22/23,Celtic,Bohemians,free transfer,€175k,free
jonathan-afolabi,2022-05-16,20/21,Airdrieonians,Celtic,End of loan,€175k,loan end
jonathan-afolabi,2022-02-11,21/22,Celtic,Airdrieonians,loan transfer,€175k,loan
jonathan-afolabi,2022-02-10,21/22,Ayr United,Celtic,End of loan,€175k,loan end
jonathan-afolabi,2021-08-02,21/22,Celtic,Ayr United,loan transfer,€175k,loan
jonathan-afolabi,2021-07-01,21/22,Celtic B,Celtic,-,€175k,
jonathan-afolabi,2021-05-31,20/21,Dundee FC,Celtic B,End of loan,€175k,loan end
jonathan-afolabi,2020-09-29,20/21,Celtic B,Dundee FC,loan transfer,€100k,loan
jonathan-afolabi,2020-04-30,19/20,Dunfermline A.,Celtic B,End of loan,€75k,loan end
jonathan-afolabi,2020-01-27,19/20,Celtic B,Dunfermline A.,loan transfer,€75k,loan
jonathan-afolabi,2019-08-21,19/20,Southampt. U23,Celtic B,free transfer,€75k,free
jonathan-afolabi,2018-07-01,18/19,Southampton U18,Southampt. U23,-,-,
jonathan-afolabi,2016-07-01,16/17,St. Josephs Boys,Southampton U18,?,-,
jonathan-lunney,2021-01-01,20/21,Bohemians,Shelbourne,free transfer,-,free
jonathan-lunney,2020-01-01,19/20,Waterford FC,Bohemians,free transfer,-,free
jonathan-lunney,2019-01-01,18/19,Bohemians,Waterford FC,free transfer,-,free
jonathan-lunney,2018-01-01,17/18,St. Pat's,Bohemians,free transfer,-,free
jonathan-lunney,2017-01-01,16/17,Pat's Academy,St. Pat's,-,-,
jonathan-lunney,2016-07-01,16/17,Preston U19,Pat's Academy,free transfer,-,free
jonathan-lunney,2014-07-01,14/15,Malahide United,Preston U19,?,-,
jonny-smith,2026-08-04,26/27,Wigan,Rochdale,free transfer,€175k,free
jonny-smith,2026-05-31,25/26,Gillingham,Wigan,End of loan,€175k,loan end
jonny-smith,2025-09-01,25/26,Wigan,Gillingham,loan transfer,€250k,loan
jonny-smith,2023-07-01,23/24,Burton Albion,Wigan,free transfer,€300k,free
jonny-smith,2021-01-29,20/21,Bristol City U23,Burton Albion,?,-,
jonny-smith,2021-01-28,20/21,Swindon Town,Bristol City U23,End of loan,-,loan end
jonny-smith,2020-08-28,20/21,Bristol City U23,Swindon Town,loan transfer,-,loan
jonny-smith,2020-05-31,19/20,Oldham Athletic,Bristol City U23,End of loan,-,loan end
jonny-smith,2019-09-02,19/20,Bristol City U23,Oldham Athletic,loan transfer,-,loan
jonny-smith,2019-05-31,18/19,Tranmere,Bristol City U23,End of loan,-,loan end
jonny-smith,2018-07-10,18/19,Bristol City U23,Tranmere,loan transfer,-,loan
jonny-smith,2018-05-31,17/18,Fylde,Bristol City U23,End of loan,-,loan end
jonny-smith,2017-08-05,17/18,Bristol City U23,Fylde,loan transfer,-,loan
jonny-smith,2017-01-19,16/17,Cheltenham,Bristol City U23,End of loan,-,loan end
jonny-smith,2016-08-19,16/17,Bristol City U23,Cheltenham,loan transfer,-,loan
jonny-smith,2016-07-01,16/17,Wrexham U18,Bristol City U23,?,-,
jordan-adeyemo,2025-02-06,24/25,Longford Town,Aegir,free transfer,-,free
jordan-adeyemo,2024-04-16,23/24,Without Club,Longford Town,-,-,
jordan-adeyemo,2024-01-01,23/24,Longford Town,Without Club,-,-,
jordan-adeyemo,2023-07-03,23/24,Wexford FC,Longford Town,free transfer,-,free
jordan-adeyemo,2023-01-01,22/23,Longford Town,Wexford FC,free transfer,-,free
jordan-adeyemo,2022-07-08,22/23,Galway United,Longford Town,free transfer,€50k,free
jordan-adeyemo,2022-01-01,21/22,Drogheda United,Galway United,free transfer,€50k,free
jordan-adeyemo,2019-01-01,18/19,Drogs Academy,Drogheda United,-,-,
jordan-adeyemo,2018-01-01,17/18,Shels Academy,Drogs Academy,free transfer,-,free
jordan-doherty,2026-07-01,26/27,Raith Rovers,Livingston FC,free transfer,€150k,free
jordan-doherty,2025-01-01,24/25,TB Rowdies,Raith Rovers,free transfer,€200k,free
jordan-doherty,2023-01-31,22/23,Bohemians,TB Rowdies,free transfer,€150k,free
jordan-doherty,2022-01-01,21/22,TB Rowdies,Bohemians,free transfer,€200k,free
jordan-doherty,2020-01-24,19/20,Sheff Utd U18,TB Rowdies,free transfer,€175k,free
jordan-doherty,2019-11-30,19/20,TB Rowdies,Sheff Utd U18,End of loan,€175k,loan end
jordan-doherty,2019-02-05,18/19,Sheff Utd U18,TB Rowdies,loan transfer,-,loan
jordan-mceneff,2024-08-19,24/25,Derry City,Larne FC,?,€150k,
jordan-mceneff,2022-08-19,22/23,Arsenal U21,Derry City,free transfer,€50k,free
jordan-mceneff,2022-06-30,21/22,Shelbourne,Arsenal U23,End of loan,-,loan end
jordan-mceneff,2022-02-07,21/22,Arsenal U23,Shelbourne,loan transfer,-,loan
jordan-mceneff,2019-07-01,19/20,Arsenal U18,Arsenal U23,-,-,
jordan-mceneff,2017-07-01,17/18,Arsenal Youth,Arsenal U18,-,-,
jordan-mceneff,2016-07-01,16/17,Derry Academy,Arsenal Youth,?,-,
jordan-shipley,2026-07-01,26/27,Port Vale,Cheltenham,?,€250k,
jordan-shipley,2025-07-01,25/26,Shrewsbury,Port Vale,free transfer,€275k,free
jordan-shipley,2022-07-01,22/23,Coventry,Shrewsbury,?,€300k,
jordan-shipley,2017-07-01,17/18,Coventry U21,Coventry,-,-,
josh-adam,2026-08-03,26/27,C. Budejovice,Bohemians,free transfer,€150k,free
josh-adam,2025-08-01,25/26,Wrexham,C. Budejovice,free transfer,-,free
josh-adam,2024-09-09,24/25,Man City U21,Wrexham,free transfer,-,free
josh-adam,2022-07-01,22/23,Man City U18,Man City U21,-,-,
josh-adam,2020-07-01,20/21,Celtic U18,Man City U18,?,-,
josh-barrett,2026-07-01,26/27,Aldershot,Dorking,?,-,
josh-barrett,2024-01-22,23/24,King's Lynn,Aldershot,free transfer,-,free
josh-barrett,2021-10-13,21/22,Without Club,King's Lynn,-,-,
josh-barrett,2021-09-01,21/22,Bristol Rovers,Without Club,-,-,
josh-barrett,2020-01-07,19/20,Reading,Bristol Rovers,?,€300k,
josh-barrett,2018-12-10,18/19,Aldershot,Reading,End of loan,-,loan end
josh-barrett,2018-11-09,18/19,Reading,Aldershot,loan transfer,-,loan
josh-barrett,2018-07-01,18/19,Reading U23,Reading,-,-,
josh-barrett,2018-05-31,17/18,Coventry,Reading U23,End of loan,-,loan end
josh-barrett,2018-01-02,17/18,Reading U23,Coventry,loan transfer,-,loan
josh-barrett,2016-07-01,16/17,Reading U18,Reading U23,-,-,
josh-barrett,2014-07-01,14/15,Reading Yth.,Reading U18,-,-,
josh-cullen,2025-02-11,24/25,Harps Academy,Finn Harps,-,-,
josh-harpur,2025-07-18,25/26,Bohs Academy,Bohemians,-,-,
josh-honohan,2026-01-01,25/26,Shamrock Rovers,Lincoln City,€500k,€300k,fee
josh-honohan,2024-01-01,23/24,Cork City,Shamrock Rovers,€20k,€75k,fee
josh-honohan,2020-07-01,20/21,Cork Academy,Cork City,-,-,
josh-honohan,2018-02-01,17/18,Carrigaline,Cork Academy,free transfer,-,free
josh-keeley,2025-07-19,25/26,Tottenham U21,Luton,€1.15m,€550k,fee
josh-keeley,2025-05-31,24/25,Leyton Orient,Tottenham U21,End of loan,€300k,loan end
josh-keeley,2024-08-30,24/25,Tottenham U21,Leyton Orient,loan transfer,€200k,loan
josh-keeley,2024-05-31,23/24,Barnet,Tottenham U21,End of loan,€200k,loan end
josh-keeley,2024-01-04,23/24,Tottenham U21,Barnet,loan transfer,€200k,loan
josh-keeley,2022-07-01,22/23,St. Pat's,Tottenham U21,free transfer,€25k,free
josh-keeley,2020-11-09,20/21,Pat's Academy,St. Pat's,-,-,
josh-mcpake,2026-07-01,26/27,St. Johnstone,Heart of Midl.,free transfer,€500k,free
josh-mcpake,2024-07-01,24/25,Stirling Albion,St. Johnstone,free transfer,-,free
josh-mcpake,2024-02-23,23/24,Without Club,Stirling Albion,-,€125k,
josh-mcpake,2023-09-01,23/24,Rangers,Without Club,-,€125k,
josh-mcpake,2023-05-31,22/23,Queen's Park,Rangers,End of loan,€125k,loan end
josh-mcpake,2022-07-23,22/23,Rangers,Queen's Park,loan transfer,€75k,loan
josh-mcpake,2022-07-01,22/23,Rangers B,Rangers,-,€75k,
josh-mcpake,2022-05-31,21/22,Tranmere,Rangers B,End of loan,€75k,loan end
josh-mcpake,2022-01-05,21/22,Rangers B,Tranmere,loan transfer,€75k,loan
josh-mcpake,2022-01-04,21/22,Morecambe FC,Rangers B,End of loan,€75k,loan end
josh-mcpake,2021-07-01,21/22,Rangers B,Morecambe FC,loan transfer,€75k,loan
josh-mcpake,2021-05-31,20/21,Harrogate Town,Rangers B,End of loan,€75k,loan end
josh-mcpake,2021-01-08,20/21,Rangers B,Harrogate Town,loan transfer,€75k,loan
josh-mcpake,2020-12-28,20/21,Morton,Rangers B,End of loan,€75k,loan end
josh-mcpake,2020-09-25,20/21,Rangers B,Morton,loan transfer,€75k,loan
josh-mcpake,2020-01-13,19/20,Dundee FC,Rangers B,End of loan,€75k,loan end
josh-mcpake,2019-08-20,19/20,Rangers B,Dundee FC,loan transfer,-,loan
josh-mcpake,2019-07-01,19/20,Rangers FC U18,Rangers B,-,-,
josh-mcpake,2017-07-01,17/18,Rangers Youth,Rangers FC U18,-,-,
josh-mcpake,2013-07-01,13/14,Hibernian Yth.,Rangers Youth,free transfer,-,free
josh-obrien,2024-02-01,23/24,Hamilton Acad.,Indy Eleven,?,-,
josh-obrien,2023-08-07,23/24,Salford B,Hamilton Acad.,free transfer,-,free
josh-obrien,2023-03-14,22/23,Telford Utd,Salford B,End of loan,-,loan end
josh-obrien,2022-12-12,22/23,Salford B,Telford Utd,loan transfer,-,loan
josh-obrien,2022-07-08,22/23,Watford U21,Salford B,free transfer,-,free
josh-obrien,2021-08-04,21/22,De Anza Force,Watford U23,free transfer,-,free
josh-obrien,2019-07-01,19/20,Seattle Academy,De Anza Force,free transfer,-,free
josh-oconnor,2026-02-05,25/26,Pat's Academy,St. Pat's,-,-,
josh-odwyer,2026-07-01,26/27,Rovers Academy,FC Liefering,free transfer,-,free
josh-okpolokpo,2026-07-15,26/27,Džiugas,Without Club,-,€150k,
josh-okpolokpo,2026-01-13,25/26,SJK Seinäjoki,Džiugas,free transfer,€50k,free
josh-okpolokpo,2025-07-18,25/26,Concordia,SJK Seinäjoki,free transfer,€50k,free
josh-okpolokpo,2024-09-11,24/25,NK Triglav,Concordia,?,€25k,
josh-okpolokpo,2024-02-01,23/24,Dulwich Hamlet,NK Triglav,?,-,
josh-okpolokpo,2023-11-01,23/24,Sudbury,Dulwich Hamlet,free transfer,-,free
josh-okpolokpo,2023-08-09,23/24,Leiston,Sudbury,free transfer,-,free
josh-okpolokpo,2023-05-31,22/23,Gorleston,Leiston,End of loan,-,loan end
josh-okpolokpo,2022-10-13,22/23,Leiston,Gorleston,loan transfer,-,loan
josh-okpolokpo,2022-09-20,22/23,Without Club,Leiston,-,-,
josh-okpolokpo,2020-07-01,20/21,Huddersf. U17,Huddersf. U19,-,-,
josh-okpolokpo,2019-07-01,19/20,Ipswich Town Yo,Huddersf. U17,?,-,
josh-seary,2026-07-26,26/27,Prescot Cables,Radcliffe,free transfer,-,free
josh-seary,2026-02-27,25/26,FC United,Prescot Cables,free transfer,-,free
josh-seary,2026-01-22,25/26,Preston,FC United,free transfer,€100k,free
josh-seary,2024-11-22,24/25,Larne FC,Preston,End of loan,€100k,loan end
josh-seary,2024-08-27,24/25,Preston,Larne FC,loan transfer,€100k,loan
josh-seary,2023-07-01,23/24,Preston U19,Preston,-,-,
josh-seary,2023-01-02,22/23,Warrington,Preston U19,End of loan,-,loan end
josh-seary,2022-11-14,22/23,Preston U19,Warrington,loan transfer,-,loan
josh-ukek,2026-07-01,26/27,Portadown,Larne FC,free transfer,€100k,free
josh-ukek,2024-08-12,24/25,Bala,Portadown,free transfer,€50k,free
josh-ukek,2023-08-31,23/24,Bluebell United,Bala,free transfer,-,free
josh-ukek,2022-09-20,22/23,Lucan United,Bluebell United,free transfer,-,free
josh-ukek,2022-07-01,22/23,Unknown,Lucan United,free transfer,-,free
josh-ukek,2021-01-01,20/21,Mayfield United,Unknown,free transfer,-,free
joshua-kayode,2026-07-01,26/27,Rotherham,Without Club,-,€100k,
joshua-kayode,2025-01-12,24/25,Shrewsbury,Rotherham,End of loan,€125k,loan end
joshua-kayode,2024-07-26,24/25,Rotherham,Shrewsbury,loan transfer,€150k,loan
joshua-kayode,2024-05-31,23/24,Carlisle United,Rotherham,End of loan,€150k,loan end
joshua-kayode,2023-09-01,23/24,Rotherham,Carlisle United,loan transfer,€150k,loan
joshua-kayode,2023-05-31,22/23,MK Dons,Rotherham,End of loan,€150k,loan end
joshua-kayode,2022-08-29,22/23,Rotherham,MK Dons,loan transfer,€150k,loan
joshua-kayode,2021-05-31,20/21,Carlisle United,Rotherham,End of loan,€50k,loan end
joshua-kayode,2020-08-04,20/21,Rotherham,Carlisle United,loan transfer,€50k,loan
joshua-kayode,2020-05-31,19/20,Carlisle United,Rotherham,End of loan,€50k,loan end
joshua-kayode,2020-01-15,19/20,Rotherham,Carlisle United,loan transfer,€50k,loan
joshua-kayode,2020-01-11,19/20,Gateshead,Rotherham,End of loan,€50k,loan end
joshua-kayode,2019-08-03,19/20,Rotherham,Gateshead,loan transfer,€50k,loan
joshua-kayode,2018-10-20,18/19,Chesterfield,Rotherham,End of loan,-,loan end
joshua-kayode,2018-09-20,18/19,Rotherham,Chesterfield,loan transfer,-,loan
joshua-kayode,2018-07-01,18/19,Rotherham U18,Rotherham,-,-,
joshua-keeya,2026-07-01,26/27,Salisbury,Farnborough,free transfer,-,free
joshua-keeya,2025-07-01,25/26,Hampton & Rich.,Salisbury,free transfer,-,free
joshua-keeya,2024-07-01,24/25,Badshot Lea FC,Hampton & Rich.,free transfer,-,free
joshua-keeya,2023-11-20,23/24,Enfield Town,Badshot Lea FC,free transfer,-,free
joshua-keeya,2023-09-05,23/24,Met Police,Enfield Town,free transfer,-,free
junior-thiam,2025-11-30,25/26,Athlone Town,Galway United,End of loan,-,loan end
junior-thiam,2025-07-23,25/26,Galway United,Athlone Town,loan transfer,-,loan
junior-thiam,2025-05-02,24/25,Galway Academy,Galway United,-,-,
justin-ferizaj,2026-01-26,25/26,Bray Wanderers,Crawley Town,free transfer,-,free
justin-ferizaj,2025-07-31,25/26,Frosinone U19,Bray Wanderers,free transfer,€50k,free
justin-ferizaj,2023-08-22,23/24,Shamrock Rovers,Frosinone U19,?,€100k,
justin-ferizaj,2022-05-27,21/22,Rovers Academy,Shamrock Rovers,-,-,
justin-osagie,2025-10-13,25/26,Without Club,Chelsea U21,-,-,
justin-osagie,2025-07-01,25/26,Peterboro U21,Without Club,-,-,
justin-osagie,2025-03-24,24/25,Peterb Sports,Peterboro U21,End of loan,-,loan end
justin-osagie,2025-02-24,24/25,Peterboro U21,Peterb Sports,loan transfer,-,loan
justin-osagie,2024-10-29,24/25,Without Club,Peterboro U21,free transfer,-,free
justin-osagie,2024-07-01,24/25,Celtic B,Without Club,-,-,
justin-osagie,2022-09-16,22/23,West Ham U18,Celtic B,?,-,
justin-osagie,2020-09-01,20/21,Southend Yth.,West Ham U18,?,-,
kameron-ledwidge,2021-07-30,21/22,Southampt. U23,Shelbourne,free transfer,-,free
kameron-ledwidge,2019-07-01,19/20,Southampton U18,Southampt. U23,-,-,
kameron-ledwidge,2017-07-01,17/18,St. Kevins Boys,Southampton U18,?,-,
kasey-mcateer,2025-08-22,25/26,Leicester,Ipswich,€13.90m,€2.00m,fee
kasey-mcateer,2023-07-01,23/24,Leicester U21,Leicester,-,€250k,
kasey-mcateer,2023-05-31,22/23,AFC Wimbledon,Leicester U21,End of loan,€250k,loan end
kasey-mcateer,2023-01-31,22/23,Leicester U21,AFC Wimbledon,loan transfer,€300k,loan
kasey-mcateer,2022-05-31,21/22,Forest Green,Leicester U23,End of loan,€300k,loan end
kasey-mcateer,2022-01-28,21/22,Leicester U23,Forest Green,loan transfer,€300k,loan
kasey-mcateer,2020-07-01,20/21,Leicester U18,Leicester U23,-,-,
kealan-dillon,2023-07-01,23/24,Warrenpoint,Dungannon,free transfer,-,free
kealan-dillon,2020-01-03,19/20,Drogheda United,Warrenpoint,free transfer,€50k,free
kealan-dillon,2018-02-13,17/18,Longford Town,Drogheda United,free transfer,€50k,free
kealan-dillon,2016-01-01,15/16,Bohemians,Longford Town,free transfer,€50k,free
kealan-dillon,2015-01-01,14/15,Athlone Town,Bohemians,free transfer,€50k,free
kealan-dillon,2014-01-14,13/14,St. Mirren,Athlone Town,free transfer,€50k,free
kealan-dillon,2013-07-01,13/14,Hull U18,St. Mirren,free transfer,-,free
kealan-dillon,2012-07-01,12/13,Derby U18,Hull U18,?,-,
keith-buckley,2026-01-01,25/26,Bohemians,Dundalk FC,free transfer,€50k,free
keith-buckley,2023-01-01,22/23,B. Spartans,Bohemians,free transfer,€75k,free
keith-buckley,2022-01-01,21/22,Bohemians,B. Spartans,free transfer,€75k,free
keith-buckley,2018-01-04,17/18,Bray Wanderers,Bohemians,free transfer,-,free
keith-buckley,2017-01-01,16/17,Bohemians,Bray Wanderers,free transfer,-,free
keith-buckley,2011-01-01,10/11,Bohs Academy,Bohemians,-,-,
keith-ward,2026-02-06,25/26,Dundalk FC,Retired,-,-,
keith-ward,2025-01-16,24/25,Glenavon,Dundalk FC,free transfer,-,free
keith-ward,2024-08-01,24/25,Shelbourne,Glenavon,free transfer,€50k,free
keith-ward,2024-01-01,23/24,Dundalk FC,Shelbourne,free transfer,€50k,free
keith-ward,2022-01-01,21/22,Bohemians,Dundalk FC,free transfer,€50k,free
keith-ward,2017-01-01,16/17,Derry City,Bohemians,free transfer,€50k,free
keith-ward,2016-02-24,15/16,Sligo Rovers,Derry City,free transfer,€50k,free
keith-ward,2015-01-01,14/15,Dundalk FC,Sligo Rovers,free transfer,€50k,free
keith-ward,2013-01-01,12/13,Bohemians,Dundalk FC,free transfer,€50k,free
keith-ward,2012-01-01,11/12,Dundalk FC,Bohemians,free transfer,€50k,free
keith-ward,2011-01-01,10/11,UCD,Dundalk FC,free transfer,€50k,free
keith-ward,2008-07-01,08/09,Bohs Academy,UCD,free transfer,-,free
keleb-nwubani,2026-07-01,26/27,Rot Weiss Ahlen,E. Ettelbrück,free transfer,-,free
keleb-nwubani,2026-01-02,25/26,VfL Bochum II,Rot Weiss Ahlen,free transfer,-,free
keleb-nwubani,2024-07-01,24/25,Pr. Münster II,VfL Bochum II,free transfer,-,free
keleb-nwubani,2022-07-01,22/23,TuS Erndtebrück,Pr. Münster II,free transfer,-,free
keleb-nwubani,2020-07-01,20/21,Brentford U18,TuS Erndtebrück,free transfer,-,free
kevin-doherty,2010-01-01,09/10,Shelbourne,Retired,-,-,
kevin-doherty,2009-01-01,08/09,Bray Wanderers,Shelbourne,free transfer,-,free
kevin-doherty,2008-01-01,07/08,Longford Town,Bray Wanderers,free transfer,-,free
kevin-doherty,2006-01-01,05/06,Shelbourne,Longford Town,free transfer,-,free
kevin-doherty,2005-12-01,05/06,Waterford Utd,Shelbourne,End of loan,-,loan end
kevin-doherty,2005-01-01,04/05,Shelbourne,Waterford Utd,loan transfer,-,loan
kevin-doherty,2001-07-01,01/02,Liverpool,Shelbourne,free transfer,-,free
kevin-doherty,1998-07-01,98/99,Liverpool U18,Liverpool,-,-,
kevin-long,2026-03-15,25/26,Without Club,Waterford FC,-,€200k,
kevin-long,2026-01-01,25/26,Toronto,Without Club,-,€200k,
kevin-long,2024-02-20,23/24,Birmingham,Toronto,?,€300k,
kevin-long,2023-01-05,22/23,Burnley,Birmingham,free transfer,€500k,free
kevin-long,2016-05-31,15/16,MK Dons,Burnley,End of loan,€350k,loan end
kevin-long,2016-03-24,15/16,Burnley,MK Dons,loan transfer,€500k,loan
kevin-long,2016-02-19,15/16,Barnsley,Burnley,End of loan,€500k,loan end
kevin-long,2015-11-19,15/16,Burnley,Barnsley,loan transfer,€500k,loan
kevin-long,2012-09-21,12/13,Portsmouth,Burnley,End of loan,€50k,loan end
kevin-long,2012-08-18,12/13,Burnley,Portsmouth,loan transfer,€50k,loan
kevin-long,2012-04-30,11/12,Rochdale,Burnley,End of loan,€50k,loan end
kevin-long,2012-01-27,11/12,Burnley,Rochdale,loan transfer,€50k,loan
kevin-long,2012-01-05,11/12,Accrington,Burnley,End of loan,€50k,loan end
kevin-long,2011-08-05,11/12,Burnley,Accrington,loan transfer,€50k,loan
kevin-long,2011-05-23,10/11,Accrington,Burnley,End of loan,€50k,loan end
kevin-long,2010-10-15,10/11,Burnley,Accrington,loan transfer,€50k,loan
kevin-long,2010-01-01,09/10,Cork City,Burnley,€350k,-,fee
kevin-long,2009-01-01,08/09,Cork Academy,Cork City,-,-,
kevin-otoole,2022-01-11,21/22,PrincetonTigers,New York City,draft,-,fee
kevin-otoole,2021-08-01,21/22,NYRB U-23,PrincetonTigers,End of loan,-,loan end
kevin-otoole,2021-05-01,20/21,PrincetonTigers,NYRB U-23,loan transfer,-,loan
kevin-otoole,2019-08-01,19/20,NYRB U-23,PrincetonTigers,End of loan,-,loan end
kevin-otoole,2019-05-01,18/19,PrincetonTigers,NYRB U-23,loan transfer,-,loan
kevin-otoole,2018-08-01,18/19,NYRB U-23,PrincetonTigers,End of loan,-,loan end
kevin-otoole,2018-05-01,17/18,PrincetonTigers,NYRB U-23,loan transfer,-,loan
kevin-otoole,2017-08-01,17/18,NYRB Academy,PrincetonTigers,free transfer,-,free
kevin-otoole,2017-07-31,17/18,NYRB II,NYRB Academy,End of loan,-,loan end
kevin-otoole,2017-03-23,16/17,NYRB Academy,NYRB II,loan transfer,-,loan
kevin-otoole,2016-11-30,16/17,NYRB II,NYRB Academy,End of loan,-,loan end
kevin-otoole,2016-04-16,15/16,NYRB Academy,NYRB II,loan transfer,-,loan
kevin-toner,2026-07-01,26/27,Minera,Without Club,-,€100k,
kevin-toner,2025-07-01,25/26,Orihuela CF,Minera,free transfer,€150k,free
kevin-toner,2024-07-01,24/25,CF La Nucía,Orihuela CF,free transfer,€150k,free
kevin-toner,2020-09-17,20/21,Without Club,CF La Nucía,-,€100k,
kevin-toner,2019-11-24,19/20,St. Pat's,Without Club,-,€100k,
kevin-toner,2018-01-01,17/18,Aston Villa U23,St. Pat's,?,€100k,
kevin-toner,2017-11-27,17/18,Stevenage,Aston Villa U23,End of loan,€100k,loan end
kevin-toner,2017-08-24,17/18,Aston Villa U23,Stevenage,loan transfer,€100k,loan
kevin-toner,2017-05-31,16/17,Bradford,Aston Villa U23,End of loan,€100k,loan end
kevin-toner,2017-01-31,16/17,Aston Villa U23,Bradford,loan transfer,€100k,loan
kevin-toner,2017-01-01,16/17,Walsall,Aston Villa U23,End of loan,€100k,loan end
kevin-toner,2016-08-26,16/17,Aston Villa U23,Walsall,loan transfer,-,loan
kevin-toner,2015-10-18,15/16,Kidderminster,Aston Villa U21,End of loan,-,loan end
kevin-toner,2015-09-18,15/16,Aston Villa U21,Kidderminster,loan transfer,-,loan
kevin-toner,2014-07-01,14/15,Aston Villa U18,Aston Villa U21,-,-,
kevin-toner,2012-07-01,12/13,Farm Academy,Aston Villa U18,?,-,
kevin-zefi,2026-05-28,25/26,Without Club,Sligo Rovers,-,€50k,
kevin-zefi,2025-07-01,25/26,Roma U20,Without Club,-,€100k,
kevin-zefi,2024-01-12,23/24,Inter U19,Roma U19,free transfer,-,free
kevin-zefi,2022-11-01,22/23,Inter U18,Inter U19,-,-,
kevin-zefi,2022-07-01,22/23,Inter U17,Inter U18,-,-,
kevin-zefi,2021-08-31,21/22,Shamrock Rovers,Inter U17,?,-,
kevin-zefi,2021-01-01,20/21,Rovers Academy,Shamrock Rovers,-,-,
kevin-zefi,2019-07-01,19/20,St. Kevins Boys,Rovers Academy,free transfer,-,free
kian-brunton,2026-07-31,26/27,Athlone Town,Longford Town,free transfer,-,free
kian-brunton,2026-07-10,26/27,Athlone Academy,Athlone Town,-,-,
kian-corbally,2026-07-01,26/27,Ballymena Utd,Dunfermline A.,?,€200k,
kian-corbally,2025-01-14,24/25,Wexford FC,Ballymena Utd,free transfer,-,free
kian-corbally,2023-02-20,22/23,St. Pat's,Wexford FC,free transfer,€50k,free
kian-corbally,2022-11-30,22/23,Longford Town,St. Pat's,End of loan,€50k,loan end
kian-corbally,2022-07-14,22/23,St. Pat's,Longford Town,loan transfer,€50k,loan
kian-corbally,2021-10-01,21/22,Pat's Academy,St. Pat's,-,-,
kian-leavy,2023-07-06,23/24,Reading U21,St. Pat's,free transfer,€50k,free
kian-leavy,2023-06-30,22/23,Shelbourne,Reading U21,End of loan,€50k,loan end
kian-leavy,2023-02-08,22/23,Reading U21,Shelbourne,loan transfer,-,loan
kian-leavy,2020-07-01,20/21,Reading U18,Reading U23,-,-,
kian-leavy,2018-07-01,18/19,Pat's Academy,Reading U18,?,-,
kian-mcmahon-brown,2026-07-01,26/27,Burnley U18,Burnley U21,-,-,
kian-mcmahon-brown,2024-07-01,24/25,Burnley Youth,Burnley U18,-,-,
kian-quigley,2025-08-07,25/26,Pat's Academy,St. Pat's,-,-,
kieran-cruise,2025-01-01,24/25,Bray Wanderers,Drogheda United,free transfer,-,free
kieran-cruise,2024-01-01,23/24,Shamrock Rovers,Bray Wanderers,free transfer,€50k,free
kieran-cruise,2021-11-05,21/22,Rovers Academy,Shamrock Rovers,-,-,
kieran-morrison,2026-08-20,26/27,Liverpool U21,Sheff Wed,loan transfer,-,loan
kieran-morrison,2024-07-01,24/25,Liverpool U18,Liverpool U21,-,-,
kieran-morrison,2023-07-01,23/24,Liverpool Youth,Liverpool U18,-,-,
kieran-ohara,2025-09-16,25/26,Without Club,Dundee FC,-,€150k,
kieran-ohara,2025-07-01,25/26,Kilmarnock FC,Without Club,-,€150k,
kieran-ohara,2023-07-11,23/24,Colchester Utd.,Kilmarnock FC,free transfer,€150k,free
kieran-ohara,2022-08-03,22/23,Fleetwood,Colchester Utd.,free transfer,-,free
kieran-ohara,2022-02-01,21/22,Burton Albion,Fleetwood,free transfer,-,free
kieran-ohara,2021-11-27,21/22,Scunthorpe Utd.,Burton Albion,End of loan,-,loan end
kieran-ohara,2021-11-20,21/22,Burton Albion,Scunthorpe Utd.,loan transfer,-,loan
kieran-ohara,2020-09-11,20/21,Man Utd U23,Burton Albion,free transfer,-,free
kieran-ohara,2020-05-31,19/20,Burton Albion,Man Utd U23,End of loan,-,loan end
kieran-ohara,2019-07-08,19/20,Man Utd U23,Burton Albion,loan transfer,-,loan
kieran-ohara,2019-05-31,18/19,Macclesfield,Man Utd U23,End of loan,-,loan end
kieran-ohara,2018-08-15,18/19,Man Utd U23,Macclesfield,loan transfer,-,loan
kieran-ohara,2016-05-31,15/16,Morecambe FC,Man Utd U21,End of loan,-,loan end
kieran-ohara,2016-01-12,15/16,Man Utd U21,Morecambe FC,loan transfer,-,loan
kieran-ohara,2015-12-01,15/16,Stockport,Man Utd U21,End of loan,-,loan end
kieran-ohara,2015-11-26,15/16,Man Utd U21,Stockport,loan transfer,-,loan
kieran-ohara,2015-10-01,15/16,Morecambe FC,Man Utd U21,End of loan,-,loan end
kieran-ohara,2015-09-01,15/16,Man Utd U21,Morecambe FC,loan transfer,-,loan
kieran-ohara,2015-03-01,14/15,Fylde,Man Utd U21,End of loan,-,loan end
kieran-ohara,2015-01-31,14/15,Man Utd U21,Fylde,loan transfer,-,loan
kieran-ohara,2014-07-01,14/15,Man Utd U18,Man Utd U21,-,-,
kieran-ohara,2014-05-31,13/14,Trafford,Man Utd U18,End of loan,-,loan end
kieran-ohara,2013-08-01,13/14,Man Utd U18,Trafford,loan transfer,-,loan
kieran-sadlier,2026-01-21,25/26,Without Club,Sporting JAX,-,€125k,
kieran-sadlier,2025-07-01,25/26,Wycombe,Without Club,-,€150k,
kieran-sadlier,2023-09-04,23/24,Bolton,Wycombe,free transfer,€250k,free
kieran-sadlier,2023-05-31,22/23,Leyton Orient,Bolton,End of loan,€250k,loan end
kieran-sadlier,2023-01-27,22/23,Bolton,Leyton Orient,loan transfer,€300k,loan
kieran-sadlier,2022-01-28,21/22,Rotherham,Bolton,?,€400k,
kieran-sadlier,2020-08-11,20/21,Doncaster,Rotherham,free transfer,-,free
kieran-sadlier,2019-01-01,18/19,Cork City,Doncaster,free transfer,-,free
kieran-sadlier,2017-07-03,17/18,Sligo Rovers,Cork City,€50k,-,fee
kieran-sadlier,2016-01-11,15/16,Peterborough,Sligo Rovers,?,-,
kieran-sadlier,2016-01-09,15/16,Halifax Town,Peterborough,End of loan,-,loan end
kieran-sadlier,2015-10-09,15/16,Peterborough,Halifax Town,loan transfer,-,loan
kieran-sadlier,2015-07-20,15/16,St. Mirren,Peterborough,free transfer,-,free
kieran-sadlier,2015-02-02,14/15,West Ham U21,St. Mirren,free transfer,-,free
kieran-sadlier,2013-07-01,13/14,West Ham U18,West Ham U21,-,-,
killian-brouder,2019-07-22,19/20,Limerick FC,Galway United,free transfer,-,free
killian-brouder,2018-07-01,17/18,LFC Academy,Limerick FC,-,-,
killian-cahill,2025-07-01,25/26,Brighton U21,Leyton Orient,free transfer,€150k,free
killian-cahill,2023-02-14,22/23,Bognor Regis,Brighton U21,End of loan,-,loan end
killian-cahill,2023-01-02,22/23,Brighton U21,Bognor Regis,loan transfer,-,loan
killian-cahill,2022-07-01,22/23,Brighton U18,Brighton U21,-,-,
killian-cahill,2022-01-06,21/22,Rovers Academy,Brighton U18,?,-,
killian-cantwell,2026-07-22,26/27,Kerry FC,Treaty United,free transfer,-,free
killian-cantwell,2026-01-01,25/26,Bray Wanderers,Kerry FC,free transfer,-,free
killian-cantwell,2024-01-01,23/24,Waterford FC,Bray Wanderers,free transfer,€25k,free
killian-cantwell,2022-01-02,21/22,Athlone Town,Waterford FC,free transfer,-,free
killian-cantwell,2021-01-01,20/21,Bray Wanderers,Athlone Town,free transfer,-,free
killian-cantwell,2019-02-01,18/19,Limerick FC,Bray Wanderers,free transfer,-,free
killian-cantwell,2018-02-08,17/18,Finn Harps,Limerick FC,free transfer,-,free
killian-cantwell,2017-01-01,16/17,Galway United,Finn Harps,free transfer,-,free
killian-cantwell,2015-01-01,14/15,Wexford Youths,Galway United,free transfer,-,free
killian-cantwell,2013-07-01,13/14,UCD Academy,Wexford Youths,free transfer,-,free
killian-phillips,2025-07-01,25/26,Palace U21,St. Mirren,free transfer,€450k,free
killian-phillips,2025-06-30,24/25,St. Mirren,Palace U21,End of loan,€450k,loan end
killian-phillips,2024-08-21,24/25,Palace U21,St. Mirren,loan transfer,€300k,loan
killian-phillips,2024-05-31,23/24,Aberdeen FC,Palace U21,End of loan,€300k,loan end
killian-phillips,2024-01-28,23/24,Palace U21,Aberdeen FC,loan transfer,€300k,loan
killian-phillips,2024-01-27,23/24,Wycombe,Palace U21,End of loan,€300k,loan end
killian-phillips,2023-08-11,23/24,Palace U21,Wycombe,loan transfer,€150k,loan
killian-phillips,2023-05-31,22/23,Shrewsbury,Palace U21,End of loan,€150k,loan end
killian-phillips,2023-01-01,22/23,Palace U21,Shrewsbury,loan transfer,€75k,loan
killian-phillips,2022-01-11,21/22,Drogheda United,Palace U23,€50k,€75k,fee
killian-phillips,2020-08-01,20/21,Drogs Academy,Drogheda United,-,-,
killian-phillips,2019-07-01,19/20,Kilbarrack Utd,Drogs Academy,?,-,
kyle-degelman,2026-03-02,25/26,Without Club,Chanmari FC,-,€25k,
kyle-degelman,2026-01-01,25/26,Kirivong FC,Without Club,-,€25k,
kyle-degelman,2025-07-13,25/26,Bray Wanderers,Kirivong FC,free transfer,-,free
kyle-degelman,2025-02-03,24/25,Lynx FC,Bray Wanderers,free transfer,€25k,free
kyle-degelman,2024-08-08,24/25,Bayern Hof,Lynx FC,free transfer,-,free
kyle-degelman,2024-01-03,23/24,Brinkumer SV,Bayern Hof,free transfer,-,free
kyle-degelman,2023-08-24,23/24,Hamilton United,Brinkumer SV,free transfer,-,free
kyle-degelman,2023-04-15,22/23,Unknown,Hamilton United,?,-,
kyle-degelman,2022-11-08,22/23,WSG Tirol II,Unknown,?,-,
kyle-degelman,2022-07-01,22/23,MSV Pampow,WSG Tirol II,free transfer,-,free
kyle-degelman,2022-02-17,21/22,Without Club,MSV Pampow,-,-,
kyle-degelman,2021-08-15,21/22,E. Cottbus U19,Without Club,-,-,
kyle-degelman,2021-07-01,21/22,Zehlendorf U17,E. Cottbus U19,free transfer,-,free
kyle-degelman,2020-07-01,20/21,Whitecaps Acad.,Zehlendorf U17,free transfer,-,free
kyle-mcdonagh,2023-08-04,23/24,Sligo Academy,Sligo Rovers,-,-,
kyle-robinson,2026-07-01,26/27,Longford Town,HW Welders,free transfer,-,free
kyle-robinson,2025-07-25,25/26,Athlone Town,Longford Town,free transfer,-,free
kyle-robinson,2024-07-04,24/25,Arbroath,Athlone Town,free transfer,€75k,free
kyle-robinson,2024-01-12,23/24,Drogheda United,Arbroath,free transfer,€75k,free
kyle-robinson,2023-07-13,23/24,Shelbourne,Drogheda United,free transfer,€75k,free
kyle-robinson,2023-01-01,22/23,St. Pat's,Shelbourne,free transfer,€75k,free
kyle-robinson,2021-11-30,21/22,Wexford FC,St. Pat's,End of loan,-,loan end
kyle-robinson,2021-02-26,20/21,Pat's Academy,Wexford FC,loan transfer,-,loan
kyle-robinson,2019-07-01,19/20,Drogs Academy,Pat's Academy,free transfer,-,free
lee-axworthy,2026-07-01,26/27,Bangor,Without Club,-,€10k,
lee-axworthy,2026-02-21,25/26,Without Club,Bangor,-,-,
lee-axworthy,2026-01-01,25/26,Athlone Town,Without Club,-,-,
lee-axworthy,2024-07-04,24/25,TFA Dubai,Athlone Town,free transfer,-,free
lee-axworthy,2024-02-26,23/24,Kerry FC,TFA Dubai,free transfer,-,free
lee-axworthy,2023-07-15,23/24,Welwyn GC,Kerry FC,free transfer,-,free
lee-axworthy,2023-03-01,22/23,Holmer Green,Welwyn GC,free transfer,-,free
lee-axworthy,2022-04-01,21/22,Kings Langley,Holmer Green,free transfer,-,free
lee-axworthy,2020-07-01,20/21,Met Police,Kings Langley,free transfer,-,free
lee-axworthy,2020-04-01,19/20,Holmer Green,Met Police,free transfer,-,free
lee-axworthy,2020-01-01,19/20,Hendon,Holmer Green,free transfer,-,free
lee-axworthy,2019-07-01,19/20,Brentford B,Hendon,free transfer,-,free
lee-axworthy,2018-07-01,18/19,Brentford U18,Brentford B,-,-,
lee-desmond,2022-01-01,21/22,St. Pat's,Sacramento FC,free transfer,€75k,free
lee-desmond,2015-01-01,14/15,Shelbourne,St. Pat's,free transfer,-,free
lee-desmond,2013-07-04,13/14,Newcastle U18,Shelbourne,free transfer,-,free
lee-desmond,2011-07-01,11/12,Cherry Orchard FC,Newcastle U18,free transfer,-,free
lee-devitt,2026-01-01,25/26,Treaty United,Galway United,free transfer,-,free
lee-devitt,2022-01-01,21/22,Cobh Ramblers,Treaty United,free transfer,-,free
lee-devitt,2020-01-22,19/20,Limerick FC,Cobh Ramblers,free transfer,-,free
lee-devitt,2019-02-22,18/19,LFC Academy,Limerick FC,-,-,
lee-grace,2017-07-31,17/18,Galway United,Shamrock Rovers,€18k,-,fee
lee-grace,2017-01-01,16/17,Wexford FC,Galway United,free transfer,-,free
lee-grace,2015-01-27,14/15,Carrick United,Wexford Youths,free transfer,-,free
lee-oconnor,2022-01-25,21/22,Celtic B,Tranmere,?,€100k,
lee-oconnor,2022-01-24,21/22,Tranmere,Celtic B,End of loan,€100k,loan end
lee-oconnor,2021-08-31,21/22,Celtic B,Tranmere,loan transfer,€100k,loan
lee-oconnor,2021-05-31,20/21,Tranmere,Celtic B,End of loan,€100k,loan end
lee-oconnor,2020-08-17,20/21,Celtic B,Tranmere,loan transfer,€100k,loan
lee-oconnor,2020-04-30,19/20,Partick Thistle,Celtic B,End of loan,€100k,loan end
lee-oconnor,2020-01-21,19/20,Celtic B,Partick Thistle,loan transfer,€100k,loan
lee-oconnor,2019-09-02,19/20,Man Utd U23,Celtic B,?,-,
lee-oconnor,2018-07-01,18/19,Man Utd U18,Man Utd U23,-,-,
lee-oconnor,2016-07-01,16/17,Villa FC,Man Utd U18,?,-,
lee-steacy,2024-01-01,23/24,Cobh Ramblers,Shamrock Rovers,free transfer,-,free
lee-steacy,2023-01-31,22/23,Drogheda United,Cobh Ramblers,free transfer,€50k,free
lee-steacy,2022-07-21,22/23,Longford Town,Drogheda United,free transfer,€50k,free
lee-steacy,2019-01-01,18/19,Shelbourne,Longford Town,free transfer,-,free
lee-steacy,2018-01-01,17/18,Bray Wanderers,Shelbourne,free transfer,-,free
lee-steacy,2016-07-06,16/17,Bohemians,Bray Wanderers,free transfer,-,free
lee-steacy,2015-01-31,14/15,Firhouse Clover,Bohemians,free transfer,-,free
lee-steacy,2012-07-01,12/13,Rovers Academy,Firhouse Clover,free transfer,-,free
lee-steacy,2011-07-01,11/12,Crumlin United,Rovers Academy,free transfer,-,free
leigh-kavanagh,2026-07-01,26/27,Bohemians,Galway United,loan transfer,€150k,loan
leigh-kavanagh,2024-07-01,24/25,Brighton U21,Bohemians,free transfer,€200k,free
leigh-kavanagh,2022-12-31,22/23,Derby U21,Brighton U21,End of loan,-,loan end
leigh-kavanagh,2022-09-01,22/23,Brighton U21,Derby U21,loan transfer,-,loan
leigh-kavanagh,2022-07-01,22/23,Brighton U18,Brighton U21,-,-,
leigh-kavanagh,2020-07-01,20/21,Bray Wanderers,Brighton U18,free transfer,-,free
leigh-kavanagh,2020-01-01,19/20,Bray Academy,Bray Wanderers,-,-,
len-osullivan,2025-07-04,25/26,Glenavon,Ross County,free transfer,€175k,free
len-osullivan,2024-01-30,23/24,Bray Wanderers,Glenavon,free transfer,-,free
len-osullivan,2023-01-01,22/23,Wexford FC,Bray Wanderers,free transfer,-,free
len-osullivan,2022-01-01,21/22,Bohs Academy,Wexford FC,free transfer,-,free
leon-ayinde,2026-07-01,26/27,Ipswich U21,Doncaster,free transfer,-,free
leon-ayinde,2026-05-31,25/26,Boreham Wood,Ipswich U21,End of loan,-,loan end
leon-ayinde,2026-02-13,25/26,Ipswich U21,Boreham Wood,loan transfer,-,loan
leon-ayinde,2025-05-31,24/25,Rochdale,Ipswich U21,End of loan,-,loan end
leon-ayinde,2024-08-30,24/25,Ipswich U21,Rochdale,loan transfer,-,loan
leon-ayinde,2023-01-31,22/23,Cork Academy,Ipswich U21,?,-,
leon-keogh,2026-07-26,26/27,Bray Wanderers,Armagh City,free transfer,-,free
leon-keogh,2025-01-01,24/25,Kilnamanagh,Bray Wanderers,free transfer,-,free
leon-keogh,2024-07-01,24/25,Shels Academy,Kilnamanagh,free transfer,-,free
leon-keogh,2022-07-01,22/23,Cherry Orchard FC,Shels Academy,free transfer,-,free
leon-keogh,2021-07-01,21/22,Bohs Academy,Cherry Orchard FC,free transfer,-,free
leon-keogh,2020-01-01,19/20,Cherry Orchard FC,Bohs Academy,free transfer,-,free
lewis-richards,2026-01-16,25/26,Bradford,Crawley Town,?,€150k,
lewis-richards,2023-08-18,23/24,Wolves U21,Bradford,€35k,€175k,fee
lewis-richards,2023-05-31,22/23,Harrogate Town,Wolves U21,End of loan,€175k,loan end
lewis-richards,2022-07-08,22/23,Wolves U21,Harrogate Town,loan transfer,-,loan
lewis-richards,2022-05-31,21/22,Harrogate Town,Wolves U23,End of loan,-,loan end
lewis-richards,2022-01-13,21/22,Wolves U23,Harrogate Town,loan transfer,-,loan
lewis-richards,2020-07-01,20/21,Wolves U18,Wolves U23,-,-,
lewis-richards,2018-07-01,18/19,Wolves Yth.,Wolves U18,-,-,
lewis-richards,2016-07-01,16/17,Brentford Yth.,Wolves Yth.,free transfer,-,free
lewis-temple,2026-08-06,26/27,Bolton,Oldham Athletic,loan transfer,€100k,loan
lewis-temple,2026-01-06,25/26,Shelbourne,Bolton,€100k,€100k,fee
lewis-temple,2024-11-30,24/25,Wexford FC,Shelbourne,End of loan,€25k,loan end
lewis-temple,2024-07-02,24/25,Shelbourne,Wexford FC,loan transfer,€25k,loan
lewis-temple,2023-11-30,23/24,Longford Town,Shelbourne,End of loan,-,loan end
lewis-temple,2023-07-06,23/24,Shelbourne,Longford Town,loan transfer,-,loan
lewis-temple,2022-06-17,21/22,Shels Academy,Shelbourne,-,-,
lewis-temple,2021-02-01,20/21,Bray Academy,Shels Academy,free transfer,-,free
liam-bossin,2025-07-01,25/26,FC Dordrecht,Feyenoord,?,€450k,
liam-bossin,2025-06-30,24/25,Feyenoord,FC Dordrecht,End of loan,€450k,loan end
liam-bossin,2025-01-23,24/25,FC Dordrecht,Feyenoord,loan transfer,€450k,loan
liam-bossin,2024-07-19,24/25,KV Oostende,FC Dordrecht,free transfer,€400k,free
liam-bossin,2023-07-28,23/24,FC Dordrecht,KV Oostende,€250k,€400k,fee
liam-bossin,2021-01-15,20/21,Cork City,FC Dordrecht,free transfer,€100k,free
liam-bossin,2020-01-01,19/20,Without Club,Cork City,-,€100k,
liam-bossin,2019-07-01,19/20,Nott'm Forest,Without Club,-,€100k,
liam-bossin,2017-07-12,17/18,RSC Anderlecht,Nott'm Forest,free transfer,€100k,free
liam-bossin,2015-07-01,15/16,Anderlecht U21,RSC Anderlecht,-,-,
liam-bossin,2013-07-01,13/14,White Star,Anderlecht U21,?,-,
liam-delap,2026-08-27,26/27,Chelsea,Nott'm Forest,€52.50m,€28.00m,fee
liam-delap,2025-06-04,25/26,Ipswich,Chelsea,€35.50m,€40.00m,fee
liam-delap,2024-07-13,24/25,Man City U21,Ipswich,€17.85m,€8.00m,fee
liam-delap,2024-05-31,23/24,Hull City,Man City U21,End of loan,€8.00m,loan end
liam-delap,2023-07-02,23/24,Man City U21,Hull City,loan transfer,€5.00m,loan
liam-delap,2023-05-31,22/23,Preston,Man City U21,End of loan,€7.00m,loan end
liam-delap,2023-01-12,22/23,Man City U21,Preston,loan transfer,€7.00m,loan
liam-delap,2023-01-11,22/23,Stoke City,Man City U21,End of loan,€7.00m,loan end
liam-delap,2022-08-18,22/23,Man City U21,Stoke City,loan transfer,€1.50m,loan
liam-delap,2020-07-01,20/21,Man City U18,Man City U23,-,-,
liam-delap,2019-07-01,19/20,Derby Youth,Man City U18,€1.30m,-,fee
liam-kelly,2026-08-13,26/27,MK Dons,Peterborough,?,€300k,
liam-kelly,2024-07-04,24/25,Crawley Town,MK Dons,?,€300k,
liam-kelly,2023-07-01,23/24,Rochdale,Crawley Town,free transfer,€200k,free
liam-kelly,2021-08-24,21/22,Feyenoord,Rochdale,free transfer,€475k,free
liam-kelly,2021-06-30,20/21,Oxford United,Feyenoord,End of loan,€475k,loan end
liam-kelly,2020-08-21,20/21,Feyenoord,Oxford United,loan transfer,€475k,loan
liam-kelly,2020-07-14,19/20,Oxford United,Feyenoord,End of loan,€475k,loan end
liam-kelly,2020-01-08,19/20,Feyenoord,Oxford United,loan transfer,€600k,loan
liam-kelly,2019-07-08,19/20,Reading,Feyenoord,free transfer,€1.00m,free
liam-kelly,2016-07-01,16/17,Reading U23,Reading,-,-,
liam-kelly,2013-07-01,13/14,Reading U18,Reading U21,-,-,
liam-kerrigan,2026-07-14,26/27,Ternana,Renate,free transfer,€150k,free
liam-kerrigan,2025-08-21,25/26,Como,Ternana,free transfer,€200k,free
liam-kerrigan,2025-06-30,24/25,SK Beveren,Como,End of loan,€200k,loan end
liam-kerrigan,2024-08-31,24/25,Como,SK Beveren,loan transfer,€175k,loan
liam-kerrigan,2024-06-30,23/24,Novara,Como,End of loan,€175k,loan end
liam-kerrigan,2024-01-26,23/24,Como,Novara,loan transfer,€200k,loan
liam-kerrigan,2022-07-18,22/23,UCD,Como,free transfer,€100k,free
liam-kerrigan,2019-07-22,19/20,Sligo Rovers,UCD,free transfer,-,free
liam-kerrigan,2019-01-01,18/19,Sligo Academy,Sligo Rovers,-,-,
liam-kinsella,2026-01-22,25/26,Cheltenham,Hednesford,free transfer,€150k,free
liam-kinsella,2024-01-24,23/24,Swindon Town,Cheltenham,?,€150k,
liam-kinsella,2023-07-28,23/24,Walsall,Swindon Town,free transfer,€150k,free
liam-kinsella,2014-07-01,14/15,Walsall U18,Walsall,-,-,
liam-mullan,2026-07-01,26/27,HW Welders,Institute,free transfer,-,free
liam-mullan,2025-07-01,25/26,Derry City,HW Welders,?,-,
liam-mullan,2025-06-30,24/25,HW Welders,Derry City,End of loan,-,loan end
liam-mullan,2025-02-03,24/25,Derry City,HW Welders,loan transfer,-,loan
liam-mullan,2025-01-02,24/25,Portadown,Derry City,End of loan,€50k,loan end
liam-mullan,2024-07-19,24/25,Derry City,Portadown,loan transfer,-,loan
liam-mullan,2024-06-30,23/24,Institute,Derry City,End of loan,-,loan end
liam-mullan,2023-07-23,23/24,Derry City,Institute,loan transfer,-,loan
liam-mullan,2022-02-01,21/22,Derry Academy,Derry City,-,-,
liam-scales,2023-05-31,22/23,Aberdeen FC,Celtic,End of loan,€600k,loan end
liam-scales,2022-07-01,22/23,Celtic,Aberdeen FC,loan transfer,€600k,loan
liam-scales,2021-08-27,21/22,Shamrock Rovers,Celtic,€600k,€100k,fee
liam-scales,2020-01-01,19/20,UCD,Shamrock Rovers,free transfer,-,free
liam-scales,2016-07-01,16/17,UCD Academy,UCD,-,-,
liam-scales,2015-07-01,15/16,Arklow Town,UCD Academy,free transfer,-,free
liam-woodcock,2026-07-01,26/27,Skerries Town,Longford Town,free transfer,-,free
louie-barry,2026-07-09,26/27,Aston Villa U21,Sheff Wed,?,€2.50m,
louie-barry,2026-06-30,25/26,Stockport,Aston Villa U21,End of loan,€2.50m,loan end
louie-barry,2026-02-02,25/26,Aston Villa U21,Stockport,loan transfer,€2.50m,loan
louie-barry,2026-01-03,25/26,Sheff Utd,Aston Villa U21,End of loan,€2.50m,loan end
louie-barry,2025-07-22,25/26,Aston Villa U21,Sheff Utd,loan transfer,€2.00m,loan
louie-barry,2025-06-30,24/25,Hull City,Aston Villa U21,End of loan,€2.00m,loan end
louie-barry,2025-01-29,24/25,Aston Villa U21,Hull City,loan transfer,€1.80m,loan
louie-barry,2025-01-02,24/25,Stockport,Aston Villa U21,End of loan,€1.80m,loan end
louie-barry,2024-08-02,24/25,Aston Villa U21,Stockport,loan transfer,€800k,loan
louie-barry,2024-05-31,23/24,Stockport,Aston Villa U21,End of loan,€800k,loan end
louie-barry,2023-07-28,23/24,Aston Villa U21,Stockport,loan transfer,€1.00m,loan
louie-barry,2023-05-31,22/23,Salford,Aston Villa U21,End of loan,€1.00m,loan end
louie-barry,2023-01-30,22/23,Aston Villa U21,Salford,loan transfer,€1.00m,loan
louie-barry,2023-01-29,22/23,MK Dons,Aston Villa U21,End of loan,€1.00m,loan end
louie-barry,2022-07-12,22/23,Aston Villa U21,MK Dons,loan transfer,€1.00m,loan
louie-barry,2022-05-31,21/22,Swindon Town,Aston Villa U23,End of loan,€1.00m,loan end
louie-barry,2022-01-28,21/22,Aston Villa U23,Swindon Town,loan transfer,€1.00m,loan
louie-barry,2022-01-03,21/22,Ipswich,Aston Villa U23,End of loan,€1.00m,loan end
louie-barry,2021-08-06,21/22,Aston Villa U23,Ipswich,loan transfer,€1.00m,loan
louie-barry,2020-01-23,19/20,Barça U19,Aston Villa U23,€1.00m,-,fee
louie-barry,2019-07-11,19/20,West Brom U18,Barça U19,€260k,-,fee
louie-barry,2018-07-01,18/19,West Brom Yth.,West Brom U18,-,-,
louie-watson,2025-02-21,24/25,Without Club,Crawley Town,-,€225k,
louie-watson,2024-08-30,24/25,Luton,Without Club,-,€250k,
louie-watson,2024-05-31,23/24,Charlton,Luton,End of loan,€250k,loan end
louie-watson,2023-09-01,23/24,Luton,Charlton,loan transfer,€250k,loan
louie-watson,2022-07-01,22/23,Derby,Luton,?,€400k,
louie-watson,2021-07-01,21/22,Derby U23,Derby,-,€150k,
louie-watson,2020-10-15,20/21,West Ham U23,Derby U23,free transfer,-,free
louie-watson,2019-07-01,19/20,West Ham U18,West Ham U23,-,-,
louie-watson,2017-07-01,17/18,West Ham Yth.,West Ham U18,-,-,
louis-dunne,2026-07-01,26/27,Aveley,Chelmsford,free transfer,-,free
louis-dunne,2026-07-01,26/27,Maldon/Tiptree,Aveley,free transfer,-,free
louis-dunne,2025-07-01,25/26,Chelmsford,Maldon/Tiptree,free transfer,-,free
louis-dunne,2024-03-16,23/24,Hayes & Yeading,Chelmsford,End of loan,-,loan end
louis-dunne,2024-01-01,23/24,Chelmsford,Hayes & Yeading,loan transfer,-,loan
louis-dunne,2021-04-30,20/21,Farnborough,Chelmsford,free transfer,-,free
louis-dunne,2020-09-12,20/21,Colchester U23,Farnborough,free transfer,-,free
louis-dunne,2020-04-30,19/20,Farnborough,Colchester U23,End of loan,-,loan end
louis-dunne,2020-01-25,19/20,Colchester U23,Farnborough,loan transfer,-,loan
louis-dunne,2017-09-25,17/18,Concord Rangers,Colchester U23,End of loan,-,loan end
louis-dunne,2017-08-25,17/18,Colchester U23,Concord Rangers,loan transfer,-,loan
luca-cailloce,2026-01-01,25/26,Shelbourne,UCD,free transfer,-,free
luca-cailloce,2024-01-01,23/24,Bohs Academy,Shelbourne,free transfer,-,free
luca-connell,2022-07-01,22/23,Celtic,Barnsley,free transfer,€100k,free
luca-connell,2022-05-16,21/22,Queen's Park,Celtic,End of loan,€50k,loan end
luca-connell,2021-09-17,21/22,Celtic,Queen's Park,loan transfer,€50k,loan
luca-connell,2021-05-05,20/21,Queen's Park,Celtic,End of loan,€50k,loan end
luca-connell,2021-03-18,20/21,Celtic,Queen's Park,loan transfer,€50k,loan
luca-connell,2019-07-01,19/20,Bolton U18,Celtic,€410k,-,fee
luke-browne,2026-01-07,25/26,Palace U21,Notts County,?,-,
luke-browne,2024-01-26,23/24,Shelbourne,Palace U21,?,€25k,
luke-browne,2023-11-30,23/24,Wexford FC,Shelbourne,End of loan,-,loan end
luke-browne,2023-07-06,23/24,Shelbourne,Wexford FC,loan transfer,-,loan
luke-browne,2022-10-21,22/23,Shels Academy,Shelbourne,-,-,
luke-browne,2021-07-01,21/22,Bohs Academy,Shels Academy,free transfer,-,free
luke-cullen,2026-02-05,25/26,Pat's Academy,St. Pat's,-,-,
luke-fitzsimons,2026-07-31,26/27,Pat's Academy,Torino U17,?,-,
luke-heeney,2026-01-01,25/26,Drogheda United,Waterford FC,free transfer,€125k,free
luke-heeney,2019-02-01,18/19,Pat's Academy,Drogheda United,free transfer,-,free
luke-kehir,2025-11-30,25/26,Wexford FC,St. Pat's,End of loan,-,loan end
luke-kehir,2025-01-04,24/25,St. Pat's,Wexford FC,loan transfer,-,loan
luke-kehir,2025-01-01,24/25,Pat's Academy,St. Pat's,-,-,
luke-mcnally,2024-08-30,24/25,Burnley,Bristol City,€1.75m,€3.80m,fee
luke-mcnally,2024-05-31,23/24,Stoke City,Burnley,End of loan,€3.80m,loan end
luke-mcnally,2023-08-02,23/24,Burnley,Stoke City,loan transfer,€2.20m,loan
luke-mcnally,2023-05-31,22/23,Coventry,Burnley,End of loan,€900k,loan end
luke-mcnally,2023-01-26,22/23,Burnley,Coventry,loan transfer,€900k,loan
luke-mcnally,2022-07-01,22/23,Oxford United,Burnley,€1.85m,-,fee
luke-mcnally,2021-01-29,20/21,St. Pat's,Oxford United,?,-,
luke-mcnally,2020-01-01,19/20,Pat's Academy,St. Pat's,-,-,
luke-mcnally,2019-11-30,19/20,Drogheda United,Pat's Academy,End of loan,-,loan end
luke-mcnally,2019-02-01,18/19,Pat's Academy,Drogheda United,loan transfer,-,loan
luke-mcnally,2017-01-01,16/17,Drogs Academy,Pat's Academy,free transfer,-,free
luke-mulligan,2024-01-01,23/24,Dundalk Academy,Dundalk FC,-,-,
luke-oregan,2026-06-30,25/26,UCD,Shamrock Rovers,End of loan,-,loan end
luke-oregan,2026-02-21,25/26,Shamrock Rovers,UCD,loan transfer,-,loan
luke-oregan,2026-02-20,25/26,UCD,Shamrock Rovers,free transfer,-,free
luke-oregan,2023-03-31,22/23,UCD Academy,UCD,-,-,
luke-pearce,2026-07-09,26/27,Cardiff U21,Sligo Rovers,free transfer,€50k,free
luke-pearce,2026-06-30,25/26,IFK Mariehamn,Cardiff U21,End of loan,€50k,loan end
luke-pearce,2026-02-21,25/26,Cardiff U21,IFK Mariehamn,loan transfer,€75k,loan
luke-pearce,2024-11-30,24/25,Sligo Rovers,Cardiff U21,End of loan,€75k,loan end
luke-pearce,2024-07-16,24/25,Cardiff U21,Sligo Rovers,loan transfer,-,loan
luke-pearce,2024-07-04,24/25,Southampton U21,Cardiff U21,free transfer,-,free
luke-pearce,2023-12-21,23/24,Dover Athletic,Southampton U21,End of loan,-,loan end
luke-pearce,2023-11-17,23/24,Southampton U21,Dover Athletic,loan transfer,-,loan
luke-pearce,2023-11-04,23/24,Weston-super-M.,Southampton U21,End of loan,-,loan end
luke-pearce,2023-10-07,23/24,Southampton U21,Weston-super-M.,loan transfer,-,loan
luke-pearce,2023-09-30,23/24,Torquay,Southampton U21,End of loan,-,loan end
luke-pearce,2023-09-01,23/24,Southampton U21,Torquay,loan transfer,-,loan
luke-pearce,2023-05-31,22/23,Eastbourne,Southampton U21,End of loan,-,loan end
luke-pearce,2023-01-30,22/23,Southampton U21,Eastbourne,loan transfer,-,loan
luke-pearce,2022-07-01,22/23,Southampton U18,Southampton U21,-,-,
luke-pearce,2020-08-11,20/21,Walsall U18,Southampton U18,?,-,
luke-turner,2024-01-30,23/24,Cliftonville,St. Pat's,?,€250k,
luke-turner,2022-07-01,22/23,Aberdeen FC B,Cliftonville,free transfer,€75k,free
luke-turner,2022-05-31,21/22,Cliftonville,Aberdeen FC B,End of loan,€75k,loan end
luke-turner,2021-08-25,21/22,Aberdeen FC B,Cliftonville,loan transfer,-,loan
luke-turner,2021-05-31,20/21,Wexford FC,Aberdeen FC B,End of loan,-,loan end
luke-turner,2021-02-25,20/21,Aberdeen FC B,Wexford FC,loan transfer,-,loan
luke-turner,2021-02-01,20/21,Turriff United,Aberdeen FC B,End of loan,-,loan end
luke-turner,2020-09-18,20/21,Aberdeen FC B,Turriff United,loan transfer,-,loan
luke-turner,2019-07-01,19/20,Aberdeen U18,Aberdeen FC B,-,-,
luke-turner,2018-07-03,18/19,Rovers Academy,Aberdeen U18,?,-,
macdarragh-scanlon,2025-09-07,25/26,Galway Academy,Galway United,-,-,
macdarragh-scanlon,2022-01-01,21/22,Mervue Academy,Galway Academy,free transfer,-,free
marcus-harness,2025-07-01,25/26,Ipswich,Huddersfield,free transfer,€800k,free
marcus-harness,2025-06-30,24/25,Derby,Ipswich,End of loan,€800k,loan end
marcus-harness,2024-08-30,24/25,Ipswich,Derby,loan transfer,€800k,loan
marcus-harness,2022-07-15,22/23,Portsmouth,Ipswich,€700k,€100k,fee
marcus-harness,2019-07-18,19/20,Burton Albion,Portsmouth,?,€100k,
marcus-harness,2018-05-31,17/18,Port Vale,Burton Albion,End of loan,€100k,loan end
marcus-harness,2017-07-18,17/18,Burton Albion,Port Vale,loan transfer,€100k,loan
marcus-harness,2016-01-02,15/16,Aldershot,Burton Albion,End of loan,€50k,loan end
marcus-harness,2015-11-27,15/16,Burton Albion,Aldershot,loan transfer,€50k,loan
marcus-harness,2015-11-01,15/16,Ilkeston,Burton Albion,End of loan,€50k,loan end
marcus-harness,2015-08-07,15/16,Burton Albion,Ilkeston,loan transfer,-,loan
marcus-harness,2014-07-01,14/15,Burton U18,Burton Albion,-,-,
mark-byrne,2024-01-01,23/24,Dundalk FC,Glenavon,free transfer,-,free
mark-byrne,2022-01-01,21/22,Monaghan United,Dundalk FC,free transfer,-,free
mark-byrne,2021-08-27,21/22,Newry City,Monaghan United,free transfer,-,free
mark-byrne,2020-07-25,20/21,Warrenpoint,Newry City,free transfer,-,free
mark-byrne,2019-07-01,19/20,Warrenpoint U21,Warrenpoint,-,-,
mark-connolly,2026-07-01,26/27,Coleraine,Retired,-,€150k,
mark-connolly,2026-01-01,25/26,Derry City,Coleraine,free transfer,€175k,free
mark-connolly,2022-07-28,22/23,Dundee United,Derry City,?,€350k,
mark-connolly,2022-07-22,21/22,Dundalk FC,Dundee United,End of loan,€350k,loan end
mark-connolly,2022-01-17,21/22,Dundee United,Dundalk FC,loan transfer,€400k,loan
mark-connolly,2022-01-16,21/22,Dunfermline A.,Dundee United,End of loan,€400k,loan end
mark-connolly,2021-09-29,21/22,Dundee United,Dunfermline A.,loan transfer,€400k,loan
mark-connolly,2019-01-31,18/19,Crawley Town,Dundee United,?,€250k,
mark-connolly,2016-07-02,16/17,Kilmarnock FC,Crawley Town,free transfer,€250k,free
mark-connolly,2014-07-11,14/15,Crawley Town,Kilmarnock FC,free transfer,€75k,free
mark-connolly,2012-07-09,12/13,Bolton,Crawley Town,free transfer,€50k,free
mark-connolly,2012-05-31,11/12,Macclesfield,Bolton,End of loan,€50k,loan end
mark-connolly,2012-02-24,11/12,Bolton,Macclesfield,loan transfer,€50k,loan
mark-connolly,2010-05-31,09/10,St. Johnstone,Bolton,End of loan,€50k,loan end
mark-connolly,2010-02-02,09/10,Bolton,St. Johnstone,loan transfer,-,loan
mark-connolly,2009-07-01,09/10,Wolves U18,Bolton,€1.20m,-,fee
mark-coyle,2026-01-08,25/26,Shelbourne,Coleraine,?,€150k,
mark-coyle,2022-01-01,21/22,Finn Harps,Shelbourne,free transfer,€50k,free
mark-coyle,2018-01-01,17/18,Cockhill Celtic,Finn Harps,free transfer,-,free
mark-coyle,2017-01-01,16/17,Finn Harps,Cockhill Celtic,free transfer,-,free
mark-coyle,2014-09-30,14/15,Harps Academy,Finn Harps,-,-,
mark-doyle,2026-01-01,25/26,Knoxville,Drogheda United,free transfer,€150k,free
mark-doyle,2025-02-24,24/25,Rhode Island FC,Knoxville,free transfer,€125k,free
mark-doyle,2024-01-01,23/24,St. Pat's,Rhode Island FC,free transfer,€125k,free
mark-doyle,2022-01-01,21/22,Drogheda United,St. Pat's,free transfer,€100k,free
mark-doyle,2016-01-01,15/16,Drogs Academy,Drogheda United,-,-,
mark-mcguinness,2025-09-01,25/26,Luton,Sheff Utd,€11.50m,€7.00m,fee
mark-mcguinness,2024-08-20,24/25,Cardiff,Luton,€11.70m,€4.50m,fee
mark-mcguinness,2023-01-19,22/23,Sheff Wed,Cardiff,End of loan,€1.20m,loan end
mark-mcguinness,2022-08-18,22/23,Cardiff,Sheff Wed,loan transfer,€1.20m,loan
mark-mcguinness,2021-07-01,21/22,Arsenal U23,Cardiff,€2.34m,-,fee
mark-mcguinness,2021-05-31,20/21,Ipswich,Arsenal U23,End of loan,-,loan end
mark-mcguinness,2020-09-22,20/21,Arsenal U23,Ipswich,loan transfer,-,loan
mark-mcguinness,2019-07-01,19/20,Arsenal U18,Arsenal U23,-,-,
mark-mcguinness,2017-07-01,17/18,Arsenal Youth,Arsenal U18,-,-,
mark-omahony,2026-05-31,25/26,Reading,Brighton U21,End of loan,€375k,loan end
mark-omahony,2025-07-07,25/26,Brighton U21,Reading,loan transfer,€500k,loan
mark-omahony,2025-05-31,24/25,Portsmouth,Brighton U21,End of loan,€500k,loan end
mark-omahony,2024-08-28,24/25,Brighton U21,Portsmouth,loan transfer,€300k,loan
mark-omahony,2023-01-26,22/23,Cork City,Brighton U21,€50k,€25k,fee
mark-omahony,2022-01-25,21/22,Cork Academy,Cork City,-,-,
mark-omahony,2019-07-01,19/20,Carrigaline,Cork Academy,free transfer,-,free
mark-sykes,2026-07-09,26/27,Bristol City,Millwall,free transfer,€1.80m,free
mark-sykes,2022-07-01,22/23,Oxford United,Bristol City,free transfer,-,free
mark-sykes,2019-01-02,18/19,Glenavon,Oxford United,?,-,
mark-sykes,2015-01-01,14/15,Glenavon U20,Glenavon,-,-,
mark-travers,2025-07-15,25/26,Bournemouth,Everton,€4.60m,€4.00m,fee
mark-travers,2025-05-31,24/25,Middlesbrough,Bournemouth,End of loan,€4.00m,loan end
mark-travers,2025-01-29,24/25,Bournemouth,Middlesbrough,loan transfer,€4.00m,loan
mark-travers,2023-10-27,23/24,Stoke City,Bournemouth,End of loan,€3.50m,loan end
mark-travers,2023-07-27,23/24,Bournemouth,Stoke City,loan transfer,€2.00m,loan
mark-travers,2021-02-11,20/21,Swindon Town,Bournemouth,End of loan,€500k,loan end
mark-travers,2021-01-06,20/21,Bournemouth,Swindon Town,loan transfer,€500k,loan
mark-travers,2020-07-01,20/21,Bournemouth U23,Bournemouth,-,€250k,
mark-travers,2018-01-01,17/18,Weymouth FC,Bournemouth U23,End of loan,-,loan end
mark-travers,2017-07-07,17/18,Bournemouth U23,Weymouth FC,loan transfer,-,loan
mark-travers,2016-07-06,16/17,Rovers Academy,Bournemouth U23,?,-,
mark-travers,2015-07-01,15/16,Cherry Orchard FC,Rovers Academy,?,-,
mason-melia,2026-08-05,26/27,Tottenham U21,Lincoln City,loan transfer,€1.00m,loan
mason-melia,2026-01-01,25/26,St. Pat's,Tottenham U21,€1.80m,€1.00m,fee
mason-melia,2023-04-14,22/23,Pat's Academy,St. Pat's,-,-,
mason-melia,2022-07-01,22/23,Bray Academy,Pat's Academy,free transfer,-,free
mason-murphy,2026-07-10,26/27,WFC Academy,Waterford FC,-,-,
matt-doherty,2026-07-20,26/27,Wolves,Sheff Utd,free transfer,€1.00m,free
matt-doherty,2023-07-20,23/24,Atlético,Wolves,free transfer,€5.00m,free
matt-doherty,2023-01-31,22/23,Tottenham,Atlético,free transfer,€12.00m,free
matt-doherty,2020-08-30,20/21,Wolves,Tottenham,€16.80m,€16.00m,fee
matt-doherty,2013-01-04,12/13,Bury,Wolves,End of loan,€150k,loan end
matt-doherty,2012-10-04,12/13,Wolves,Bury,loan transfer,€150k,loan
matt-doherty,2012-05-20,11/12,Hibernian FC,Wolves,End of loan,€50k,loan end
matt-doherty,2012-01-31,11/12,Wolves,Hibernian FC,loan transfer,-,loan
matt-doherty,2010-08-22,10/11,Bohemians,Wolves,€90k,-,fee
matt-doherty,2009-07-01,09/10,Belvedere FC,Bohemians,?,-,
matteo-egan,2026-07-01,26/27,Empoli U20,FC Empoli,-,€50k,
matteo-egan,2025-07-01,25/26,Empoli U18,Empoli U19,-,-,
matteo-egan,2024-07-01,24/25,Empoli U17,Empoli U18,-,-,
matteo-egan,2023-07-01,23/24,Empoli FC Youth,Empoli U17,-,-,
matthew-harris,2021-07-01,21/22,Penybont,Merthyr Town,free transfer,-,free
matthew-harris,2019-07-01,19/20,Merthyr Town,Penybont,free transfer,-,free
matthew-harris,2018-07-01,18/19,Briton Ferry,Merthyr Town,free transfer,-,free
matthew-harris,2017-07-01,17/18,Merthyr Town,Briton Ferry,free transfer,-,free
matthew-harris,2010-07-01,10/11,Neath,Merthyr Town,free transfer,-,free
matthew-harris,2010-05-31,09/10,Afan Lido,Neath,End of loan,-,loan end
matthew-harris,2010-01-14,09/10,Neath,Afan Lido,loan transfer,-,loan
matthew-harris,2009-07-01,09/10,Merthyr Tydfil,Neath,free transfer,-,free
matthew-healy,2025-01-14,24/25,Francs Borains,Shamrock Rovers,?,€500k,
matthew-healy,2023-07-16,23/24,Ipswich U21,Francs Borains,free transfer,€100k,free
matthew-healy,2023-06-30,22/23,Cork City,Ipswich U21,End of loan,€100k,loan end
matthew-healy,2023-01-06,22/23,Ipswich U21,Cork City,loan transfer,-,loan
matthew-healy,2022-11-30,21/22,Cork City,Ipswich Town U23,End of loan,-,loan end
matthew-healy,2022-01-31,21/22,Ipswich Town U23,Cork City,loan transfer,-,loan
matthew-healy,2020-07-01,20/21,Ipswich U18,Ipswich Town U23,-,-,
matthew-healy,2018-07-01,18/19,Corinthians,Ipswich U18,?,-,
matthew-moore,2026-07-01,26/27,Hoffenheim U19,Hoffenheim II,-,-,
matthew-moore,2024-07-01,24/25,Hoffenheim U17,Hoffenheim U19,-,-,
matthew-moore,2023-07-01,23/24,Cork Academy,Hoffenheim U17,?,-,
matthew-murray,2024-01-01,23/24,Cork Academy,Cork City,-,-,
matthew-ohara,2026-07-29,26/27,St. Pat's,Without Club,-,-,
matthew-ohara,2025-03-03,24/25,Pat's Academy,St. Pat's,-,-,
max-bardell,2026-07-28,26/27,Buxton,Halifax Town,free transfer,-,free
max-bardell,2025-07-24,25/26,Derby U21,Buxton,free transfer,-,free
max-bardell,2025-05-31,24/25,Fylde,Derby U21,End of loan,-,loan end
max-bardell,2024-10-30,24/25,Derby U21,Fylde,loan transfer,€100k,loan
max-bardell,2021-07-01,21/22,Derby U18,Derby U23,-,€100k,
max-bardell,2019-07-01,19/20,Man City Youth,Derby U18,free transfer,-,free
max-ferguson,2026-01-01,25/26,Shels Academy,Dundalk FC,free transfer,-,free
max-johnston,2026-07-01,26/27,Finn Harps,Institute,free transfer,-,free
max-johnston,2023-04-14,22/23,Harps Academy,Finn Harps,-,-,
max-johnston,2022-01-01,21/22,Letterkenny,Harps Academy,free transfer,-,free
max-johnston,2021-01-01,20/21,Harps Academy,Letterkenny,free transfer,-,free
max-johnston,2020-01-01,19/20,Letterkenny,Harps Academy,free transfer,-,free
max-kovalevskis,2024-04-26,23/24,Rovers Academy,Shamrock Rovers,-,-,
max-oleary,2026-01-22,25/26,Bristol City,West Brom,?,€2.50m,
max-oleary,2020-05-31,19/20,Shrewsbury,Bristol City,End of loan,€600k,loan end
max-oleary,2019-07-05,19/20,Bristol City,Shrewsbury,loan transfer,€750k,loan
max-oleary,2018-05-31,17/18,Solihull Moors,Bristol City,End of loan,€50k,loan end
max-oleary,2018-01-03,17/18,Bristol City,Solihull Moors,loan transfer,€50k,loan
max-oleary,2017-12-31,17/18,Solihull Moors,Bristol City,End of loan,€50k,loan end
max-oleary,2017-11-24,17/18,Bristol City,Solihull Moors,loan transfer,€50k,loan
max-oleary,2017-04-30,16/17,Bath City,Bristol City,End of loan,€50k,loan end
max-oleary,2017-03-11,16/17,Bristol City,Bath City,loan transfer,€50k,loan
max-oleary,2017-03-05,16/17,Bath City,Bristol City,End of loan,€50k,loan end
max-oleary,2016-08-26,16/17,Bristol City,Bath City,loan transfer,-,loan
max-oleary,2016-05-31,15/16,Kidderminster,Bristol City,End of loan,-,loan end
max-oleary,2016-03-17,15/16,Bristol City,Kidderminster,loan transfer,-,loan
max-oleary,2015-07-01,15/16,Bristol U18,Bristol City,-,-,
mayowa-animasahun,2023-05-31,22/23,Dungannon,Dundalk FC,End of loan,€75k,loan end
mayowa-animasahun,2022-08-11,22/23,Dundalk FC,Dungannon,loan transfer,€25k,loan
mayowa-animasahun,2021-02-01,20/21,Bohs Academy,Dundalk FC,free transfer,-,free
michael-duffy,2022-01-01,21/22,Dundalk FC,Derry City,free transfer,€200k,free
michael-duffy,2017-01-31,16/17,Celtic,Dundalk FC,free transfer,€100k,free
michael-duffy,2017-01-30,16/17,Dundee FC,Celtic,End of loan,€100k,loan end
michael-duffy,2016-07-01,16/17,Celtic,Dundee FC,loan transfer,€75k,loan
michael-duffy,2016-05-01,15/16,Alloa Athletic,Celtic,End of loan,€75k,loan end
michael-duffy,2015-07-03,15/16,Celtic,Alloa Athletic,loan transfer,€50k,loan
michael-duffy,2015-02-02,14/15,Derry City,Celtic,€136k,€50k,fee
michael-duffy,2013-01-01,12/13,Derry Academy,Derry City,-,-,
michael-kelly,2026-07-01,26/27,Accrington,Without Club,-,€75k,
michael-kelly,2024-07-01,24/25,MK Dons,Accrington,free transfer,€100k,free
michael-kelly,2023-09-09,23/24,Without Club,MK Dons,-,€75k,
michael-kelly,2023-07-01,23/24,Carlisle United,Without Club,-,€75k,
michael-kelly,2022-07-30,22/23,Bray Wanderers,Carlisle United,free transfer,€25k,free
michael-kelly,2022-01-22,21/22,Longford Town,Bray Wanderers,free transfer,€25k,free
michael-kelly,2021-02-26,20/21,Cabinteely,Longford Town,free transfer,-,free
michael-kelly,2020-02-04,19/20,Bohemians,Cabinteely,free transfer,-,free
michael-kelly,2019-08-01,19/20,Without Club,Bohemians,-,-,
michael-kelly,2019-01-01,18/19,Longford Town,Without Club,-,-,
michael-kelly,2018-01-01,17/18,Cabinteely,Longford Town,free transfer,-,free
michael-kelly,2016-01-01,15/16,Rovers Academy,Cabinteely,free transfer,-,free
michael-kelly,2013-01-01,12/13,Dunboyne,Rovers Academy,free transfer,-,free
michael-mccolgan,2026-08-14,26/27,Derry Academy,Derry City,-,-,
michael-noonan,2025-01-15,24/25,St. Pat's,Shamrock Rovers,free transfer,-,free
michael-noonan,2024-02-15,23/24,Pat's Academy,St. Pat's,-,-,
michael-noonan,2022-01-01,21/22,Ballyoulster,Pat's Academy,free transfer,-,free
michael-obafemi,2026-05-31,25/26,Blackpool,Burnley,End of loan,€600k,loan end
michael-obafemi,2026-01-21,25/26,Burnley,Blackpool,loan transfer,€1.00m,loan
michael-obafemi,2026-01-20,25/26,VfL Bochum,Burnley,End of loan,€1.00m,loan end
michael-obafemi,2025-09-01,25/26,Burnley,VfL Bochum,loan transfer,€1.70m,loan
michael-obafemi,2025-05-31,24/25,Plymouth,Burnley,End of loan,€1.70m,loan end
michael-obafemi,2024-08-22,24/25,Burnley,Plymouth,loan transfer,€2.20m,loan
michael-obafemi,2024-05-31,23/24,Millwall,Burnley,End of loan,€2.20m,loan end
michael-obafemi,2024-01-23,23/24,Burnley,Millwall,loan transfer,€3.50m,loan
michael-obafemi,2023-07-01,23/24,Swansea,Burnley,€4.00m,€5.00m,fee
michael-obafemi,2023-05-31,22/23,Burnley,Swansea,End of loan,€4.00m,loan end
michael-obafemi,2023-01-29,22/23,Swansea,Burnley,loan transfer,€4.00m,loan
michael-obafemi,2021-08-31,21/22,Southampton,Swansea,€2.00m,€3.00m,fee
michael-obafemi,2019-01-01,18/19,Southampt. U23,Southampton,-,€1.00m,
michael-obafemi,2018-07-01,18/19,Southampton U18,Southampt. U23,-,-,
michael-obafemi,2016-07-01,16/17,Leyton Orient Y,Southampton U18,free transfer,-,free
michael-obafemi,2015-07-01,15/16,Watford Yth.,Leyton Orient Y,free transfer,-,free
michael-obafemi,2014-07-01,14/15,Arsenal Youth,Watford Yth.,free transfer,-,free
michael-obafemi,2012-07-01,12/13,Chelsea Youth,Arsenal Youth,free transfer,-,free
michael-obafemi,2010-07-01,10/11,Ryan FC,Chelsea Youth,free transfer,-,free
mikey-johnston,2024-08-30,24/25,Celtic,West Brom,€3.50m,€3.00m,fee
mikey-johnston,2024-05-31,23/24,West Brom,Celtic,End of loan,€3.00m,loan end
mikey-johnston,2024-02-01,23/24,Celtic,West Brom,loan transfer,€1.20m,loan
mikey-johnston,2023-06-30,22/23,Vit. Guimarães,Celtic,End of loan,€1.50m,loan end
mikey-johnston,2022-09-01,22/23,Celtic,Vit. Guimarães,loan transfer,€800k,loan
mikey-johnston,2019-07-01,19/20,Celtic B,Celtic,-,€100k,
mikey-johnston,2018-07-01,18/19,Celtic U20,Celtic B,-,-,
mikey-johnston,2016-07-01,16/17,Celtic U17,Celtic U20,-,-,
mikey-johnston,2014-07-01,14/15,Celtic Youth,Celtic U17,-,-,
mikey-place,2026-01-07,25/26,Finn Harps,Carrick Rangers,free transfer,-,free
mikey-place,2025-01-11,24/25,Ballymena Utd,Finn Harps,free transfer,€50k,free
mikey-place,2022-01-08,21/22,Galway United,Ballymena Utd,free transfer,-,free
mikey-place,2020-01-01,19/20,Finn Harps,Galway United,free transfer,-,free
mikey-place,2018-05-24,17/18,Without Club,Finn Harps,-,-,
mikey-place,2018-01-01,17/18,Derry City,Without Club,-,-,
mikey-place,2017-07-27,17/18,Sligo Rovers,Derry City,free transfer,-,free
mikey-place,2016-01-01,15/16,Sligo Academy,Sligo Rovers,-,-,
millenic-alli,2026-07-26,26/27,Luton,Charlton,€1.80m,€1.50m,fee
millenic-alli,2026-06-30,25/26,Portsmouth,Luton,End of loan,€1.50m,loan end
millenic-alli,2026-01-14,25/26,Luton,Portsmouth,loan transfer,€1.10m,loan
millenic-alli,2025-01-30,24/25,Exeter City,Luton,€1.80m,€250k,fee
millenic-alli,2024-01-30,23/24,Halifax Town,Exeter City,?,-,
millenic-alli,2022-07-15,22/23,Stockport,Halifax Town,free transfer,-,free
millenic-alli,2022-06-30,21/22,Chorley,Stockport,End of loan,-,loan end
millenic-alli,2021-08-04,21/22,Stockport,Chorley,loan transfer,-,loan
millenic-alli,2021-07-12,21/22,Ashton United,Stockport,free transfer,-,free
millenic-alli,2020-07-01,20/21,South Shields,Ashton United,free transfer,-,free
millenic-alli,2020-05-31,19/20,Workington AFC,South Shields,End of loan,-,loan end
millenic-alli,2020-02-01,19/20,South Shields,Workington AFC,loan transfer,-,loan
millenic-alli,2019-11-30,19/20,Workington AFC,South Shields,End of loan,-,loan end
millenic-alli,2019-10-30,19/20,South Shields,Workington AFC,loan transfer,-,loan
millenic-alli,2019-07-01,19/20,Bury FC U18,South Shields,free transfer,-,free
muhammad-oladiti,2026-07-10,26/27,Waterford FC,Fleetwood U21,free transfer,-,free
muhammad-oladiti,2026-06-30,25/26,Wexford FC,Waterford FC,End of loan,-,loan end
muhammad-oladiti,2026-02-25,25/26,Waterford FC,Wexford FC,loan transfer,-,loan
muhammad-oladiti,2025-07-16,25/26,Rovers Academy,Waterford FC,free transfer,-,free
naj-razi,2026-02-07,25/26,Without Club,Shamrock Rovers,-,€275k,
naj-razi,2025-09-01,25/26,Como U19,Without Club,-,€300k,
naj-razi,2024-02-01,23/24,Shamrock Rovers,Como U19,€500k,€50k,fee
naj-razi,2023-04-28,22/23,Rovers Academy,Shamrock Rovers,-,-,
nathan-collins,2023-07-04,23/24,Wolves,Brentford,€26.85m,€22.00m,fee
nathan-collins,2022-07-12,22/23,Burnley,Wolves,€24.30m,€10.00m,fee
nathan-collins,2021-07-01,21/22,Stoke City,Burnley,€14.00m,€8.00m,fee
nathan-collins,2019-07-01,19/20,Stoke City U23,Stoke City,-,-,
nathan-collins,2018-07-01,18/19,Stoke U18,Stoke City U23,-,-,
nathan-collins,2016-07-01,16/17,Cherry Orchard FC,Stoke U18,?,-,
nathan-fraser,2024-12-12,24/25,Zulte Waregem,Wolves,End of loan,€800k,loan end
nathan-fraser,2024-08-19,24/25,Wolves,Zulte Waregem,loan transfer,€1.00m,loan
nathan-fraser,2024-01-01,23/24,Wolves U21,Wolves,-,€1.00m,
nathan-fraser,2022-07-01,22/23,Wolves U18,Wolves U21,-,-,
nathan-fraser,2021-07-01,21/22,Wolves Yth.,Wolves U18,-,-,
neil-farrugia,2026-01-14,25/26,Barnsley,Dundee United,?,€125k,
neil-farrugia,2025-01-03,24/25,Shamrock Rovers,Barnsley,free transfer,€125k,free
neil-farrugia,2019-07-01,19/20,UCD,Shamrock Rovers,?,-,
neil-farrugia,2017-01-01,16/17,UCD Academy,UCD,-,-,
neil-farrugia,2015-07-01,15/16,Belvedere FC,UCD Academy,free transfer,-,free
neill-byrne,2026-07-01,26/27,Bradford,Doncaster,free transfer,€50k,free
neill-byrne,2026-06-30,25/26,Doncaster,Bradford,End of loan,€50k,loan end
neill-byrne,2026-01-26,25/26,Bradford,Doncaster,loan transfer,€50k,loan
neill-byrne,2024-07-01,24/25,Stockport,Bradford,?,€100k,
neill-byrne,2023-01-06,22/23,Tranmere,Stockport,?,€50k,
neill-byrne,2022-07-01,22/23,Hartlepool,Tranmere,?,€50k,
neill-byrne,2021-07-16,21/22,Halifax Town,Hartlepool,?,€50k,
neill-byrne,2020-09-23,20/21,Fylde,Halifax Town,free transfer,€50k,free
neill-byrne,2018-07-01,18/19,Gateshead,Fylde,free transfer,€50k,free
neill-byrne,2017-07-01,17/18,Macclesfield,Gateshead,free transfer,€50k,free
neill-byrne,2015-07-11,15/16,Telford Utd,Macclesfield,free transfer,€50k,free
neill-byrne,2013-07-01,13/14,Rochdale,Telford Utd,free transfer,€50k,free
neill-byrne,2013-04-28,12/13,Southport,Rochdale,End of loan,€50k,loan end
neill-byrne,2013-01-31,12/13,Rochdale,Southport,loan transfer,€50k,loan
neill-byrne,2012-12-19,12/13,Barrow,Rochdale,End of loan,€50k,loan end
neill-byrne,2012-11-22,12/13,Rochdale,Barrow,loan transfer,€50k,loan
neill-byrne,2012-01-01,11/12,Nottingham U18,Rochdale,free transfer,€50k,free
niall-canavan,2026-08-01,26/27,Barrow,Boston Utd,free transfer,€50k,free
niall-canavan,2022-01-31,21/22,Bradford,Barrow,?,€125k,
niall-canavan,2021-01-12,20/21,Plymouth,Bradford,?,€125k,
niall-canavan,2018-07-01,18/19,Rochdale,Plymouth,free transfer,€125k,free
niall-canavan,2016-07-01,16/17,Scunthorpe Utd.,Rochdale,free transfer,€125k,free
niall-canavan,2016-06-30,15/16,Rochdale,Scunthorpe Utd.,End of loan,€125k,loan end
niall-canavan,2016-02-15,15/16,Scunthorpe Utd.,Rochdale,loan transfer,€100k,loan
niall-canavan,2011-05-01,10/11,Shrewsbury,Scunthorpe Utd.,End of loan,€50k,loan end
niall-canavan,2011-03-01,10/11,Scunthorpe Utd.,Shrewsbury,loan transfer,€50k,loan
niall-canavan,2009-07-01,09/10,Scunthorpe U18,Scunthorpe Utd.,-,-,
niall-morahan,2025-01-01,24/25,Sligo Rovers,Bohemians,free transfer,€150k,free
niall-morahan,2017-08-02,17/18,Sligo Academy,Sligo Rovers,-,-,
niall-sullivan,2026-02-05,25/26,Pat's Academy,St. Pat's,-,-,
noah-jauny,2026-08-12,26/27,Stade Brestois,Francs Borains,?,-,
noah-jauny,2024-07-01,24/25,Brest B,Stade Brestois,-,-,
noah-jauny,2022-07-01,22/23,Stade Brest U19,Brest B,-,-,
noah-jauny,2020-07-01,20/21,Rovers Academy,Stade Brest U19,?,-,
noah-jauny,2016-07-01,16/17,Farm Academy,Rovers Academy,free transfer,-,free
noah-obrien,2025-02-15,24/25,WFC Academy,Waterford FC,-,-,
odhran-casey,2026-01-14,25/26,Cliftonville,Shelbourne,€115k,€175k,fee
odhran-casey,2022-05-31,21/22,Newry City,Cliftonville,End of loan,€25k,loan end
odhran-casey,2022-01-31,21/22,Cliftonville,Newry City,loan transfer,€25k,loan
odhran-casey,2020-08-11,20/21,Cliftonv. U18,Cliftonville,-,-,
oisin-duffy,2026-07-01,26/27,Strabane AFC,Limavady United,free transfer,-,free
oisin-duffy,2025-07-01,25/26,Institute,Strabane AFC,free transfer,-,free
oisin-duffy,2024-07-01,24/25,Derry Academy,Institute,free transfer,-,free
oisin-gallagher,2026-07-21,26/27,Lincoln City,Barnet,loan transfer,-,loan
oisin-gallagher,2026-05-31,25/26,Boston Utd,Lincoln City,End of loan,-,loan end
oisin-gallagher,2025-11-15,25/26,Lincoln City,Boston Utd,loan transfer,-,loan
oisin-gallagher,2025-05-08,24/25,Boston Utd,Lincoln City,End of loan,€50k,loan end
oisin-gallagher,2025-01-09,24/25,Lincoln City,Boston Utd,loan transfer,€50k,loan
oisin-gallagher,2025-01-08,24/25,Peterb Sports,Lincoln City,End of loan,€50k,loan end
oisin-gallagher,2024-08-09,24/25,Lincoln City,Peterb Sports,loan transfer,€50k,loan
oisin-gallagher,2024-06-30,23/24,Drogheda United,Lincoln City,End of loan,€50k,loan end
oisin-gallagher,2024-01-15,23/24,Lincoln City,Drogheda United,loan transfer,-,loan
oisin-gallagher,2024-01-01,23/24,Peterb Sports,Lincoln City,End of loan,-,loan end
oisin-gallagher,2023-10-13,23/24,Lincoln City,Peterb Sports,loan transfer,-,loan
oisin-gallagher,2023-07-01,23/24,Lincoln U18,Lincoln City,-,-,
oisin-gallagher,2023-04-21,22/23,Barwell,Lincoln U18,End of loan,-,loan end
oisin-gallagher,2023-02-04,22/23,Lincoln U18,Barwell,loan transfer,-,loan
oisin-gallagher,2021-07-01,21/22,Derry Academy,Lincoln U18,?,-,
oisin-kelly,2026-02-14,25/26,Sligo Academy,Sligo Rovers,-,-,
oisin-mcdonagh,2025-07-01,25/26,Venezia U17,Venezia U19,-,-,
oisin-mcdonagh,2024-08-26,24/25,Wexford FC,Venezia U17,?,-,
oisin-mcdonagh,2024-01-29,23/24,Rovers Academy,Wexford FC,free transfer,-,free
oisin-mcdonagh,2022-01-01,21/22,Glynn Barntown,Rovers Academy,free transfer,-,free
oisin-mcentee,2025-07-01,25/26,Walsall,Heart of Midl.,free transfer,€200k,free
oisin-mcentee,2022-07-01,22/23,Newcastle U21,Walsall,free transfer,€125k,free
oisin-mcentee,2022-05-01,21/22,Morton,Newcastle U23,End of loan,€125k,loan end
oisin-mcentee,2021-08-31,21/22,Newcastle U23,Morton,loan transfer,-,loan
oisin-mcentee,2019-07-01,19/20,Newcastle U18,Newcastle U23,-,-,
oisin-obrien,2026-06-19,25/26,Derry Academy,Derry City,-,-,
olamide-ibrahim,2026-07-01,26/27,Bala,Without Club,-,€50k,
olamide-ibrahim,2025-08-08,25/26,Legnago,Bala,free transfer,€50k,free
olamide-ibrahim,2025-06-30,24/25,Portogruaro,Legnago,End of loan,€50k,loan end
olamide-ibrahim,2025-01-24,24/25,Legnago,Portogruaro,loan transfer,€50k,loan
olamide-ibrahim,2024-08-01,24/25,Kety Bistrica,Legnago,free transfer,€100k,free
olamide-ibrahim,2024-02-14,23/24,Without Club,Kety Bistrica,-,-,
olamide-ibrahim,2023-07-01,23/24,Derby U21,Without Club,-,€100k,
olamide-ibrahim,2022-11-14,22/23,Hednesford,Derby U21,End of loan,€100k,loan end
olamide-ibrahim,2022-10-17,22/23,Derby U21,Hednesford,loan transfer,€100k,loan
olamide-ibrahim,2022-07-01,22/23,Derby U18,Derby U21,-,€100k,
olamide-ibrahim,2020-07-01,20/21,Man Utd Youth,Derby U18,free transfer,-,free
ollie-oneill,2024-01-23,23/24,Fulham U21,Leyton Orient,?,€250k,
ollie-oneill,2023-06-30,22/23,Derry City,Fulham U21,End of loan,€250k,loan end
ollie-oneill,2023-02-16,22/23,Fulham U21,Derry City,loan transfer,€250k,loan
ollie-oneill,2021-07-01,21/22,Fulham U18,Fulham U23,-,-,
ollie-oneill,2019-07-01,19/20,Fulham Youth,Fulham U18,-,-,
ollie-oneill,2016-07-01,16/17,Brentford Yth.,Fulham Youth,free transfer,-,free
onesime-tembe,2026-08-08,26/27,Nocerina,Ragusa,free transfer,€50k,free
onesime-tembe,2026-02-09,25/26,Without Club,Nocerina,-,-,
onesime-tembe,2026-01-01,25/26,Akademisk BK,Without Club,-,-,
onesime-tembe,2025-12-31,25/26,FC Rosengård,Akademisk BK,End of loan,-,loan end
onesime-tembe,2025-07-08,25/26,Akademisk BK,FC Rosengård,loan transfer,-,loan
onesime-tembe,2024-09-05,24/25,Bohs Academy,Akademisk BK,?,-,
onesime-tembe,2024-01-01,23/24,Rovers Academy,Bohs Academy,free transfer,-,free
orion-cala,2025-07-11,25/26,WFC Academy,Waterford FC,-,-,
owen-elding,2026-01-29,25/26,Sligo Rovers,Hibernian FC,€400k,€350k,fee
owen-elding,2023-02-01,22/23,LTFC Academy,Sligo Rovers,free transfer,-,free
owen-elding,2021-07-01,21/22,Sligo Academy,LTFC Academy,free transfer,-,free
owen-mason,2026-08-14,26/27,Mansfield Town,Bromley,?,€50k,
owen-mason,2026-04-26,25/26,Southend United,Mansfield Town,End of loan,€50k,loan end
owen-mason,2026-01-20,25/26,Mansfield Town,Southend United,loan transfer,€50k,loan
owen-mason,2025-05-31,24/25,Gateshead,Mansfield Town,End of loan,-,loan end
owen-mason,2024-11-13,24/25,Mansfield Town,Gateshead,loan transfer,€50k,loan
owen-mason,2024-07-25,24/25,Wexford FC,Mansfield Town,End of loan,€50k,loan end
owen-mason,2023-07-12,23/24,Mansfield Town,Wexford FC,loan transfer,€50k,loan
owen-mason,2023-05-31,22/23,Farsley,Mansfield Town,End of loan,-,loan end
owen-mason,2022-09-12,22/23,Mansfield Town,Farsley,loan transfer,-,loan
owen-mason,2022-07-01,22/23,Mansfield U18,Mansfield Town,-,-,
owen-mason,2022-01-09,21/22,Guiseley,Mansfield U18,End of loan,-,loan end
owen-mason,2021-12-11,21/22,Mansfield U18,Guiseley,loan transfer,-,loan
paddy-madden,2026-08-11,26/27,Chesterfield,Bohemians,free transfer,€25k,free
paddy-madden,2026-05-31,25/26,Accrington,Chesterfield,End of loan,€25k,loan end
paddy-madden,2025-08-21,25/26,Chesterfield,Accrington,loan transfer,€50k,loan
paddy-madden,2024-07-01,24/25,Stockport,Chesterfield,free transfer,-,free
paddy-madden,2021-03-15,20/21,Fleetwood,Stockport,€180k,-,fee
paddy-madden,2018-01-02,17/18,Scunthorpe Utd.,Fleetwood,€170k,€350k,fee
paddy-madden,2014-01-10,13/14,Yeovil Town,Scunthorpe Utd.,€250k,€250k,fee
paddy-madden,2013-01-02,12/13,Carlisle United,Yeovil Town,?,€50k,
paddy-madden,2013-01-01,12/13,Yeovil Town,Carlisle United,End of loan,€50k,loan end
paddy-madden,2012-10-04,12/13,Carlisle United,Yeovil Town,loan transfer,€50k,loan
paddy-madden,2011-01-31,10/11,Bohemians,Carlisle United,€25k,€50k,fee
paddy-madden,2009-06-29,08/09,Shelbourne,Bohemians,End of loan,-,loan end
paddy-madden,2009-02-10,08/09,Bohemians,Shelbourne,loan transfer,-,loan
paddy-madden,2008-07-08,08/09,Bohs Academy,Bohemians,-,-,
padraig-amond,2024-01-26,23/24,Woking,Waterford FC,free transfer,-,free
padraig-amond,2022-07-01,22/23,Newport County,Woking,free transfer,€300k,free
padraig-amond,2022-05-31,21/22,Exeter City,Newport County,End of loan,€300k,loan end
padraig-amond,2021-08-10,21/22,Newport County,Exeter City,loan transfer,€300k,loan
padraig-amond,2017-08-23,17/18,Hartlepool,Newport County,?,€300k,
padraig-amond,2016-07-01,16/17,Grimsby Town,Hartlepool,free transfer,€300k,free
padraig-amond,2015-07-01,15/16,Morecambe FC,Grimsby Town,free transfer,€300k,free
padraig-amond,2013-08-01,13/14,Accrington,Morecambe FC,free transfer,€300k,free
padraig-amond,2012-08-13,12/13,Paços Ferreira,Accrington,free transfer,€300k,free
padraig-amond,2012-06-30,11/12,Accrington,Paços Ferreira,End of loan,€300k,loan end
padraig-amond,2011-08-26,11/12,Paços Ferreira,Accrington,loan transfer,€300k,loan
padraig-amond,2010-08-01,10/11,Sligo Rovers,Paços Ferreira,€65k,€100k,fee
padraig-amond,2010-01-01,09/10,Shamrock Rovers,Sligo Rovers,free transfer,€100k,free
padraig-amond,2007-06-30,06/07,Kildare County,Shamrock Rovers,End of loan,-,loan end
padraig-amond,2007-01-01,06/07,Shamrock Rovers,Kildare County,loan transfer,-,loan
padraig-amond,2006-01-01,05/06,Rovers Academy,Shamrock Rovers,-,-,
pat-hoban,2025-07-10,25/26,Derry City,Glentoran,?,€125k,
pat-hoban,2024-01-10,23/24,Dundalk FC,Derry City,€30k,€125k,fee
pat-hoban,2018-01-01,17/18,Without Club,Dundalk FC,-,€50k,
pat-hoban,2017-07-01,17/18,Mansfield Town,Without Club,-,€50k,
pat-hoban,2016-07-01,16/17,Oxford United,Mansfield Town,free transfer,€50k,free
pat-hoban,2016-05-31,15/16,Grimsby Town,Oxford United,End of loan,€50k,loan end
pat-hoban,2016-03-01,15/16,Oxford United,Grimsby Town,loan transfer,€50k,loan
pat-hoban,2016-02-29,15/16,Stevenage,Oxford United,End of loan,€50k,loan end
pat-hoban,2016-02-01,15/16,Oxford United,Stevenage,loan transfer,€50k,loan
pat-hoban,2015-01-01,14/15,Dundalk FC,Oxford United,free transfer,€50k,free
pat-hoban,2013-01-01,12/13,Mervue United,Dundalk FC,free transfer,€50k,free
pat-hoban,2011-07-01,11/12,Bristol City,Mervue United,free transfer,€50k,free
pat-hoban,2010-12-01,10/11,Clevedon Town FC,Bristol City,End of loan,€50k,loan end
pat-hoban,2010-11-01,10/11,Bristol City,Clevedon Town FC,loan transfer,€50k,loan
pat-hoban,2010-07-01,10/11,Mervue United,Bristol City,free transfer,-,free
pat-hoban,2009-01-01,08/09,Mervue Academy,Mervue United,-,-,
patrick-barrett,2023-01-01,22/23,St. Pat's,Shelbourne,free transfer,€75k,free
patrick-barrett,2021-02-23,20/21,Svay Rieng,St. Pat's,free transfer,€200k,free
patrick-barrett,2021-01-15,20/21,Indy Eleven,Svay Rieng,free transfer,€200k,free
patrick-barrett,2018-12-05,18/19,Cincinnati,Indy Eleven,free transfer,€150k,free
patrick-barrett,2018-01-01,17/18,Dundalk FC,Cincinnati,free transfer,€50k,free
patrick-barrett,2017-12-31,17/18,Waterford FC,Dundalk FC,End of loan,€50k,loan end
patrick-barrett,2017-07-31,17/18,Dundalk FC,Waterford FC,loan transfer,€50k,loan
patrick-barrett,2015-01-01,14/15,Galway United,Dundalk FC,free transfer,€50k,free
patrick-barrett,2014-07-28,14/15,Waterford Utd,Galway United,free transfer,€50k,free
patrick-barrett,2014-02-10,13/14,Dundee United,Waterford Utd,free transfer,€50k,free
patrick-barrett,2013-11-03,13/14,Waterford Utd,Dundee United,End of loan,-,loan end
patrick-barrett,2013-07-02,13/14,Dundee United,Waterford Utd,loan transfer,-,loan
patrick-barrett,2013-07-01,13/14,Dundee Utd U20,Dundee United,-,-,
patrick-barrett,2010-10-01,10/11,Aberdeen FC U20,Dundee Utd U20,free transfer,-,free
patrick-mcclean,2026-01-16,25/26,Sligo Rovers,Derry City,€25k,€100k,fee
patrick-mcclean,2025-07-01,25/26,Glentoran,Sligo Rovers,?,€75k,
patrick-mcclean,2023-07-23,23/24,Career break,Glentoran,-,-,
patrick-mcclean,2023-02-12,22/23,Glentoran,Career break,-,-,
patrick-mcclean,2019-07-29,19/20,Derry City,Glentoran,free transfer,-,free
patrick-mcclean,2019-01-02,18/19,Sligo Rovers,Derry City,free transfer,-,free
patrick-mcclean,2018-02-21,17/18,Waterford FC,Sligo Rovers,?,-,
patrick-mcclean,2017-01-01,16/17,Derry City,Waterford FC,free transfer,-,free
patrick-mcclean,2015-01-01,14/15,Derry Academy,Derry City,-,-,
paudie-oconnor,2025-07-01,25/26,Lincoln City,Reading,free transfer,€600k,free
paudie-oconnor,2022-07-01,22/23,Bradford,Lincoln City,free transfer,€100k,free
paudie-oconnor,2019-07-01,19/20,Leeds,Bradford,free transfer,€100k,free
paudie-oconnor,2019-06-30,18/19,Bradford,Leeds,End of loan,€100k,loan end
paudie-oconnor,2019-01-08,18/19,Leeds,Bradford,loan transfer,-,loan
paudie-oconnor,2019-01-07,18/19,Blackpool,Leeds,End of loan,-,loan end
paudie-oconnor,2018-07-06,18/19,Leeds,Blackpool,loan transfer,-,loan
paudie-oconnor,2017-03-06,16/17,Limerick FC,Leeds,?,-,
paudie-oconnor,2015-01-01,14/15,LFC Academy,Limerick FC,-,-,
paul-doyle,2026-01-26,25/26,Drogheda United,Dungannon,free transfer,€100k,free
paul-doyle,2025-01-17,24/25,Dundalk FC,Drogheda United,free transfer,€100k,free
paul-doyle,2022-01-01,21/22,UCD,Dundalk FC,free transfer,€50k,free
paul-doyle,2018-01-01,17/18,Sligo Academy,UCD,free transfer,-,free
paul-mcgovern,2026-07-01,26/27,Glenavon,Falkirk,?,€100k,
paul-mcgovern,2024-08-28,24/25,Newry U18,Glenavon,free transfer,-,free
pearse-obrien,2026-08-01,26/27,Friars,Coastal,free transfer,-,free
pearse-obrien,2026-07-31,26/27,Western Mass,Friars,End of loan,-,loan end
pearse-obrien,2026-05-01,25/26,Friars,Western Mass,loan transfer,-,loan
pearse-obrien,2025-08-01,25/26,Vermont Green,Friars,End of loan,-,loan end
pearse-obrien,2025-05-01,24/25,Friars,Vermont Green,loan transfer,-,loan
pearse-obrien,2024-08-01,24/25,Vermont Green,Friars,End of loan,-,loan end
pearse-obrien,2024-03-27,23/24,Friars,Vermont Green,loan transfer,-,loan
pearse-obrien,2023-08-01,23/24,Oakwood U19,Friars,free transfer,€25k,free
pearse-obrien,2022-11-30,22/23,Hartford,Oakwood U19,End of loan,€25k,loan end
pearse-obrien,2022-02-17,21/22,Oakwood U19,Hartford,loan transfer,€25k,loan
pearse-obrien,2022-01-01,21/22,RSL Academy,Oakwood U19,free transfer,€25k,free
pearse-obrien,2021-11-30,21/22,Real Monarchs,RSL Academy,End of loan,€25k,loan end
pearse-obrien,2021-05-08,20/21,RSL Academy,Real Monarchs,loan transfer,-,loan
pearse-obrien,2021-01-13,20/21,Oakwood U19,RSL Academy,free transfer,-,free
peter-maguire,2026-08-25,26/27,Dungannon,Glenavon,?,€50k,
peter-maguire,2025-07-01,25/26,Ballinamallard,Dungannon,free transfer,-,free
peter-maguire,2023-07-01,23/24,Sligo Rovers,Ballinamallard,?,€50k,
peter-maguire,2023-05-31,22/23,Ballinamallard,Sligo Rovers,End of loan,€50k,loan end
peter-maguire,2022-08-05,22/23,Sligo Rovers,Ballinamallard,loan transfer,€50k,loan
peter-maguire,2021-04-10,20/21,Sligo Academy,Sligo Rovers,-,-,
philip-sanyaolu,2026-08-24,26/27,QPR U21,Bristol Rovers,loan transfer,-,loan
philip-sanyaolu,2026-07-01,26/27,QPR U18,QPR U21,-,-,
philip-sanyaolu,2024-07-01,24/25,QPR Academy,QPR U18,-,-,
pierce-sweeney,2026-07-01,26/27,Exeter City,Cheltenham,free transfer,€200k,free
pierce-sweeney,2021-07-08,21/22,Swindon Town,Exeter City,free transfer,-,free
pierce-sweeney,2021-07-01,21/22,Exeter City,Swindon Town,free transfer,-,free
pierce-sweeney,2016-07-28,16/17,Reading,Exeter City,free transfer,-,free
pierce-sweeney,2012-07-06,12/13,Bray Wanderers,Reading,?,-,
pierce-sweeney,2012-01-01,11/12,Bray Academy,Bray Wanderers,-,-,
pierce-sweeney,2011-08-01,11/12,Dundalk Academy,Bray Academy,free transfer,-,free
pijus-otegbayo,2025-07-01,25/26,Stoke U18,Stoke U21,-,-,
pijus-otegbayo,2024-10-04,24/25,Without Club,Stoke U18,-,-,
pijus-otegbayo,2024-07-01,24/25,Stockport U18,Without Club,-,-,
promise-omochere,2024-07-19,24/25,Fleetwood,Bristol Rovers,€590k,€225k,fee
promise-omochere,2022-07-21,22/23,Bohemians,Fleetwood,?,€100k,
promise-omochere,2019-08-01,19/20,Bohs Academy,Bohemians,-,-,
promise-omochere,2018-01-01,17/18,UCD Academy,Bohs Academy,free transfer,-,free
rabby-tabu-minzamba,2025-01-01,24/25,Montpelier,Portadown,free transfer,-,free
rabby-tabu-minzamba,2024-07-01,24/25,Taunton Town,Montpelier,free transfer,-,free
rabby-tabu-minzamba,2023-10-12,23/24,Willand Rovers,Taunton Town,End of loan,-,loan end
rabby-tabu-minzamba,2023-09-12,23/24,Taunton Town,Willand Rovers,loan transfer,-,loan
rabby-tabu-minzamba,2023-07-01,23/24,Bath City,Taunton Town,free transfer,-,free
rabby-tabu-minzamba,2022-07-01,22/23,Highworth Town,Bath City,free transfer,-,free
rabby-tabu-minzamba,2022-01-01,21/22,Mangotsfield,Highworth Town,free transfer,-,free
rabby-tabu-minzamba,2021-07-01,21/22,Shels Academy,Mangotsfield,free transfer,-,free
ramon-martos,2025-07-01,25/26,Almería U17,Almería U19,-,-,
ramon-martos,2024-07-01,24/25,UD Almería Yout,Almería U17,-,-,
reece-staunton,2025-07-01,25/26,Spennymoor Town,Grimsby Town,?,-,
reece-staunton,2023-07-01,23/24,Bradford PA,Spennymoor Town,free transfer,-,free
reece-staunton,2022-08-12,22/23,Bradford,Bradford PA,?,-,
reece-staunton,2021-12-12,21/22,Bradford PA,Bradford,End of loan,-,loan end
reece-staunton,2021-11-12,21/22,Bradford,Bradford PA,loan transfer,-,loan
reece-staunton,2020-01-08,19/20,Bradford PA,Bradford,End of loan,-,loan end
reece-staunton,2019-12-24,19/20,Bradford U18,Bradford,-,-,
reece-staunton,2019-11-22,19/20,Bradford U18,Bradford PA,loan transfer,-,loan
reece-staunton,2019-09-23,19/20,Ossett United,Bradford U18,End of loan,-,loan end
reece-staunton,2019-08-23,19/20,Bradford U18,Ossett United,loan transfer,-,loan
rhys-bartley,2026-07-03,26/27,St. Pat's,Wexford FC,loan transfer,-,loan
rhys-bartley,2025-11-30,25/26,Bray Wanderers,St. Pat's,End of loan,-,loan end
rhys-bartley,2025-01-07,24/25,St. Pat's,Bray Wanderers,loan transfer,-,loan
rhys-bartley,2023-05-05,22/23,Pat's Academy,St. Pat's,-,-,
ricardo-dinanga,2026-08-08,26/27,Shrewsbury,Spartans,loan transfer,-,loan
ricardo-dinanga,2026-05-31,25/26,Telford Utd,Shrewsbury,End of loan,-,loan end
ricardo-dinanga,2025-08-19,25/26,Shrewsbury,Telford Utd,loan transfer,-,loan
ricardo-dinanga,2025-01-22,24/25,Telford Utd,Shrewsbury,?,-,
ricardo-dinanga,2023-07-18,23/24,Coventry U21,Telford Utd,free transfer,-,free
ricardo-dinanga,2023-05-31,22/23,Nuneaton,Coventry U21,End of loan,-,loan end
ricardo-dinanga,2023-03-23,22/23,Coventry U21,Nuneaton,loan transfer,-,loan
ricardo-dinanga,2022-12-26,22/23,Hereford,Coventry U21,End of loan,-,loan end
ricardo-dinanga,2022-11-25,22/23,Coventry U21,Hereford,loan transfer,-,loan
ricardo-dinanga,2021-07-09,21/22,Cork Academy,Coventry U21,free transfer,-,free
rob-slevin,2026-08-03,26/27,Derry City,Coleraine,loan transfer,€150k,loan
rob-slevin,2026-01-01,25/26,Galway United,Derry City,free transfer,€150k,free
rob-slevin,2023-01-01,22/23,Finn Harps,Galway United,free transfer,€50k,free
rob-slevin,2022-01-04,21/22,Cork City,Finn Harps,free transfer,-,free
rob-slevin,2020-01-01,19/20,Waterford FC,Cork City,free transfer,-,free
rob-slevin,2019-06-21,18/19,UCC,Waterford FC,free transfer,-,free
rob-slevin,2017-07-01,17/18,Carrigaline,UCC,free transfer,-,free
robbie-benson,2026-01-01,25/26,Derry City,Without Club,-,€100k,
robbie-benson,2025-01-20,24/25,Dundalk FC,Derry City,free transfer,€100k,free
robbie-benson,2022-01-01,21/22,St. Pat's,Dundalk FC,free transfer,€100k,free
robbie-benson,2020-01-01,19/20,Dundalk FC,St. Pat's,free transfer,-,free
robbie-benson,2016-01-01,15/16,UCD,Dundalk FC,free transfer,-,free
robbie-benson,2010-07-01,10/11,Athlone Town,UCD,free transfer,-,free
robbie-benson,2008-02-01,07/08,Athlone Academy,Athlone Town,-,-,
robbie-brady,2026-07-01,26/27,Preston,Without Club,-,€100k,
robbie-brady,2022-07-04,22/23,Bournemouth,Preston,free transfer,€1.00m,free
robbie-brady,2021-10-18,21/22,Without Club,Bournemouth,-,€3.00m,
robbie-brady,2021-07-01,21/22,Burnley,Without Club,-,€3.00m,
robbie-brady,2017-01-31,16/17,Norwich,Burnley,€15.10m,€8.00m,fee
robbie-brady,2015-07-29,15/16,Hull City,Norwich,€9.90m,€2.00m,fee
robbie-brady,2013-01-08,12/13,Man Utd U21,Hull City,€2.50m,-,fee
robbie-brady,2013-01-07,12/13,Hull City,Man Utd U21,End of loan,-,loan end
robbie-brady,2012-11-05,12/13,Man Utd U21,Hull City,loan transfer,-,loan
robbie-brady,2012-04-30,11/12,Hull City,Man Utd Res.,End of loan,€100k,loan end
robbie-brady,2011-07-19,11/12,Man Utd Res.,Hull City,loan transfer,-,loan
robbie-brady,2010-07-01,10/11,Man Utd U18,Man Utd Res.,-,-,
robbie-brady,2008-01-01,07/08,St. Kevins Boys,Man Utd U18,?,-,
robbie-mahon,2026-01-15,25/26,Edinburgh City,Airdrieonians,?,-,
robbie-mahon,2025-07-01,25/26,Loughgall,Edinburgh City,free transfer,€50k,free
robbie-mahon,2025-01-02,24/25,Dundalk FC,Loughgall,free transfer,€50k,free
robbie-mahon,2024-01-11,23/24,Motherwell FC,Dundalk FC,free transfer,€50k,free
robbie-mahon,2024-01-04,23/24,Edinburgh City,Motherwell FC,End of loan,€50k,loan end
robbie-mahon,2023-07-14,23/24,Motherwell FC,Edinburgh City,loan transfer,€50k,loan
robbie-mahon,2023-05-31,22/23,Dunfermline A.,Motherwell FC,End of loan,€25k,loan end
robbie-mahon,2022-09-30,22/23,Motherwell FC,Dunfermline A.,loan transfer,€25k,loan
robbie-mahon,2022-03-28,21/22,Bohemians,Motherwell FC,free transfer,€25k,free
robbie-mahon,2021-01-01,20/21,Bohs Academy,Bohemians,-,-,
robert-cornwall,2026-01-13,25/26,Bohemians,Dundalk FC,free transfer,€125k,free
robert-cornwall,2024-01-01,23/24,Hailstorm FC,Bohemians,free transfer,€175k,free
robert-cornwall,2022-01-01,21/22,Bohemians,Hailstorm FC,free transfer,€75k,free
robert-cornwall,2017-01-01,16/17,Shamrock Rovers,Bohemians,free transfer,-,free
robert-cornwall,2015-11-30,15/16,Derry City,Shamrock Rovers,End of loan,-,loan end
robert-cornwall,2015-07-13,15/16,Shamrock Rovers,Derry City,loan transfer,-,loan
robert-cornwall,2014-01-01,13/14,Shelbourne,Shamrock Rovers,free transfer,-,free
robert-cornwall,2013-01-01,12/13,Shels Academy,Shelbourne,-,-,
robert-cornwall,2012-07-01,12/13,Pat's Academy,Shels Academy,free transfer,-,free
rocco-vata,2024-07-05,24/25,Celtic B,Watford,€281k,€50k,fee
rocco-vata,2021-07-08,21/22,Celtic Youth,Celtic B,-,-,
roland-idowu,2026-08-21,26/27,St. Mirren,FC Botosani,?,€150k,
roland-idowu,2025-07-01,25/26,Shrewsbury,St. Mirren,?,€150k,
roland-idowu,2025-06-30,24/25,St. Mirren,Shrewsbury,End of loan,€150k,loan end
roland-idowu,2024-07-01,24/25,Shrewsbury,St. Mirren,loan transfer,€50k,loan
roland-idowu,2024-01-01,23/24,Waterford FC,Shrewsbury,free transfer,€50k,free
roland-idowu,2022-01-28,21/22,Bohemians,Waterford FC,free transfer,€25k,free
roland-idowu,2021-08-30,21/22,Cardiff City U23,Bohemians,free transfer,-,free
roland-idowu,2020-09-21,20/21,Southampton U18,Cardiff City U23,free transfer,-,free
roland-idowu,2018-08-01,18/19,St. Josephs Boys,Southampton U18,?,-,
romeo-akachukwu,2026-07-01,26/27,Southampton U21,Southampton,-,€150k,
romeo-akachukwu,2026-05-31,25/26,Colchester Utd.,Southampton U21,End of loan,€150k,loan end
romeo-akachukwu,2026-02-02,25/26,Southampton U21,Colchester Utd.,loan transfer,€150k,loan
romeo-akachukwu,2024-08-05,24/25,Waterford FC,Southampton U21,€375k,€50k,fee
romeo-akachukwu,2022-03-04,21/22,WFC Academy,Waterford FC,-,-,
ronan-boyce,2026-01-01,25/26,Derry City,St. Pat's,free transfer,€175k,free
ronan-boyce,2019-08-30,19/20,Derry Academy,Derry City,-,-,
ronan-coughlan,2024-01-03,23/24,Waterford FC,Fleetwood,free transfer,€100k,free
ronan-coughlan,2023-02-14,22/23,St. Pat's,Waterford FC,free transfer,€100k,free
ronan-coughlan,2021-01-01,20/21,Sligo Rovers,St. Pat's,free transfer,-,free
ronan-coughlan,2019-02-14,18/19,Cork City,Sligo Rovers,free transfer,-,free
ronan-coughlan,2018-07-12,18/19,Bray Wanderers,Cork City,?,-,
ronan-coughlan,2018-02-09,17/18,Without Club,Bray Wanderers,-,-,
ronan-coughlan,2017-07-01,17/18,Huddersf. U23,Without Club,-,-,
ronan-coughlan,2014-07-10,14/15,LFC Academy,Huddersf. U21,?,-,
ronan-curtis,2026-01-10,25/26,Port Vale,Plymouth,?,€200k,
ronan-curtis,2024-07-01,24/25,AFC Wimbledon,Port Vale,free transfer,€200k,free
ronan-curtis,2024-01-19,23/24,Without Club,AFC Wimbledon,-,€300k,
ronan-curtis,2023-07-01,23/24,Portsmouth,Without Club,-,€400k,
ronan-curtis,2018-07-01,18/19,Derry City,Portsmouth,€110k,-,fee
ronan-curtis,2015-07-01,15/16,Derry Academy,Derry City,-,-,
ronan-dawson,2026-07-01,26/27,Rovers Academy,Longford Town,free transfer,-,free
ronan-dawson,2025-01-01,24/25,Bray Academy,Rovers Academy,free transfer,-,free
ronan-doherty,2026-01-21,25/26,Coleraine,Larne FC,?,€100k,
ronan-doherty,2025-01-10,24/25,Cliftonville,Coleraine,?,€225k,
ronan-doherty,2019-07-01,19/20,Institute,Cliftonville,free transfer,-,free
ronan-doherty,2018-07-01,18/19,Cockhill Celtic,Institute,free transfer,-,free
ronan-doherty,2016-03-01,15/16,Institute U20,Cockhill Celtic,free transfer,-,free
ronan-maher,2026-05-31,25/26,Tamworth,Walsall,End of loan,€75k,loan end
ronan-maher,2025-10-04,25/26,Walsall,Tamworth,loan transfer,€75k,loan
ronan-maher,2025-05-31,25/26,Tamworth,Walsall,End of loan,€75k,loan end
ronan-maher,2025-04-06,24/25,Tamworth,Walsall,End of loan,€75k,loan end
ronan-maher,2025-02-07,24/25,Walsall,Tamworth,loan transfer,€75k,loan
ronan-maher,2024-12-22,24/25,Tamworth,Walsall,End of loan,€75k,loan end
ronan-maher,2024-11-22,24/25,Walsall,Tamworth,loan transfer,€75k,loan
ronan-maher,2024-05-31,23/24,Rushall,Walsall,End of loan,€100k,loan end
ronan-maher,2024-01-26,23/24,Walsall,Rushall,loan transfer,€100k,loan
ronan-maher,2023-11-07,23/24,Rushall,Walsall,End of loan,€100k,loan end
ronan-maher,2023-08-25,23/24,Walsall,Rushall,loan transfer,€100k,loan
ronan-maher,2022-07-01,22/23,Walsall U18,Walsall,-,-,
ronan-mansfield,2026-07-06,26/27,Waterford FC,Cobh Ramblers,loan transfer,€100k,loan
ronan-mansfield,2025-06-30,24/25,Fleetwood U21,Waterford FC,End of loan,-,loan end
ronan-mansfield,2024-08-16,24/25,Waterford FC,Fleetwood U21,loan transfer,-,loan
ronan-mansfield,2023-03-31,22/23,WFC Academy,Waterford FC,-,-,
ronan-teahan,2026-01-01,25/26,Kerry FC,Dundalk FC,free transfer,-,free
ronan-teahan,2023-01-20,22/23,Kerry Academy,Kerry FC,-,-,
rory-finneran,2024-07-30,24/25,Blackburn U21,Newcastle U21,?,-,
rory-finneran,2024-07-01,24/25,Blackburn U18,Blackburn U21,-,-,
rory-finneran,2023-07-01,23/24,Blackburn Acad.,Blackburn U18,-,-,
rory-gaffney,2020-02-24,19/20,Salford,Shamrock Rovers,free transfer,€150k,free
rory-gaffney,2020-02-23,19/20,Walsall,Salford,End of loan,€150k,loan end
rory-gaffney,2019-08-31,19/20,Salford,Walsall,loan transfer,€150k,loan
rory-gaffney,2018-07-01,18/19,Bristol Rovers,Salford,?,€150k,
rory-gaffney,2016-01-14,15/16,Cambridge Utd.,Bristol Rovers,?,-,
rory-gaffney,2016-01-03,15/16,Bristol Rovers,Cambridge Utd.,End of loan,-,loan end
rory-gaffney,2015-11-26,15/16,Cambridge Utd.,Bristol Rovers,loan transfer,-,loan
rory-gaffney,2015-01-01,14/15,Limerick FC,Cambridge Utd.,free transfer,-,free
rory-gaffney,2011-07-01,11/12,Mervue United,Limerick FC,free transfer,-,free
rory-gaffney,2009-01-01,08/09,Mervue Academy,Mervue United,-,-,
rory-hale,2021-01-01,20/21,Crusaders,Cliftonville,free transfer,-,free
rory-hale,2019-01-01,18/19,Without Club,Crusaders,-,-,
rory-hale,2018-10-31,18/19,Derry City,Without Club,-,-,
rory-hale,2018-01-01,17/18,Galway United,Derry City,free transfer,-,free
rory-hale,2017-08-04,17/18,Aston Villa U23,Galway United,free transfer,-,free
rory-hale,2015-07-01,15/16,Cliftonv. Res.,Aston Villa U21,?,-,
rory-hale,2014-07-01,14/15,Cliftonv. U18,Cliftonv. Res.,-,-,
ross-taheny,2026-07-01,26/27,Abu Dhabi Wolf.,Ballinamallard,free transfer,-,free
ross-taheny,2022-01-01,21/22,Ballinamallard,Abu Dhabi Wolf.,free transfer,-,free
ross-taheny,2016-07-27,16/17,Sligo Rovers,Ballinamallard,free transfer,-,free
ross-taheny,2015-01-01,14/15,Sligo Academy,Sligo Rovers,-,-,
ross-tierney,2024-07-01,24/25,Motherwell FC,Bohemians,?,€350k,
ross-tierney,2024-05-31,23/24,Walsall,Motherwell FC,End of loan,€350k,loan end
ross-tierney,2023-07-24,23/24,Motherwell FC,Walsall,loan transfer,€350k,loan
ross-tierney,2022-01-01,21/22,Bohemians,Motherwell FC,free transfer,€150k,free
ross-tierney,2019-07-01,18/19,Bohs Academy,Bohemians,-,-,
ruari-paton,2026-07-01,26/27,Port Vale,St. Johnstone,?,€225k,
ruari-paton,2026-05-31,25/26,St. Johnstone,Port Vale,End of loan,€225k,loan end
ruari-paton,2026-02-02,25/26,Port Vale,St. Johnstone,loan transfer,€225k,loan
ruari-paton,2025-06-30,24/25,Dundee United,Port Vale,End of loan,€200k,loan end
ruari-paton,2025-01-20,24/25,Port Vale,Dundee United,loan transfer,€200k,loan
ruari-paton,2024-07-15,24/25,Queen's Park,Port Vale,?,€250k,
ruari-paton,2023-07-01,23/24,Queen o. t. S.,Queen's Park,free transfer,-,free
ruari-paton,2021-07-01,21/22,Stranraer,Queen o. t. S.,free transfer,-,free
ruari-paton,2020-07-01,20/21,East Kilbride,Stranraer,free transfer,-,free
ruari-paton,2019-07-03,19/20,Hibernian B,East Kilbride,free transfer,-,free
ruari-paton,2019-05-01,18/19,Gala Fairydean,Hibernian B,End of loan,-,loan end
ruari-paton,2018-09-18,18/19,Hibernian B,Gala Fairydean,loan transfer,-,loan
ruari-paton,2018-07-01,18/19,Hibernian FC U20,Hibernian B,-,-,
ruari-paton,2017-01-25,16/17,Hibernian FC U17,Hibernian FC U20,-,-,
ruari-paton,2016-07-01,16/17,Belvedere FC,Hibernian FC U17,?,-,
ryan-brennan,2022-01-01,21/22,Shelbourne,Drogheda United,free transfer,€75k,free
ryan-brennan,2019-01-01,18/19,St. Pat's,Shelbourne,free transfer,€50k,free
ryan-brennan,2017-11-22,17/18,Bray Wanderers,St. Pat's,free transfer,€50k,free
ryan-brennan,2016-01-01,15/16,Shamrock Rovers,Bray Wanderers,free transfer,€50k,free
ryan-brennan,2014-01-01,13/14,Drogheda United,Shamrock Rovers,free transfer,€50k,free
ryan-brennan,2012-01-01,11/12,Monaghan United,Drogheda United,free transfer,€50k,free
ryan-brennan,2011-01-01,10/11,Drogheda United,Monaghan United,free transfer,€50k,free
ryan-brennan,2010-01-01,09/10,Drogs Academy,Drogheda United,-,-,
ryan-burke,2026-01-12,25/26,Waterford FC,Bohemians,free transfer,€125k,free
ryan-burke,2023-02-14,22/23,Bohemians,Waterford FC,free transfer,€50k,free
ryan-burke,2022-07-01,22/23,Mansfield Town,Bohemians,free transfer,-,free
ryan-burke,2021-07-02,21/22,Birmingham U23,Mansfield Town,free transfer,-,free
ryan-burke,2021-01-17,20/21,Yeovil Town,Birmingham U23,End of loan,-,loan end
ryan-burke,2020-09-22,20/21,Birmingham U23,Yeovil Town,loan transfer,-,loan
ryan-burke,2019-07-01,19/20,Birmingham U18,Birmingham U23,-,-,
ryan-burke,2017-07-01,17/18,Pat's Academy,Birmingham U18,?,-,
ryan-burke,2016-07-01,16/17,St. Josephs Boys,Pat's Academy,?,-,
ryan-butler,2025-02-14,24/25,Wexford Academy,Wexford FC,-,-,
ryan-butler,2022-07-01,22/23,Bunclody AFC,Wexford Academy,free transfer,-,free
ryan-delaney,2026-07-13,26/27,Swindon Town,Oldham Athletic,free transfer,€100k,free
ryan-delaney,2026-05-31,25/26,Newport County,Swindon Town,End of loan,€100k,loan end
ryan-delaney,2026-01-15,25/26,Swindon Town,Newport County,loan transfer,€125k,loan
ryan-delaney,2024-07-01,24/25,Newport County,Swindon Town,free transfer,€225k,free
ryan-delaney,2023-07-21,23/24,Morecambe FC,Newport County,free transfer,€225k,free
ryan-delaney,2022-05-31,21/22,Scunthorpe Utd.,Morecambe FC,End of loan,€100k,loan end
ryan-delaney,2022-01-31,21/22,Morecambe FC,Scunthorpe Utd.,loan transfer,€100k,loan
ryan-delaney,2021-07-01,21/22,Bolton,Morecambe FC,free transfer,€100k,free
ryan-delaney,2020-01-31,19/20,Rochdale,Bolton,?,€100k,
ryan-delaney,2020-01-05,19/20,AFC Wimbledon,Rochdale,End of loan,€100k,loan end
ryan-delaney,2019-09-02,19/20,Rochdale,AFC Wimbledon,loan transfer,€100k,loan
ryan-delaney,2018-01-09,17/18,Burton Albion,Rochdale,?,€100k,
ryan-delaney,2017-11-01,16/17,Cork City,Burton Albion,End of loan,€100k,loan end
ryan-delaney,2017-01-26,16/17,Burton Albion,Cork City,loan transfer,€100k,loan
ryan-delaney,2016-07-25,16/17,Wexford FC,Burton Albion,?,-,
ryan-delaney,2014-01-01,13/14,Unknown,Wexford Youths,?,-,
ryan-graydon,2026-01-09,25/26,Fleetwood,Salford,€400k,€250k,fee
ryan-graydon,2023-07-12,23/24,Derry City,Fleetwood,€105k,€150k,fee
ryan-graydon,2022-07-03,22/23,Longford Town,Derry City,€10k,-,fee
ryan-graydon,2022-01-01,21/22,Bray Wanderers,Longford Town,free transfer,-,free
ryan-graydon,2020-02-03,19/20,Bohemians,Bray Wanderers,free transfer,-,free
ryan-graydon,2018-07-01,18/19,Bohs Academy,Bohemians,-,-,
ryan-johansson,2026-07-01,26/27,Wehen Wiesbaden,Pr. Münster,free transfer,€350k,free
ryan-johansson,2024-07-08,24/25,SC Freiburg II,Wehen Wiesbaden,?,€250k,
ryan-johansson,2023-08-30,23/24,Sevilla Atl.,SC Freiburg II,free transfer,€100k,free
ryan-johansson,2022-06-30,21/22,Fortuna Sittard,Sevilla Atl.,End of loan,€100k,loan end
ryan-johansson,2021-08-13,21/22,Sevilla Atl.,Fortuna Sittard,loan transfer,€100k,loan
ryan-johansson,2020-01-22,19/20,FC Bayern U19,Sevilla Atl.,free transfer,-,free
ryan-johansson,2018-07-01,18/19,FC Bayern U17,FC Bayern U19,-,-,
ryan-johansson,2017-07-01,17/18,Without Club,FC Bayern U17,-,-,
ryan-johansson,2016-09-01,16/17,Metz U17,Without Club,-,-,
ryan-johansson,2016-07-01,16/17,Metz Youth,Metz U17,-,-,
ryan-johansson,2015-01-01,14/15,RFCU Youth,Metz Youth,free transfer,-,free
ryan-manning,2023-07-11,23/24,Swansea,Southampton,free transfer,€2.50m,free
ryan-manning,2020-10-16,20/21,QPR,Swansea,€278k,€2.40m,fee
ryan-manning,2018-12-31,18/19,Rotherham,QPR,End of loan,€250k,loan end
ryan-manning,2018-08-16,18/19,QPR,Rotherham,loan transfer,€250k,loan
ryan-manning,2015-01-08,14/15,Galway United,QPR,€68k,-,fee
ryan-manning,2014-01-30,13/14,Mervue United,Galway United,free transfer,-,free
ryan-manning,2013-01-01,12/13,Mervue Academy,Mervue United,-,-,
ryan-markey,2026-01-01,25/26,Without Club,Drogheda United,-,€50k,
ryan-markey,2025-07-01,25/26,Cliftonville,Without Club,-,€75k,
ryan-markey,2024-08-17,24/25,Kildare Academy,Cliftonville,free transfer,-,free
ryan-markey,2022-03-01,21/22,Bohs Academy,Kildare Academy,free transfer,-,free
ryan-okane,2026-01-01,25/26,Shelbourne,Sligo Rovers,?,€100k,
ryan-okane,2025-11-30,25/26,Sligo Rovers,Shelbourne,End of loan,€100k,loan end
ryan-okane,2025-07-01,25/26,Shelbourne,Sligo Rovers,loan transfer,€100k,loan
ryan-okane,2025-01-01,24/25,Dundalk FC,Shelbourne,€25k,€100k,fee
ryan-okane,2021-02-19,20/21,Cliftonv. Res.,Dundalk FC,free transfer,-,free
ryan-okane,2020-07-01,20/21,Warrenpoint,Cliftonv. Res.,free transfer,-,free
ryan-patrick-nolan,2026-07-01,26/27,Larne FC,Linfield,free transfer,€100k,free
ryan-patrick-nolan,2024-09-10,24/25,Without Club,Larne FC,-,€200k,
ryan-patrick-nolan,2024-09-03,24/25,Hércules CF,Without Club,-,€200k,
ryan-patrick-nolan,2023-07-15,23/24,Raith Rovers,Hércules CF,free transfer,€225k,free
ryan-patrick-nolan,2022-07-28,22/23,Northampton,Raith Rovers,?,€150k,
ryan-patrick-nolan,2022-04-09,21/22,Kidderminster,Northampton,End of loan,€150k,loan end
ryan-patrick-nolan,2022-03-09,21/22,Northampton,Kidderminster,loan transfer,€150k,loan
ryan-patrick-nolan,2022-02-28,21/22,Without Club,Northampton,-,€150k,
ryan-patrick-nolan,2021-07-01,21/22,Getafe CF B,Without Club,-,€150k,
ryan-patrick-nolan,2020-10-06,20/21,Arezzo,Getafe CF B,free transfer,€100k,free
ryan-patrick-nolan,2020-07-01,19/20,Giana Erminio,Arezzo,End of loan,€100k,loan end
ryan-patrick-nolan,2020-01-31,19/20,Arezzo,Giana Erminio,loan transfer,€125k,loan
ryan-patrick-nolan,2019-08-29,19/20,Inter U19,Arezzo,free transfer,€150k,free
ryan-patrick-nolan,2016-07-01,16/17,Inter U17,Inter U19,-,-,
ryan-patrick-nolan,2015-07-29,15/16,Torre Pacheco,Inter U17,?,-,
ryan-sheridan,2026-02-05,25/26,Pat's Academy,St. Pat's,-,-,
ryan-swan,2026-07-01,26/27,Annagh United,Newry City,free transfer,-,free
ryan-swan,2023-07-01,23/24,Warrenpoint,Annagh United,free transfer,-,free
ryan-swan,2020-01-08,19/20,Bohemians,Warrenpoint,free transfer,-,free
ryan-swan,2018-01-01,17/18,Cabinteely,Bohemians,free transfer,-,free
ryan-swan,2017-07-10,17/18,Exeter City,Cabinteely,free transfer,-,free
ryan-swan,2017-02-10,16/17,UCD,Exeter City,free transfer,-,free
ryan-swan,2015-02-10,14/15,Bray Academy,UCD,free transfer,-,free
ryan-swan,2013-07-01,13/14,Tolka Rovers,Bray Academy,free transfer,-,free
ryan-sweeney,2025-07-01,25/26,Burton Albion,Mansfield Town,free transfer,€400k,free
ryan-sweeney,2023-07-14,23/24,Dundee FC,Burton Albion,free transfer,€375k,free
ryan-sweeney,2021-07-01,21/22,Mansfield Town,Dundee FC,free transfer,€250k,free
ryan-sweeney,2019-01-29,18/19,Stoke City,Mansfield Town,free transfer,€250k,free
ryan-sweeney,2019-01-28,18/19,Mansfield Town,Stoke City,End of loan,€250k,loan end
ryan-sweeney,2018-08-03,18/19,Stoke City,Mansfield Town,loan transfer,€250k,loan
ryan-sweeney,2018-05-31,17/18,Bristol Rovers,Stoke City,End of loan,€250k,loan end
ryan-sweeney,2017-08-04,17/18,Stoke City,Bristol Rovers,loan transfer,€250k,loan
ryan-sweeney,2017-05-31,16/17,Bristol Rovers,Stoke City,End of loan,€250k,loan end
ryan-sweeney,2017-01-20,16/17,Stoke City,Bristol Rovers,loan transfer,€250k,loan
ryan-sweeney,2016-08-05,16/17,AFC Wimbledon,Stoke City,€295k,€250k,fee
ryan-sweeney,2015-02-06,14/15,Wimbledon U18,AFC Wimbledon,-,-,
sam-curtis,2026-05-31,25/26,Chesterfield,Sheff Utd,End of loan,€200k,loan end
sam-curtis,2026-01-04,25/26,Sheff Utd,Chesterfield,loan transfer,€175k,loan
sam-curtis,2025-07-01,25/26,Sheff Utd U21,Sheff Utd,-,€175k,
sam-curtis,2025-06-30,24/25,St. Johnstone,Sheff Utd U21,End of loan,€175k,loan end
sam-curtis,2025-01-17,24/25,Sheff Utd U21,St. Johnstone,loan transfer,€175k,loan
sam-curtis,2025-01-02,24/25,Peterborough,Sheff Utd U21,End of loan,€175k,loan end
sam-curtis,2024-08-02,24/25,Sheff Utd U21,Peterborough,loan transfer,€150k,loan
sam-curtis,2024-01-25,23/24,St. Pat's,Sheff Utd U21,free transfer,€150k,free
sam-curtis,2021-07-25,21/22,Rovers Academy,St. Pat's,free transfer,-,free
sam-foley,2026-07-10,26/27,Barrow,Chester,free transfer,€25k,free
sam-foley,2022-07-01,22/23,Tranmere,Barrow,free transfer,€250k,free
sam-foley,2021-07-22,21/22,Motherwell FC,Tranmere,free transfer,€250k,free
sam-foley,2021-01-29,20/21,St. Mirren,Motherwell FC,free transfer,€250k,free
sam-foley,2019-08-01,19/20,Northampton,St. Mirren,free transfer,€250k,free
sam-foley,2017-07-01,17/18,Port Vale,Northampton,free transfer,€250k,free
sam-foley,2015-07-01,15/16,Yeovil Town,Port Vale,free transfer,€300k,free
sam-foley,2014-04-16,13/14,Shrewsbury,Yeovil Town,End of loan,€300k,loan end
sam-foley,2014-03-07,13/14,Yeovil Town,Shrewsbury,loan transfer,€300k,loan
sam-foley,2012-07-01,12/13,Newport County,Yeovil Town,free transfer,-,free
sam-foley,2009-07-01,09/10,Kidderminster,Newport County,free transfer,-,free
sam-foley,2008-07-01,08/09,Cheltenham,Kidderminster,free transfer,-,free
sam-foley,2005-07-01,05/06,Cheltenham U18,Cheltenham,-,-,
sam-kierans,2026-08-07,26/27,Shels Academy,Newry City,free transfer,-,free
sam-kierans,2024-01-01,23/24,Dundalk Academy,Shels Academy,free transfer,-,free
sam-kierans,2023-01-01,22/23,Pat's Academy,Dundalk Academy,free transfer,-,free
sam-kierans,2022-01-01,21/22,Bohs Academy,Pat's Academy,free transfer,-,free
sam-rooney,2026-02-05,25/26,Pat's Academy,St. Pat's,-,-,
sam-steward,2026-02-05,25/26,Pat's Academy,St. Pat's,-,-,
sam-todd,2026-01-01,25/26,Derry City,Bohemians,free transfer,€150k,free
sam-todd,2025-01-01,24/25,Larne FC,Derry City,End of loan,€100k,loan end
sam-todd,2024-08-26,24/25,Derry City,Larne FC,loan transfer,€50k,loan
sam-todd,2023-07-12,23/24,UCD,Derry City,free transfer,€50k,free
sam-todd,2021-01-01,20/21,Finn Harps,UCD,free transfer,-,free
sam-todd,2019-01-01,18/19,Derry City,Finn Harps,free transfer,-,free
sam-todd,2018-11-30,18/19,Finn Harps,Derry City,End of loan,-,loan end
sam-todd,2018-01-16,17/18,Derry City,Finn Harps,loan transfer,-,loan
sam-todd,2017-01-01,16/17,Derry Academy,Derry City,-,-,
sammie-szmodics,2026-02-02,25/26,Ipswich,Derby,loan transfer,€7.00m,loan
sammie-szmodics,2024-08-16,24/25,Blackburn,Ipswich,€10.60m,€7.00m,fee
sammie-szmodics,2022-08-01,22/23,Peterborough,Blackburn,€3.00m,€500k,fee
sammie-szmodics,2020-09-08,20/21,Bristol City,Peterborough,€1.10m,€150k,fee
sammie-szmodics,2020-05-31,19/20,Peterborough,Bristol City,End of loan,€150k,loan end
sammie-szmodics,2020-01-16,19/20,Bristol City,Peterborough,loan transfer,€150k,loan
sammie-szmodics,2019-07-01,19/20,Colchester Utd.,Bristol City,€800k,€100k,fee
sammie-szmodics,2015-11-30,15/16,Braintree,Colchester Utd.,End of loan,€100k,loan end
sammie-szmodics,2015-10-30,15/16,Colchester Utd.,Braintree,loan transfer,€100k,loan
sammie-szmodics,2013-07-01,13/14,Colchester U18,Colchester Utd.,-,-,
samuel-ogungbe,2026-02-05,25/26,Pat's Academy,St. Pat's,-,-,
samuel-safaei,2026-05-31,25/26,HW Welders,Dundalk FC,End of loan,-,loan end
samuel-safaei,2026-01-01,25/26,Dundalk FC,HW Welders,loan transfer,-,loan
samuel-safaei,2024-01-21,23/24,Dundalk Academy,Dundalk FC,-,-,
samuel-safaei,2023-07-01,23/24,Bray Academy,Dundalk Academy,?,-,
scott-brady,2026-07-31,26/27,Drogheda United,Longford Town,free transfer,-,free
scott-brady,2025-01-21,24/25,Dundalk FC,Drogheda United,free transfer,-,free
scott-brady,2024-06-29,23/24,Dundalk Academy,Dundalk FC,-,-,
scott-brady,2022-01-01,21/22,Bohs Academy,Dundalk Academy,free transfer,-,free
scott-brady,2019-01-01,18/19,St. Kevins Boys,Bohs Academy,free transfer,-,free
scott-davies,2026-07-01,26/27,Slough,Aldershot,free transfer,-,free
scott-davies,2021-05-04,20/21,Biggleswade Town,Slough,free transfer,-,free
scott-davies,2020-08-07,20/21,Slough,Biggleswade Town,free transfer,-,free
scott-davies,2020-03-01,19/20,Kingstonian FC,Harlow,free transfer,-,free
scott-davies,2019-07-01,19/20,Harlow,Slough,free transfer,-,free
scott-davies,2019-02-01,18/19,Slough,Kingstonian FC,free transfer,-,free
scott-davies,2018-03-01,17/18,Oxford City,Slough,free transfer,-,free
scott-davies,2016-07-01,16/17,Wealdstone,Oxford City,free transfer,-,free
scott-davies,2015-01-27,14/15,Dunstable,Wealdstone,free transfer,€100k,free
scott-davies,2014-07-01,14/15,Oxford United,Dunstable,free transfer,€100k,free
scott-davies,2013-03-01,12/13,Without Club,Oxford United,-,€100k,
scott-davies,2012-12-31,12/13,Crawley Town,Without Club,-,€100k,
scott-davies,2011-12-31,11/12,Aldershot,Crawley Town,End of loan,€100k,loan end
scott-davies,2011-10-01,11/12,Crawley Town,Aldershot,loan transfer,€100k,loan
scott-davies,2011-07-01,11/12,Reading,Crawley Town,free transfer,€100k,free
scott-davies,2011-02-01,10/11,Bristol Rovers,Reading,End of loan,€100k,loan end
scott-davies,2011-01-01,10/11,Reading,Bristol Rovers,loan transfer,€100k,loan
scott-davies,2010-12-01,10/11,Wycombe,Reading,End of loan,€100k,loan end
scott-davies,2010-09-01,10/11,Reading,Wycombe,loan transfer,€100k,loan
scott-davies,2010-05-01,09/10,Yeovil Town,Reading,End of loan,€100k,loan end
scott-davies,2010-03-01,09/10,Reading,Yeovil Town,loan transfer,€100k,loan
scott-davies,2009-12-31,09/10,Wycombe,Reading,End of loan,€100k,loan end
scott-davies,2009-10-01,09/10,Reading,Wycombe,loan transfer,€100k,loan
scott-davies,2009-05-01,08/09,Aldershot,Reading,End of loan,-,loan end
scott-davies,2008-08-01,08/09,Reading,Aldershot,loan transfer,-,loan
scott-davies,2008-03-01,07/08,Aldershot,Reading,End of loan,-,loan end
scott-davies,2007-07-01,07/08,Reading,Aldershot,loan transfer,-,loan
scott-davies,2006-07-01,06/07,Reading U18,Reading,-,-,
scott-hogan,2026-07-01,26/27,MK Dons,Without Club,-,€150k,
scott-hogan,2024-10-04,24/25,Without Club,MK Dons,-,€600k,
scott-hogan,2024-07-01,24/25,Birmingham,Without Club,-,€600k,
scott-hogan,2020-09-16,20/21,Aston Villa,Birmingham,€2.77m,€3.20m,fee
scott-hogan,2020-06-30,19/20,Birmingham,Aston Villa,End of loan,€3.20m,loan end
scott-hogan,2020-01-29,19/20,Aston Villa,Birmingham,loan transfer,€3.00m,loan
scott-hogan,2020-01-28,19/20,Stoke City,Aston Villa,End of loan,€3.00m,loan end
scott-hogan,2019-08-07,19/20,Aston Villa,Stoke City,loan transfer,€3.00m,loan
scott-hogan,2019-05-31,18/19,Sheff Utd,Aston Villa,End of loan,€5.00m,loan end
scott-hogan,2019-01-31,18/19,Aston Villa,Sheff Utd,loan transfer,€5.00m,loan
scott-hogan,2017-01-31,16/17,Brentford,Aston Villa,€10.50m,€500k,fee
scott-hogan,2014-07-21,14/15,Rochdale,Brentford,€950k,€500k,fee
scott-hogan,2013-07-01,13/14,Hyde FC,Rochdale,free transfer,-,free
scott-hogan,2013-03-08,12/13,Ashton United,Hyde FC,free transfer,-,free
scott-hogan,2012-10-05,12/13,Stocksbridge,Ashton United,free transfer,-,free
scott-hogan,2011-12-01,11/12,Halifax Town,Stocksbridge,free transfer,-,free
scott-hogan,2011-08-01,11/12,Rochdale,Halifax Town,free transfer,-,free
scott-hogan,2010-07-01,10/11,Rochdale U18,Rochdale,-,-,
seamus-coleman,2026-07-01,26/27,Everton,Without Club,-,€200k,
seamus-coleman,2010-05-31,09/10,Blackpool,Everton,End of loan,€1.00m,loan end
seamus-coleman,2010-03-19,09/10,Everton,Blackpool,loan transfer,€1.00m,loan
seamus-coleman,2009-01-01,08/09,Sligo Rovers,Everton,€70k,€125k,fee
seamus-coleman,2006-07-01,06/07,St. Catherines,Sligo Rovers,free transfer,-,free
seamus-conneely,2015-01-01,14/15,Sligo Rovers,Accrington,free transfer,€50k,free
seamus-conneely,2012-07-01,12/13,Sheff Utd,Sligo Rovers,free transfer,€50k,free
seamus-conneely,2012-05-01,11/12,Alfreton,Sheff Utd,End of loan,€50k,loan end
seamus-conneely,2012-03-01,11/12,Sheff Utd,Alfreton,loan transfer,€50k,loan
seamus-conneely,2011-01-01,10/11,Galway United,Sheff Utd,free transfer,€50k,free
seamus-conneely,2007-01-01,06/07,Galway Academy,Galway United,-,-,
seamus-conneely,2006-07-01,06/07,Mervue Academy,Galway Academy,free transfer,-,free
seamus-maughan,2026-06-12,25/26,Sligo Academy,Sligo Rovers,-,-,
seamus-maughan,2023-01-01,22/23,Castlebar,Sligo Academy,free transfer,-,free
sean-boyd,2022-01-01,21/22,Finn Harps,Shelbourne,free transfer,€50k,free
sean-boyd,2021-03-08,20/21,Career break,Finn Harps,-,-,
sean-boyd,2020-01-01,19/20,Longford Town,Career break,-,-,
sean-boyd,2019-07-01,19/20,Shamrock Rovers,Longford Town,free transfer,-,free
sean-boyd,2019-06-30,18/19,Finn Harps,Shamrock Rovers,End of loan,-,loan end
sean-boyd,2019-02-20,18/19,Shamrock Rovers,Finn Harps,loan transfer,-,loan
sean-boyd,2015-06-26,14/15,Rovers Academy,Shamrock Rovers,-,-,
sean-boyd,2014-07-01,14/15,Malahide United,Rovers Academy,free transfer,-,free
sean-brennan,2026-07-28,26/27,Bray Wanderers,Athlone Town,loan transfer,-,loan
sean-brennan,2025-07-16,25/26,UCD,Bray Wanderers,free transfer,-,free
sean-brennan,2023-07-06,23/24,Drogheda United,UCD,free transfer,€50k,free
sean-brennan,2023-01-01,22/23,UCD,Drogheda United,free transfer,€75k,free
sean-brennan,2021-02-20,20/21,Southampt. U23,UCD,free transfer,-,free
sean-brennan,2021-01-01,20/21,Shamrock II,Southampt. U23,End of loan,-,loan end
sean-brennan,2020-02-01,19/20,Southampt. U23,Shamrock II,loan transfer,-,loan
sean-brennan,2019-07-01,19/20,Southampton U18,Southampt. U23,-,-,
sean-brennan,2019-05-01,18/19,Longford Town,Southampton U18,End of loan,-,loan end
sean-brennan,2019-02-01,18/19,Southampton U18,Longford Town,loan transfer,-,loan
sean-brennan,2017-07-01,17/18,Belvedere FC,Southampton U18,?,-,
sean-costelloe,2026-07-10,26/27,WFC Academy,Fleetwood,free transfer,-,free
sean-costelloe,2025-01-01,24/25,Treaty United,WFC Academy,free transfer,-,free
sean-costelloe,2024-01-01,23/24,Treaty Academy,Treaty United,-,-,
sean-gannon,2024-01-01,23/24,Shamrock Rovers,Shelbourne,free transfer,€100k,free
sean-gannon,2021-01-01,20/21,Dundalk FC,Shamrock Rovers,free transfer,-,free
sean-gannon,2014-01-01,13/14,St. Pat's,Dundalk FC,free transfer,-,free
sean-gannon,2013-01-01,12/13,Shamrock Rovers,St. Pat's,free transfer,-,free
sean-gannon,2011-07-01,11/12,Rovers Academy,Shamrock Rovers,-,-,
sean-grehan,2025-07-01,25/26,Palace U21,Doncaster,?,€150k,
sean-grehan,2025-06-14,24/25,Bohemians,Palace U21,End of loan,€150k,loan end
sean-grehan,2025-02-21,24/25,Palace U21,Bohemians,loan transfer,€150k,loan
sean-grehan,2024-04-04,23/24,Carlisle United,Palace U21,End of loan,€150k,loan end
sean-grehan,2024-01-04,23/24,Palace U21,Carlisle United,loan transfer,€150k,loan
sean-grehan,2022-08-03,22/23,Without Club,Palace U21,-,€75k,
sean-grehan,2022-01-01,21/22,Bohemians,Without Club,-,€75k,
sean-grehan,2021-02-01,20/21,Bohs Academy,Bohemians,-,-,
sean-hoare,2025-01-02,24/25,Shamrock Rovers,St. Pat's,free transfer,€150k,free
sean-hoare,2021-01-01,20/21,Dundalk FC,Shamrock Rovers,free transfer,-,free
sean-hoare,2017-01-01,16/17,St. Pat's,Dundalk FC,free transfer,-,free
sean-hoare,2012-10-01,12/13,Pat's Academy,St. Pat's,-,-,
sean-keane,2025-02-21,24/25,WFC Academy,Waterford FC,-,-,
sean-keogh,2025-08-01,25/26,Dundalk FC,Brighton U21,€150k,-,fee
sean-keogh,2024-02-07,23/24,Dundalk Academy,Dundalk FC,-,-,
sean-long,2026-08-08,26/27,Forest Green,Weston-super-M.,free transfer,-,free
sean-long,2024-07-01,24/25,Cheltenham,Forest Green,free transfer,€275k,free
sean-long,2018-07-01,18/19,Lincoln City,Cheltenham,free transfer,-,free
sean-long,2017-07-01,17/18,Reading,Lincoln City,free transfer,-,free
sean-long,2017-05-31,16/17,Lincoln City,Reading,End of loan,-,loan end
sean-long,2017-01-05,16/17,Reading,Lincoln City,loan transfer,-,loan
sean-long,2017-01-02,16/17,Cambridge Utd.,Reading,End of loan,-,loan end
sean-long,2016-07-28,16/17,Reading,Cambridge Utd.,loan transfer,-,loan
sean-long,2016-05-09,15/16,Braintree,Reading,End of loan,-,loan end
sean-long,2016-03-15,15/16,Reading,Braintree,loan transfer,-,loan
sean-long,2016-01-02,15/16,Luton,Reading,End of loan,-,loan end
sean-long,2015-10-16,15/16,Reading,Luton,loan transfer,-,loan
sean-long,2014-07-01,14/15,Reading U21,Reading,-,-,
sean-long,2013-07-01,13/14,Reading U18,Reading U21,-,-,
sean-long,2012-07-01,12/13,Cherry Orchard FC,Reading U18,?,-,
sean-mcevoy,2026-07-30,26/27,Without Club,Ballinamallard,-,-,
sean-mcevoy,2025-01-01,24/25,Loyola Greyh.,Without Club,-,-,
sean-mcevoy,2022-07-01,22/23,Ballinamallard,Loyola Greyh.,free transfer,-,free
sean-mcevoy,2021-08-02,21/22,Without Club,Ballinamallard,-,-,
sean-mcevoy,2021-01-01,20/21,Bray Wanderers,Without Club,-,-,
sean-mcevoy,2020-07-24,20/21,Ballinamallard,Bray Wanderers,free transfer,-,free
sean-mcevoy,2018-07-01,18/19,St. Kevins Boys,Ballinamallard,free transfer,-,free
sean-mcginty,2026-07-01,26/27,Airdrieonians,Montrose,free transfer,€10k,free
sean-mcginty,2025-07-01,25/26,Hamilton Acad.,Airdrieonians,free transfer,€10k,free
sean-mcginty,2024-07-01,24/25,Ayr United,Hamilton Acad.,free transfer,€225k,free
sean-mcginty,2021-07-01,21/22,Morton,Ayr United,free transfer,€200k,free
sean-mcginty,2020-01-28,19/20,Partick Thistle,Morton,free transfer,€250k,free
sean-mcginty,2018-07-01,18/19,Torquay,Partick Thistle,free transfer,€75k,free
sean-mcginty,2016-07-01,16/17,Aldershot,Torquay,free transfer,€75k,free
sean-mcginty,2015-07-01,15/16,Rochdale,Aldershot,free transfer,€75k,free
sean-mcginty,2015-05-31,14/15,Aldershot,Rochdale,End of loan,€75k,loan end
sean-mcginty,2015-02-20,14/15,Rochdale,Aldershot,loan transfer,€75k,loan
sean-mcginty,2014-07-01,14/15,Sheff Utd,Rochdale,free transfer,€75k,free
sean-mcginty,2014-05-31,13/14,Rochdale,Sheff Utd,End of loan,€75k,loan end
sean-mcginty,2014-03-27,13/14,Sheff Utd,Rochdale,loan transfer,€75k,loan
sean-mcginty,2014-02-05,13/14,Northampton,Sheff Utd,End of loan,€75k,loan end
sean-mcginty,2014-01-10,13/14,Sheff Utd,Northampton,loan transfer,€75k,loan
sean-mcginty,2013-07-01,13/14,Man Utd U21,Sheff Utd,free transfer,-,free
sean-mcginty,2013-05-31,12/13,Tranmere,Man Utd U21,End of loan,-,loan end
sean-mcginty,2013-03-28,12/13,Man Utd U21,Tranmere,loan transfer,-,loan
sean-mcginty,2013-01-05,12/13,Carlisle United,Man Utd U21,End of loan,-,loan end
sean-mcginty,2012-11-06,12/13,Man Utd U21,Carlisle United,loan transfer,-,loan
sean-mcginty,2012-09-14,12/13,Oxford United,Man Utd U21,End of loan,-,loan end
sean-mcginty,2012-07-17,12/13,Man Utd U21,Oxford United,loan transfer,-,loan
sean-mcginty,2012-03-12,11/12,Morecambe FC,Man Utd Res.,End of loan,-,loan end
sean-mcginty,2012-02-27,11/12,Man Utd Res.,Morecambe FC,loan transfer,-,loan
sean-mcginty,2011-07-01,11/12,Man Utd U18,Man Utd Res.,-,-,
sean-mcginty,2009-07-01,09/10,Charlton U18,Man Utd U18,?,-,
sean-mcgrath,2026-05-04,25/26,Drogs Academy,Drogheda United,-,-,
sean-mchale,2026-07-28,26/27,Sligo Rovers,St. Pat's,End of loan,€125k,loan end
sean-mchale,2026-02-22,25/26,St. Pat's,Sligo Rovers,loan transfer,€50k,loan
sean-mchale,2025-11-30,25/26,Dundalk FC,St. Pat's,End of loan,-,loan end
sean-mchale,2025-01-10,24/25,St. Pat's,Dundalk FC,loan transfer,-,loan
sean-mchale,2024-11-30,24/25,Wexford FC,St. Pat's,End of loan,-,loan end
sean-mchale,2024-02-22,23/24,St. Pat's,Wexford FC,loan transfer,-,loan
sean-mchale,2024-02-01,23/24,Pat's Academy,St. Pat's,-,-,
sean-mcloughlin,2025-07-19,25/26,Hull City,Blackburn,€575k,€1.50m,fee
sean-mcloughlin,2019-12-31,19/20,St. Mirren,Hull City,End of loan,€50k,loan end
sean-mcloughlin,2019-08-02,19/20,Hull City,St. Mirren,loan transfer,-,loan
sean-mcloughlin,2019-07-26,19/20,Cork City,Hull City,?,-,
sean-mcloughlin,2017-07-01,17/18,UCC,Cork City,free transfer,-,free
sean-mcloughlin,2015-07-01,15/16,Cork Academy,UCC,free transfer,-,free
sean-mcloughlin,2013-07-01,13/14,Springfield R.,Cork Academy,free transfer,-,free
sean-molloy,2025-02-23,24/25,Inchicore,St. Pat's,free transfer,-,free
sean-molloy,2025-01-01,24/25,Dundalk FC,Inchicore,free transfer,€25k,free
sean-molloy,2024-01-01,23/24,Dundalk Academy,Dundalk FC,-,-,
sean-molloy,2023-02-26,22/23,Pat's Academy,Dundalk Academy,free transfer,-,free
sean-moore,2025-07-27,25/26,West Ham U21,Shelbourne,?,€150k,
sean-moore,2023-07-01,23/24,Cliftonville,West Ham U21,€198k,€125k,fee
sean-moore,2022-07-01,22/23,Cliftonv. U18,Cliftonville,-,-,
sean-murray,2026-01-02,25/26,Cork City,Ballymena Utd,free transfer,€75k,free
sean-murray,2024-07-27,24/25,Glentoran,Cork City,?,€50k,
sean-murray,2024-07-26,24/25,Cork City,Glentoran,End of loan,€50k,loan end
sean-murray,2024-01-09,23/24,Glentoran,Cork City,loan transfer,€50k,loan
sean-murray,2022-01-01,21/22,Dundalk FC,Glentoran,free transfer,€200k,free
sean-murray,2019-02-06,18/19,Vejle BK,Dundalk FC,free transfer,€350k,free
sean-murray,2018-07-26,18/19,Colchester Utd.,Vejle BK,free transfer,€750k,free
sean-murray,2017-01-31,16/17,Swindon Town,Colchester Utd.,free transfer,€750k,free
sean-murray,2016-08-31,16/17,Watford,Swindon Town,free transfer,€750k,free
sean-murray,2016-01-16,15/16,Wigan,Watford,End of loan,€750k,loan end
sean-murray,2015-08-05,15/16,Watford,Wigan,loan transfer,€750k,loan
sean-murray,2012-01-01,11/12,Watford U18,Watford,-,€75k,
sean-omahoney,2026-07-01,26/27,St. Francis,Portadown,free transfer,-,free
sean-omahoney,2020-07-01,20/21,SFFC Academy,St. Francis,-,-,
sean-raggett,2026-07-01,26/27,Rotherham,Colchester Utd.,free transfer,€150k,free
sean-raggett,2026-05-31,25/26,Cambridge Utd.,Rotherham,End of loan,€150k,loan end
sean-raggett,2026-02-02,25/26,Rotherham,Cambridge Utd.,loan transfer,€175k,loan
sean-raggett,2024-07-01,24/25,Portsmouth,Rotherham,free transfer,€300k,free
sean-raggett,2020-08-03,20/21,Norwich,Portsmouth,free transfer,€250k,free
sean-raggett,2020-07-07,19/20,Portsmouth,Norwich,End of loan,€250k,loan end
sean-raggett,2019-07-01,19/20,Norwich,Portsmouth,loan transfer,€250k,loan
sean-raggett,2019-05-31,18/19,Rotherham,Norwich,End of loan,€250k,loan end
sean-raggett,2018-07-25,18/19,Norwich,Rotherham,loan transfer,€250k,loan
sean-raggett,2018-01-02,17/18,Lincoln City,Norwich,End of loan,-,loan end
sean-raggett,2017-08-19,17/18,Norwich,Lincoln City,loan transfer,-,loan
sean-raggett,2017-08-18,17/18,Lincoln City,Norwich,€270k,-,fee
sean-raggett,2016-08-03,16/17,Dover Athletic,Lincoln City,free transfer,-,free
sean-raggett,2013-02-04,12/13,Whitstable Town,Dover Athletic,End of loan,-,loan end
sean-raggett,2013-01-04,12/13,Dover Athletic,Whitstable Town,loan transfer,-,loan
sean-raggett,2012-12-31,12/13,Herne Bay,Dover Athletic,End of loan,-,loan end
sean-raggett,2012-08-01,12/13,Dover Athletic,Herne Bay,loan transfer,-,loan
sean-raggett,2011-05-31,10/11,Sittingbourne,Dover Athletic,End of loan,-,loan end
sean-raggett,2010-10-23,10/11,Dover Athletic,Sittingbourne,loan transfer,-,loan
sean-raggett,2010-07-01,10/11,Gillingham Yth.,Dover Athletic,free transfer,-,free
sean-roughan,2025-07-01,25/26,Lincoln City,Huddersfield,free transfer,€1.00m,free
sean-roughan,2022-06-16,21/22,Drogheda United,Lincoln City,End of loan,-,loan end
sean-roughan,2022-01-26,21/22,Lincoln City,Drogheda United,loan transfer,-,loan
sean-roughan,2020-07-01,20/21,Lincoln U18,Lincoln City,-,-,
sean-roughan,2019-09-01,19/20,Phoenix FC,Lincoln U18,?,-,
sean-spaight,2024-11-01,24/25,Dundalk Academy,Dundalk FC,-,-,
senan-mullen,2026-01-27,25/26,Torino,Bohemians,loan transfer,€200k,loan
senan-mullen,2026-01-26,25/26,Mantova,Torino,End of loan,€200k,loan end
senan-mullen,2025-08-14,25/26,Torino U20,Mantova,loan transfer,€175k,loan
senan-mullen,2024-02-01,23/24,Dundalk FC,Torino U19,?,€50k,
senan-mullen,2022-03-14,21/22,Dundalk Academy,Dundalk FC,-,-,
shadrach-ogie,2026-07-25,26/27,Gillingham,Woking,free transfer,€200k,free
shadrach-ogie,2023-07-18,23/24,Leyton Orient,Gillingham,?,€125k,
shadrach-ogie,2021-05-31,20/21,Aldershot,Leyton Orient,End of loan,-,loan end
shadrach-ogie,2020-10-03,20/21,Leyton Orient,Aldershot,loan transfer,-,loan
shadrach-ogie,2020-05-31,19/20,Dover Athletic,Leyton Orient,End of loan,-,loan end
shadrach-ogie,2020-01-17,19/20,Leyton Orient,Dover Athletic,loan transfer,-,loan
shadrach-ogie,2019-07-01,19/20,Leyton U18,Leyton Orient,-,-,
shadrach-ogie,2019-05-31,18/19,Bishop's St.,Leyton U18,End of loan,-,loan end
shadrach-ogie,2019-03-16,18/19,Leyton U18,Bishop's St.,loan transfer,-,loan
shamir-fenelon,2026-07-01,26/27,Horsham,Burgess Hill,free transfer,-,free
shamir-fenelon,2021-07-07,21/22,Billericay,Horsham,free transfer,-,free
shamir-fenelon,2020-08-14,20/21,Maidenhead Utd.,Billericay,free transfer,-,free
shamir-fenelon,2019-07-01,19/20,Without Club,Maidenhead Utd.,-,-,
shamir-fenelon,2019-04-11,18/19,Aldershot,Without Club,-,-,
shamir-fenelon,2016-07-01,16/17,Crawley Town,Aldershot,free transfer,€100k,free
shamir-fenelon,2015-09-28,15/16,Whitehawk,Crawley Town,End of loan,€100k,loan end
shamir-fenelon,2015-08-29,15/16,Crawley Town,Whitehawk,loan transfer,€100k,loan
shamir-fenelon,2015-07-01,15/16,Brighton,Crawley Town,free transfer,€100k,free
shamir-fenelon,2015-03-31,14/15,Dag & Red FC,Brighton,End of loan,€100k,loan end
shamir-fenelon,2015-02-27,14/15,Brighton,Dag & Red FC,loan transfer,€100k,loan
shamir-fenelon,2015-02-02,14/15,Tranmere,Brighton,End of loan,€100k,loan end
shamir-fenelon,2014-11-21,14/15,Brighton,Tranmere,loan transfer,€100k,loan
shamir-fenelon,2014-10-08,14/15,Rochdale,Brighton,End of loan,€100k,loan end
shamir-fenelon,2014-08-29,14/15,Brighton,Rochdale,loan transfer,€100k,loan
shamir-fenelon,2014-05-31,13/14,Torquay,Brighton,End of loan,-,loan end
shamir-fenelon,2014-01-11,13/14,Brighton,Torquay,loan transfer,-,loan
shamir-fenelon,2013-12-25,13/14,Tonbridge,Brighton,End of loan,-,loan end
shamir-fenelon,2013-10-25,13/14,Brighton,Tonbridge,loan transfer,-,loan
shamir-fenelon,2012-07-01,12/13,Brighton U18,Brighton,-,-,
shane-blaney,2026-06-30,25/26,Sligo Rovers,Livingston FC,End of loan,€275k,loan end
shane-blaney,2026-01-19,25/26,Livingston FC,Sligo Rovers,loan transfer,€300k,loan
shane-blaney,2025-07-01,25/26,Motherwell FC,Livingston FC,free transfer,€300k,free
shane-blaney,2023-01-01,22/23,Sligo Rovers,Motherwell FC,free transfer,€125k,free
shane-blaney,2021-01-01,20/21,Without Club,Sligo Rovers,free transfer,-,free
shane-blaney,2020-07-01,20/21,Doncaster,Without Club,-,-,
shane-blaney,2020-06-30,19/20,Blyth Spartans,Doncaster,End of loan,-,loan end
shane-blaney,2020-02-08,19/20,Doncaster,Blyth Spartans,loan transfer,-,loan
shane-blaney,2018-11-10,18/19,Grantham,Doncaster,End of loan,-,loan end
shane-blaney,2018-10-10,18/19,Doncaster,Grantham,loan transfer,-,loan
shane-blaney,2018-09-14,18/19,Tamworth,Doncaster,End of loan,-,loan end
shane-blaney,2018-07-24,18/19,Doncaster,Tamworth,loan transfer,-,loan
shane-blaney,2018-01-16,17/18,Finn Harps,Doncaster,?,-,
shane-blaney,2017-01-01,16/17,Harps Academy,Finn Harps,-,-,
shane-byrne,2026-07-04,26/27,Brackley,Spalding United,free transfer,-,free
shane-byrne,2024-07-01,24/25,Kidderminster,Brackley,free transfer,-,free
shane-byrne,2022-07-01,22/23,Boston Utd,Kidderminster,free transfer,-,free
shane-byrne,2021-07-01,21/22,Brackley,Boston Utd,free transfer,-,free
shane-byrne,2016-07-26,16/17,Nuneaton,Brackley,free transfer,-,free
shane-byrne,2015-07-01,15/16,Corby,Nuneaton,free transfer,-,free
shane-byrne,2014-08-19,14/15,Bray Wanderers,Corby,free transfer,-,free
shane-byrne,2014-02-20,13/14,Without Club,Bray Wanderers,-,-,
shane-byrne,2013-08-14,13/14,Bury,Without Club,-,-,
shane-byrne,2012-08-22,12/13,Leicester U21,Bury,free transfer,-,free
shane-byrne,2012-01-01,11/12,Bury,Leicester Res.,End of loan,-,loan end
shane-byrne,2011-09-01,11/12,Leicester Res.,Bury,loan transfer,-,loan
shane-byrne,2011-07-01,11/12,Leicester U18,Leicester Res.,-,-,
shane-duffy,2026-07-01,26/27,Norwich,Without Club,-,€350k,
shane-duffy,2023-07-01,23/24,Fulham,Norwich,free transfer,€2.00m,free
shane-duffy,2023-01-31,22/23,Brighton,Fulham,?,€2.50m,
shane-duffy,2023-01-30,22/23,Fulham,Brighton,End of loan,€2.50m,loan end
shane-duffy,2022-08-05,22/23,Brighton,Fulham,loan transfer,€5.00m,loan
shane-duffy,2021-05-07,20/21,Celtic,Brighton,End of loan,€7.00m,loan end
shane-duffy,2020-09-02,20/21,Brighton,Celtic,"Loan fee:<br /><i class=""normaler-text"">€2.20m</i>",€9.50m,loan
shane-duffy,2016-08-26,16/17,Blackburn,Brighton,€5.25m,€1.50m,fee
shane-duffy,2014-09-01,14/15,Everton,Blackburn,€1.90m,€1.50m,fee
shane-duffy,2014-05-31,13/14,Yeovil Town,Everton,End of loan,€750k,loan end
shane-duffy,2013-09-27,13/14,Everton,Yeovil Town,loan transfer,€750k,loan
shane-duffy,2011-12-31,11/12,Scunthorpe Utd.,Everton,End of loan,-,loan end
shane-duffy,2011-08-01,11/12,Everton,Scunthorpe Utd.,loan transfer,-,loan
shane-duffy,2011-05-01,10/11,Burnley,Everton,End of loan,-,loan end
shane-duffy,2011-03-01,10/11,Everton,Burnley,loan transfer,-,loan
shane-duffy,2010-07-01,10/11,Everton U18,Everton,-,€500k,
shane-duffy,2008-07-01,08/09,Foyle Harps,Everton U18,?,-,
shane-farrell,2024-07-01,24/25,Shelbourne,Drogheda United,free transfer,€100k,free
shane-farrell,2018-01-08,17/18,Finglas United,Shelbourne,free transfer,-,free
shane-flynn,2026-07-01,26/27,Without Club,Connah's Quay,free transfer,-,free
shane-flynn,2025-11-01,25/26,Kettering,Without Club,-,-,
shane-flynn,2025-07-20,25/26,Ballymena Utd,Kettering,free transfer,€25k,free
shane-flynn,2025-02-04,24/25,Waterford FC,Ballymena Utd,free transfer,€75k,free
shane-flynn,2024-07-10,24/25,Leicester U21,Waterford FC,free transfer,-,free
shane-flynn,2020-07-01,20/21,Leicester U18,Leicester U23,-,-,
shane-flynn,2018-07-01,18/19,Bray Academy,Leicester U18,?,-,
shane-flynn,2018-01-01,17/18,Leicester Yth.,Bray Academy,free transfer,-,free
shane-flynn,2017-07-01,17/18,St. Josephs Boys,Leicester Yth.,?,-,
shane-mcloughlin,2025-07-28,25/26,Newport County,Cambridge Utd.,free transfer,€225k,free
shane-mcloughlin,2023-07-10,23/24,Salford,Newport County,free transfer,€175k,free
shane-mcloughlin,2023-01-26,22/23,Morecambe FC,Salford,free transfer,€250k,free
shane-mcloughlin,2021-07-13,21/22,AFC Wimbledon,Morecambe FC,free transfer,-,free
shane-mcloughlin,2019-01-31,18/19,Ipswich Town U23,AFC Wimbledon,free transfer,-,free
shane-mcloughlin,2018-04-27,17/18,Bromley,Ipswich Town U23,End of loan,-,loan end
shane-mcloughlin,2018-03-21,17/18,Ipswich Town U23,Bromley,loan transfer,-,loan
shane-mcloughlin,2017-05-31,16/17,Bromley,Ipswich Town U23,End of loan,-,loan end
shane-mcloughlin,2017-03-23,16/17,Ipswich Town U23,Bromley,loan transfer,-,loan
shane-mcloughlin,2016-07-01,16/17,Ipswich U18,Ipswich Town U23,-,-,
shane-mcloughlin,2013-07-01,13/14,St. Brendan,Ipswich U18,free transfer,-,free
shane-tracey,2025-02-13,24/25,Bohs Academy,Dundalk FC,free transfer,-,free
shane-tracey,2025-01-01,24/25,Shels Academy,Bohs Academy,free transfer,-,free
shaun-platt,2025-06-20,24/25,Dundalk Academy,Dundalk FC,-,-,
shaun-wade,2026-05-31,25/26,Derby U21,Chelsea U21,End of loan,-,loan end
shaun-wade,2026-02-02,25/26,Chelsea U21,Derby U21,loan transfer,-,loan
shaun-wade,2024-07-01,24/25,Chelsea U18,Chelsea U21,-,-,
shaun-wade,2023-07-01,23/24,Chelsea Youth,Chelsea U18,-,-,
shaun-wade,2021-09-03,21/22,Bristol C. Aca.,Chelsea Youth,?,-,
shay-casey,2025-10-17,25/26,Dundalk Academy,Dundalk FC,-,-,
shea-mcgarry,2026-07-01,26/27,Cliftonv. U18,Celtic U18,?,-,
simon-power,2025-01-01,24/25,Sligo Rovers,St. Pat's,free transfer,€125k,free
simon-power,2024-01-01,23/24,Shamrock Rovers,Sligo Rovers,free transfer,€100k,free
simon-power,2022-07-27,22/23,Harrogate Town,Shamrock Rovers,free transfer,€150k,free
simon-power,2021-01-18,20/21,Norwich,Harrogate Town,?,€150k,
simon-power,2021-01-17,20/21,King's Lynn,Norwich,End of loan,€150k,loan end
simon-power,2020-08-05,20/21,Norwich,King's Lynn,loan transfer,€150k,loan
simon-power,2020-07-31,19/20,King's Lynn,Norwich,End of loan,€150k,loan end
simon-power,2020-01-17,19/20,Norwich City U23,King's Lynn,loan transfer,€150k,loan
simon-power,2020-01-06,19/20,Ross County,Norwich City U23,End of loan,€150k,loan end
simon-power,2019-07-04,19/20,Norwich City U23,Ross County,loan transfer,€150k,loan
simon-power,2019-06-30,18/19,FC Dordrecht,Norwich City U23,End of loan,€150k,loan end
simon-power,2019-01-01,18/19,Norwich City U23,FC Dordrecht,loan transfer,-,loan
simon-power,2018-01-03,17/18,UCD,Norwich City U23,?,-,
simon-power,2016-07-01,16/17,UCD Academy,UCD,-,-,
simon-power,2016-01-01,15/16,Cabinteely,UCD Academy,free transfer,-,free
sinclair-armstrong,2026-07-01,26/27,Bristol City,Göztepe,€1.75m,€2.50m,fee
sinclair-armstrong,2024-07-19,24/25,QPR,Bristol City,€2.95m,€1.00m,fee
sinclair-armstrong,2022-07-01,22/23,QPR U18,QPR,-,-,
sinclair-armstrong,2022-05-31,21/22,Aldershot,QPR U18,End of loan,-,loan end
sinclair-armstrong,2022-04-11,21/22,QPR U18,Aldershot,loan transfer,-,loan
sinclair-armstrong,2022-01-03,21/22,Torquay,QPR U18,End of loan,-,loan end
sinclair-armstrong,2021-10-18,21/22,QPR U18,Torquay,loan transfer,-,loan
sinclair-armstrong,2020-10-23,20/21,Rovers Academy,QPR U18,€710k,-,fee
sonny-perkins,2026-07-01,26/27,Leyton Orient,Wigan,?,€600k,
sonny-perkins,2025-01-31,24/25,Leeds U21,Leyton Orient,?,€1.00m,
sonny-perkins,2025-01-30,24/25,Leyton Orient,Leeds U21,End of loan,€1.00m,loan end
sonny-perkins,2024-07-01,24/25,Leeds U21,Leyton Orient,loan transfer,€1.00m,loan
sonny-perkins,2024-01-03,23/24,Oxford United,Leeds U21,End of loan,€1.00m,loan end
sonny-perkins,2023-08-25,23/24,Leeds U21,Oxford United,loan transfer,€1.20m,loan
sonny-perkins,2022-07-19,22/23,West Ham U21,Leeds U21,free transfer,€1.20m,free
sonny-perkins,2021-07-01,21/22,West Ham U18,West Ham U23,-,-,
sonny-perkins,2020-07-01,20/21,West Ham Yth.,West Ham U18,-,-,
sonny-perkins,2019-01-01,18/19,Leyton Orient Y,West Ham Yth.,?,-,
stephen-kenny,2022-07-01,22/23,Athlone Town,Passage AFC,free transfer,-,free
stephen-kenny,2022-02-13,21/22,Avondale United,Athlone Town,free transfer,-,free
stephen-kenny,2020-07-01,20/21,Without Club,Avondale United,-,-,
stephen-kenny,2019-07-01,19/20,Cobh Ramblers,Without Club,-,-,
stephen-kenny,2018-07-09,18/19,Galway United,Cobh Ramblers,free transfer,-,free
stephen-kenny,2018-02-14,17/18,Limerick FC,Galway United,free transfer,-,free
stephen-kenny,2016-01-01,15/16,Cobh Ramblers,Limerick FC,free transfer,-,free
stephen-kenny,2014-07-01,14/15,Waterford Utd,Cobh Ramblers,free transfer,-,free
stephen-kenny,2014-03-05,13/14,Cork City,Waterford Utd,free transfer,-,free
stephen-kenny,2012-01-01,11/12,Cork Academy,Cork City,-,-,
stephen-mallon,2025-07-03,25/26,Sligo Rovers,Glenavon,free transfer,€75k,free
stephen-mallon,2024-07-01,24/25,Cliftonville,Sligo Rovers,free transfer,€75k,free
stephen-mallon,2022-07-02,22/23,Bohemians,Cliftonville,free transfer,€50k,free
stephen-mallon,2021-01-12,20/21,Sheffield U23,Bohemians,free transfer,€25k,free
stephen-mallon,2020-11-26,19/20,Derry City,Sheffield U23,End of loan,€25k,loan end
stephen-mallon,2020-01-10,19/20,Sheffield U23,Derry City,loan transfer,€25k,loan
stephen-mallon,2019-06-30,18/19,Central Coast,Sheffield U23,End of loan,€25k,loan end
stephen-mallon,2019-01-31,18/19,Sheffield U23,Central Coast,loan transfer,-,loan
stephen-mallon,2017-07-01,17/18,Sheff Utd U18,Sheffield U23,-,-,
stephen-mclaughlin,2020-09-11,20/21,Southend United,Mansfield Town,free transfer,€200k,free
stephen-mclaughlin,2015-08-28,15/16,Nott'm Forest,Southend United,?,€250k,
stephen-mclaughlin,2015-05-31,14/15,Southend United,Nott'm Forest,End of loan,€250k,loan end
stephen-mclaughlin,2015-03-27,14/15,Nott'm Forest,Southend United,loan transfer,€250k,loan
stephen-mclaughlin,2014-12-30,14/15,Notts County,Nott'm Forest,End of loan,€250k,loan end
stephen-mclaughlin,2014-09-29,14/15,Nott'm Forest,Notts County,loan transfer,€250k,loan
stephen-mclaughlin,2014-01-02,13/14,Bristol City,Nott'm Forest,End of loan,€250k,loan end
stephen-mclaughlin,2013-09-02,13/14,Nott'm Forest,Bristol City,loan transfer,€250k,loan
stephen-mclaughlin,2013-01-03,12/13,Derry City,Nott'm Forest,€200k,-,fee
stephen-mclaughlin,2011-01-01,10/11,Finn Harps,Derry City,free transfer,-,free
stephen-mclaughlin,2008-07-01,08/09,Harps Academy,Finn Harps,-,-,
stephen-walsh,2021-02-26,20/21,Galway Hibs.,Galway United,free transfer,-,free
stephen-walsh,2020-01-01,19/20,Galway United,Galway Hibs.,free transfer,-,free
stephen-walsh,2018-01-02,17/18,Athlone Town,Galway United,free transfer,-,free
stephen-walsh,2017-07-14,17/18,Longford Town,Athlone Town,free transfer,-,free
stephen-walsh,2017-01-01,16/17,Galway United,Longford Town,free transfer,-,free
stephen-walsh,2014-01-01,13/14,Mervue United,Galway United,free transfer,-,free
stephen-walsh,2012-01-01,11/12,Galway United,Mervue United,free transfer,-,free
stephen-walsh,2010-01-01,09/10,Galway Hibs.,Galway United,free transfer,-,free
success-edogun,2025-01-30,24/25,Finn Harps,Ballymena Utd,free transfer,-,free
success-edogun,2024-01-01,23/24,Treaty United,Finn Harps,free transfer,-,free
success-edogun,2022-07-08,22/23,Athlone Town,Treaty United,free transfer,-,free
success-edogun,2022-02-03,21/22,Maynooth Town,Athlone Town,free transfer,-,free
success-edogun,2021-07-09,21/22,Wexford FC,Maynooth Town,free transfer,-,free
success-edogun,2021-01-31,20/21,Pat's Academy,Wexford FC,free transfer,-,free
success-edogun,2020-07-01,20/21,WFC Academy,Pat's Academy,free transfer,-,free
success-edogun,2019-07-01,19/20,Freebooters,WFC Academy,free transfer,-,free
tayo-adaramola,2026-08-17,26/27,Palace U21,Cercle Brugge,€600k,€800k,fee
tayo-adaramola,2026-05-31,25/26,Sheff Wed,Palace U21,End of loan,€800k,loan end
tayo-adaramola,2026-02-01,25/26,Palace U21,Sheff Wed,loan transfer,€800k,loan
tayo-adaramola,2026-01-05,25/26,Leyton Orient,Palace U21,End of loan,€800k,loan end
tayo-adaramola,2025-07-26,25/26,Palace U21,Leyton Orient,loan transfer,€800k,loan
tayo-adaramola,2025-05-31,24/25,Bradford,Palace U21,End of loan,€800k,loan end
tayo-adaramola,2025-02-03,24/25,Palace U21,Bradford,loan transfer,€800k,loan
tayo-adaramola,2025-01-20,24/25,Stockport,Palace U21,End of loan,€800k,loan end
tayo-adaramola,2024-07-26,24/25,Palace U21,Stockport,loan transfer,€800k,loan
tayo-adaramola,2024-06-30,23/24,RWDM,Palace U21,End of loan,€800k,loan end
tayo-adaramola,2024-01-23,23/24,Palace U21,RWDM,loan transfer,€800k,loan
tayo-adaramola,2022-09-02,22/23,Coventry,Palace U21,End of loan,€400k,loan end
tayo-adaramola,2022-07-27,22/23,Palace U21,Coventry,loan transfer,-,loan
tayo-adaramola,2021-07-01,21/22,Palace U18,Palace U23,-,-,
tayo-adaramola,2020-07-01,20/21,C. Palace Yth.,Palace U18,-,-,
terence-doherty,2026-05-25,25/26,Derry Academy,Derry City,-,-,
terence-doherty,2023-01-01,22/23,CCFC Academy,Derry Academy,free transfer,-,free
theo-hennessy,2025-01-01,24/25,Drogs Academy,Drogheda United,-,-,
thomas-oconnor,2026-07-01,26/27,Wrexham,Peterborough,free transfer,€500k,free
thomas-oconnor,2026-02-02,25/26,Peterborough,Wrexham,End of loan,€500k,loan end
thomas-oconnor,2025-09-01,25/26,Wrexham,Peterborough,loan transfer,€450k,loan
thomas-oconnor,2022-01-31,21/22,Burton Albion,Wrexham,?,-,
thomas-oconnor,2021-07-01,21/22,Southampt. U23,Burton Albion,free transfer,-,free
thomas-oconnor,2021-05-31,20/21,Gillingham,Southampt. U23,End of loan,-,loan end
thomas-oconnor,2020-09-29,20/21,Southampt. U23,Gillingham,loan transfer,-,loan
thomas-oconnor,2020-05-31,19/20,Gillingham,Southampt. U23,End of loan,-,loan end
thomas-oconnor,2019-08-29,19/20,Southampt. U23,Gillingham,loan transfer,-,loan
thomas-oconnor,2016-07-01,16/17,Southampton U18,Southampt. U23,-,-,
thomas-oconnor,2015-07-01,15/16,New Ross Celtic,Southampton U18,?,-,
thomas-oluwa,2025-01-01,24/25,Wexford FC,Drogheda United,free transfer,-,free
thomas-oluwa,2024-01-01,23/24,Waterford FC,Wexford FC,free transfer,-,free
thomas-oluwa,2023-11-30,23/24,Wexford FC,Waterford FC,End of loan,-,loan end
thomas-oluwa,2023-07-14,23/24,Waterford FC,Wexford FC,loan transfer,-,loan
thomas-oluwa,2023-01-01,22/23,Athlone Town,Waterford FC,free transfer,-,free
thomas-oluwa,2022-02-10,21/22,Larne FC,Athlone Town,free transfer,€50k,free
thomas-oluwa,2021-08-31,21/22,Galway United,Larne FC,free transfer,-,free
thomas-oluwa,2021-07-02,21/22,Bohemians,Galway United,free transfer,-,free
thomas-oluwa,2021-01-01,20/21,Shamrock Rovers,Bohemians,free transfer,-,free
thomas-oluwa,2019-03-22,18/19,Rovers Academy,Shamrock Rovers,-,-,
tj-molloy,2026-07-31,26/27,Dundalk FC,Armagh City,loan transfer,-,loan
tj-molloy,2024-11-01,24/25,Dundalk Academy,Dundalk FC,-,-,
tobi-jinadu,2026-08-05,26/27,Annagh United,Warrenpoint,free transfer,-,free
tobi-jinadu,2025-07-01,25/26,Kilbarrack Utd,Annagh United,free transfer,-,free
tobi-jinadu,2024-01-01,23/24,Bohs Academy,Kilbarrack Utd,free transfer,-,free
tobi-jinadu,2023-01-01,22/23,UCD Academy,Bohs Academy,free transfer,-,free
todd-bazunu,2025-02-20,24/25,Rovers Academy,Shamrock Rovers,-,-,
tom-cannon,2025-01-23,24/25,Leicester,Sheff Utd,€11.85m,€6.00m,fee
tom-cannon,2025-01-15,24/25,Stoke City,Leicester,End of loan,€6.00m,loan end
tom-cannon,2024-08-30,24/25,Leicester,Stoke City,loan transfer,€4.00m,loan
tom-cannon,2023-09-01,23/24,Everton,Leicester,€8.80m,€5.00m,fee
tom-cannon,2023-05-31,22/23,Preston,Everton,End of loan,€3.50m,loan end
tom-cannon,2023-01-10,22/23,Everton,Preston,loan transfer,-,loan
tom-cannon,2022-07-01,22/23,Everton U21,Everton,-,-,
tom-cannon,2021-07-01,21/22,Everton U18,Everton U23,-,-,
tom-cannon,2019-07-01,19/20,Everton Youth,Everton U18,-,-,
tom-field,2026-01-12,25/26,Cavalry FC,Vancouver FC,free transfer,€150k,free
tom-field,2023-08-11,23/24,Calgary,Cavalry FC,free transfer,€75k,free
tom-field,2023-05-05,23/24,Without Club,Calgary,-,€75k,
tom-field,2022-12-01,22/23,Cavalry FC,Without Club,-,€75k,
tom-field,2021-01-01,20/21,Without Club,Cavalry FC,-,€150k,
tom-field,2020-07-01,20/21,Dundee FC,Without Club,-,€150k,
tom-field,2020-01-31,19/20,Brentford,Dundee FC,?,€150k,
tom-field,2019-01-01,18/19,Cheltenham,Brentford,End of loan,€150k,loan end
tom-field,2018-08-31,18/19,Brentford,Cheltenham,loan transfer,€150k,loan
tom-field,2018-01-01,17/18,Bradford,Brentford,End of loan,€150k,loan end
tom-field,2017-08-07,17/18,Brentford,Bradford,loan transfer,€150k,loan
tom-field,2016-07-01,16/17,Brentford U18,Brentford,-,-,
tom-hill,2026-08-04,26/27,Harrogate Town,Oldham Athletic,free transfer,€100k,free
tom-hill,2025-01-22,24/25,Liverpool U21,Harrogate Town,?,€200k,
tom-hill,2021-07-01,21/22,Liverpool U18,Liverpool U23,-,-,
tom-hill,2019-07-01,19/20,Liverpool Youth,Liverpool U18,-,-,
tom-lonergan,2025-07-18,25/26,Fleetwood,Waterford FC,free transfer,€125k,free
tom-lonergan,2025-07-17,25/26,Waterford FC,Fleetwood,End of loan,€125k,loan end
tom-lonergan,2025-01-06,24/25,Fleetwood,Waterford FC,loan transfer,€125k,loan
tom-lonergan,2024-02-01,23/24,St. Pat's,Fleetwood,€60k,€100k,fee
tom-lonergan,2023-01-01,22/23,UCD,St. Pat's,free transfer,€100k,free
tom-lonergan,2022-01-21,21/22,St. Pat's,UCD,free transfer,€50k,free
tom-lonergan,2021-06-12,20/21,Pat's Academy,St. Pat's,-,-,
tom-lonergan,2019-03-01,18/19,Cherry Orchard FC,Pat's Academy,free transfer,-,free
tom-mcgrath,2026-02-24,25/26,Cork Academy,Cork City,-,-,
tony-springett,2026-07-01,26/27,Norwich,Leyton Orient,free transfer,€800k,free
tony-springett,2024-05-31,23/24,Northampton,Norwich,End of loan,€500k,loan end
tony-springett,2024-01-15,23/24,Norwich,Northampton,loan transfer,€500k,loan
tony-springett,2023-07-01,23/24,Norwich U21,Norwich,-,€350k,
tony-springett,2023-05-31,22/23,Derby,Norwich U21,End of loan,€350k,loan end
tony-springett,2023-01-16,22/23,Norwich U21,Derby,loan transfer,-,loan
tony-springett,2021-07-01,21/22,Norwich U18,Norwich City U23,-,-,
tony-springett,2019-07-01,19/20,Norwich Yth.,Norwich U18,-,-,
trent-kone-doherty,2026-02-27,25/26,Liverpool U21,Molde FK,€750k,-,fee
trent-kone-doherty,2024-07-01,24/25,Liverpool U18,Liverpool U21,-,-,
trent-kone-doherty,2022-07-01,22/23,Derry Academy,Liverpool U18,€175k,-,fee
trevor-clarke,2026-07-02,26/27,Shamrock Rovers,Dundalk FC,?,€125k,
trevor-clarke,2024-01-13,23/24,Bristol Rovers,Shamrock Rovers,free transfer,€150k,free
trevor-clarke,2023-11-30,23/24,Shamrock Rovers,Bristol Rovers,End of loan,€150k,loan end
trevor-clarke,2023-01-06,22/23,Bristol Rovers,Shamrock Rovers,loan transfer,€150k,loan
trevor-clarke,2021-07-09,21/22,Rotherham,Bristol Rovers,?,€150k,
trevor-clarke,2019-07-29,19/20,Shamrock Rovers,Rotherham,€120k,-,fee
trevor-clarke,2015-07-01,15/16,Boro U18,Shamrock Rovers,free transfer,-,free
troy-parrott,2026-08-20,26/27,AZ Alkmaar,Real Betis,€16.00m,€25.00m,fee
troy-parrott,2024-07-13,24/25,Tottenham U21,AZ Alkmaar,€4.00m,€4.50m,fee
troy-parrott,2024-06-30,23/24,Excelsior,Tottenham U21,End of loan,€4.50m,loan end
troy-parrott,2023-08-24,23/24,Tottenham U21,Excelsior,loan transfer,€4.00m,loan
troy-parrott,2023-05-31,22/23,Preston,Tottenham U21,End of loan,€4.00m,loan end
troy-parrott,2022-07-25,22/23,Tottenham U21,Preston,loan transfer,€5.00m,loan
troy-parrott,2022-05-31,21/22,MK Dons,Tottenham U23,End of loan,€3.60m,loan end
troy-parrott,2021-07-29,21/22,Tottenham U23,MK Dons,loan transfer,€3.60m,loan
troy-parrott,2021-05-31,20/21,Ipswich,Tottenham U23,End of loan,€3.60m,loan end
troy-parrott,2021-02-01,20/21,Tottenham U23,Ipswich,loan transfer,€3.60m,loan
troy-parrott,2021-01-31,20/21,Millwall,Tottenham U23,End of loan,€3.60m,loan end
troy-parrott,2020-08-01,20/21,Tottenham U23,Millwall,loan transfer,€3.60m,loan
troy-parrott,2019-07-01,19/20,Spurs U18,Tottenham U23,-,-,
troy-parrott,2018-07-01,18/19,Tottenham Yth.,Spurs U18,-,-,
troy-parrott,2017-07-01,17/18,Belvedere FC,Tottenham Yth.,?,-,
tunmise-sobowale,2026-07-29,26/27,St. Mirren,Shamrock Rovers,?,€300k,
tunmise-sobowale,2026-07-28,26/27,Shamrock Rovers,St. Mirren,End of loan,€300k,loan end
tunmise-sobowale,2026-02-20,25/26,St. Mirren,Shamrock Rovers,loan transfer,€250k,loan
tunmise-sobowale,2025-07-19,25/26,Swindon Town,St. Mirren,?,€200k,
tunmise-sobowale,2024-07-01,24/25,Shrewsbury,Swindon Town,free transfer,€100k,free
tunmise-sobowale,2023-07-13,23/24,Waterford FC,Shrewsbury,?,-,
tunmise-sobowale,2021-11-30,21/22,Athlone Town,Waterford FC,End of loan,€10k,loan end
tunmise-sobowale,2021-07-29,21/22,Waterford FC,Athlone Town,loan transfer,-,loan
tunmise-sobowale,2020-07-31,20/21,Without Club,Waterford FC,-,-,
tunmise-sobowale,2018-11-30,18/19,Finn Harps,Without Club,-,-,
tunmise-sobowale,2018-07-12,18/19,Hércules U19,Finn Harps,free transfer,-,free
tunmise-sobowale,2018-01-01,17/18,Waterford FC,Hércules U19,free transfer,-,free
tunmise-sobowale,2017-01-01,16/17,WFC Academy,Waterford FC,-,-,
tyler-doherty,2026-07-22,26/27,St. Mochta's,Armagh City,free transfer,-,free
tyler-goodrham,2022-07-01,22/23,Oxford U21,Oxford United,-,-,
tyler-goodrham,2022-04-03,21/22,Slough,Oxford U23,End of loan,-,loan end
tyler-goodrham,2021-12-16,21/22,Oxford U23,Slough,loan transfer,-,loan
tyler-goodrham,2021-11-18,21/22,Hayes & Yeading,Oxford U23,End of loan,-,loan end
tyler-goodrham,2021-09-07,21/22,Oxford U23,Hayes & Yeading,loan transfer,-,loan
tyler-goodrham,2021-07-01,21/22,Oxford Utd U18,Oxford U23,-,-,
tyreik-wright,2024-07-04,24/25,Plymouth,Bradford,?,€250k,
tyreik-wright,2024-05-31,23/24,Bradford,Plymouth,End of loan,€250k,loan end
tyreik-wright,2024-01-15,23/24,Plymouth,Bradford,loan transfer,€250k,loan
tyreik-wright,2023-01-09,22/23,Aston Villa U21,Plymouth,?,-,
tyreik-wright,2023-01-08,22/23,Bradford,Aston Villa U21,End of loan,-,loan end
tyreik-wright,2022-09-01,22/23,Aston Villa U21,Bradford,loan transfer,-,loan
tyreik-wright,2022-05-31,21/22,Colchester Utd.,Aston Villa U23,End of loan,-,loan end
tyreik-wright,2022-01-31,21/22,Aston Villa U23,Colchester Utd.,loan transfer,-,loan
tyreik-wright,2022-01-14,21/22,Salford,Aston Villa U23,End of loan,-,loan end
tyreik-wright,2021-08-17,21/22,Aston Villa U23,Salford,loan transfer,-,loan
tyreik-wright,2021-05-31,20/21,Walsall,Aston Villa U23,End of loan,-,loan end
tyreik-wright,2021-01-13,20/21,Aston Villa U23,Walsall,loan transfer,-,loan
tyreik-wright,2019-07-01,19/20,Aston Villa U18,Aston Villa U23,-,-,
tyreik-wright,2018-07-01,18/19,Lakewood U17,Aston Villa U18,?,-,
tyreke-wilson,2026-02-12,25/26,Shelbourne,Dundalk FC,free transfer,€150k,free
tyreke-wilson,2023-01-01,22/23,Bohemians,Shelbourne,free transfer,€100k,free
tyreke-wilson,2021-01-01,20/21,Waterford FC,Bohemians,free transfer,-,free
tyreke-wilson,2020-01-31,19/20,Man City U23,Waterford FC,free transfer,-,free
tyreke-wilson,2017-07-01,17/18,Man City U18,Man City U23,-,-,
tyreke-wilson,2016-07-01,16/17,Man City Youth,Man City U18,-,-,
tyreke-wilson,2016-03-01,15/16,Cherry Orchard FC,Man City Youth,?,-,
ultan-mclaughlin,2026-07-25,26/27,Drogs Academy,Armagh City,free transfer,-,free
uniss-kargbo,2025-07-01,25/26,Bala,Colwyn Bay,free transfer,€50k,free
uniss-kargbo,2024-07-01,24/25,Dianella WE,Bala,free transfer,€50k,free
uniss-kargbo,2023-07-01,23/24,Gwelup,Dianella WE,free transfer,-,free
uniss-kargbo,2022-11-19,22/23,Cork City,Gwelup,free transfer,-,free
uniss-kargbo,2020-07-01,20/21,Cork Academy,Cork City,-,-,
victor-ozhianvuna,2025-02-13,24/25,Rovers Academy,Shamrock Rovers,-,-,
vinnie-leonard,2026-07-01,26/27,Dundalk FC,Norwich U21,€400k,€175k,fee
vinnie-leonard,2024-05-31,23/24,Dundalk Academy,Dundalk FC,-,-,
warren-davis,2023-02-03,22/23,St. Josephs Boys,Drogheda United,free transfer,-,free
warren-davis,2022-01-01,21/22,UCD Academy,St. Josephs Boys,free transfer,-,free
warren-ohora,2024-07-01,24/25,MK Dons,Hibernian FC,free transfer,€350k,free
warren-ohora,2021-01-18,20/21,Brighton U23,MK Dons,€222k,-,fee
warren-ohora,2021-01-17,20/21,MK Dons,Brighton U23,End of loan,-,loan end
warren-ohora,2020-08-21,20/21,Brighton U23,MK Dons,loan transfer,-,loan
warren-ohora,2018-01-12,17/18,Bohemians,Brighton U23,?,-,
warren-ohora,2017-01-01,16/17,Bohs Academy,Bohemians,-,-,
will-ferry,2024-07-01,24/25,Cheltenham,Dundee United,free transfer,€275k,free
will-ferry,2022-08-09,22/23,Southampton U21,Cheltenham,?,-,
will-ferry,2022-05-31,21/22,Crawley Town,Southampt. U23,End of loan,-,loan end
will-ferry,2021-08-03,21/22,Southampt. U23,Crawley Town,loan transfer,-,loan
will-ferry,2019-07-01,19/20,Southampton U18,Southampt. U23,-,-,
will-ferry,2017-07-03,17/18,Bury FC U18,Southampton U18,?,-,
will-keane,2026-07-01,26/27,Preston,Without Club,-,€300k,
will-keane,2026-05-31,25/26,Reading,Preston,End of loan,€300k,loan end
will-keane,2026-01-14,25/26,Preston,Reading,loan transfer,€500k,loan
will-keane,2023-07-14,23/24,Wigan,Preston,?,€1.00m,
will-keane,2020-10-09,20/21,Ipswich,Wigan,free transfer,€600k,free
will-keane,2019-08-20,19/20,Hull City,Ipswich,free transfer,€750k,free
will-keane,2019-05-31,18/19,Ipswich,Hull City,End of loan,€1.00m,loan end
will-keane,2019-01-04,18/19,Hull City,Ipswich,loan transfer,€1.00m,loan
will-keane,2016-08-30,16/17,Man Utd,Hull City,€1.20m,€1.50m,fee
will-keane,2016-01-01,15/16,Preston,Man Utd,End of loan,€300k,loan end
will-keane,2015-07-08,15/16,Man Utd,Preston,loan transfer,€300k,loan
will-keane,2015-05-31,14/15,Sheff Wed,Man Utd,End of loan,€300k,loan end
will-keane,2015-01-22,14/15,Man Utd,Sheff Wed,loan transfer,€300k,loan
will-keane,2014-05-31,13/14,QPR,Man Utd,End of loan,€300k,loan end
will-keane,2014-01-31,13/14,Man Utd,QPR,loan transfer,-,loan
will-keane,2014-01-01,13/14,Wigan,Man Utd,End of loan,-,loan end
will-keane,2013-11-28,13/14,Man Utd,Wigan,loan transfer,-,loan
will-keane,2013-07-01,13/14,Man Utd U21,Man Utd,-,-,
will-keane,2011-07-01,11/12,Man Utd U18,Man Utd Res.,-,-,
will-smallbone,2026-07-01,26/27,Southampton,Without Club,-,€3.50m,
will-smallbone,2026-06-30,25/26,Millwall,Southampton,End of loan,€3.50m,loan end
will-smallbone,2025-09-01,25/26,Southampton,Millwall,loan transfer,€6.00m,loan
will-smallbone,2023-05-31,22/23,Stoke City,Southampton,End of loan,€2.20m,loan end
will-smallbone,2022-07-23,22/23,Southampton,Stoke City,loan transfer,€2.00m,loan
will-smallbone,2020-01-01,19/20,Southampt. U23,Southampton,-,-,
will-smallbone,2018-07-01,18/19,Southampton U18,Southampt. U23,-,-,
will-smallbone,2016-07-01,16/17,Southampton Aca,Southampton U18,-,-,
william-fitzgerald,2026-07-28,26/27,Sligo Rovers,Shamrock Rovers,€75k,€225k,fee
william-fitzgerald,2022-01-01,21/22,Derry City,Sligo Rovers,free transfer,€50k,free
william-fitzgerald,2021-02-22,20/21,Waterford FC,Derry City,free transfer,-,free
william-fitzgerald,2019-07-05,19/20,Limerick FC,Waterford FC,free transfer,-,free
william-fitzgerald,2018-01-01,17/18,LFC Academy,Limerick FC,-,-,
william-fitzgerald,2016-01-01,15/16,Mervue Academy,LFC Academy,free transfer,-,free
wilson-waweru,2026-08-14,26/27,Cobh Ramblers,Wealdstone,?,-,
wilson-waweru,2026-01-01,25/26,Sligo Rovers,Cobh Ramblers,free transfer,€75k,free
wilson-waweru,2024-01-01,23/24,Galway United,Sligo Rovers,free transfer,€75k,free
wilson-waweru,2023-11-30,23/24,Cobh Ramblers,Galway United,End of loan,-,loan end
wilson-waweru,2023-01-24,22/23,Galway United,Cobh Ramblers,loan transfer,-,loan
wilson-waweru,2018-07-01,18/19,Galway Academy,Galway United,-,-,
zach-dunne,2026-08-01,26/27,UCC,Loyola Ramblers,free transfer,-,free
zach-dunne,2025-01-01,24/25,Cork City,UCC,free transfer,-,free
zach-dunne,2021-09-10,21/22,Cork Academy,Cork City,-,-,
zach-nolan,2026-07-01,26/27,Without Club,The New Saints,free transfer,-,free
zach-nolan,2026-02-02,25/26,Ballymena Utd,Without Club,-,€10k,
zach-nolan,2025-11-29,25/26,Without Club,Ballymena Utd,-,-,
zach-nolan,2025-01-01,24/25,Bray Wanderers,Without Club,-,-,
zach-nolan,2023-05-12,22/23,Bray Academy,Bray Wanderers,-,-,
zack-elbouzedi,2024-07-17,24/25,AIK,St. Pat's,?,€200k,
zack-elbouzedi,2024-06-30,23/24,Swindon Town,AIK,End of loan,€200k,loan end
zack-elbouzedi,2024-01-30,23/24,AIK,Swindon Town,loan transfer,€250k,loan
zack-elbouzedi,2021-07-15,21/22,Lincoln City,AIK,?,€50k,
zack-elbouzedi,2021-05-31,20/21,Bolton,Lincoln City,End of loan,€50k,loan end
zack-elbouzedi,2021-01-16,20/21,Lincoln City,Bolton,loan transfer,€50k,loan
zack-elbouzedi,2020-01-01,19/20,Waterford FC,Lincoln City,free transfer,€50k,free
zack-elbouzedi,2019-01-01,18/19,Without Club,Waterford FC,-,€50k,
zack-elbouzedi,2018-08-31,18/19,Inverness CT,Without Club,-,€50k,
zack-elbouzedi,2018-01-27,17/18,Elgin City,Inverness CT,End of loan,€50k,loan end
zack-elbouzedi,2017-12-30,17/18,Inverness CT,Elgin City,loan transfer,-,loan
zack-elbouzedi,2017-07-07,17/18,West Brom U23,Inverness CT,free transfer,-,free
zack-elbouzedi,2015-07-01,15/16,West Brom U18,West Brom U21,-,-,
zack-elbouzedi,2014-07-01,14/15,Malahide United,West Brom U18,?,-,
zak-delaney,2026-07-01,26/27,Morton,Raith Rovers,free transfer,€100k,free
zak-delaney,2024-07-03,24/25,Arbroath,Morton,free transfer,€275k,free
zak-delaney,2024-01-12,23/24,Inverness CT,Arbroath,free transfer,€275k,free
zak-delaney,2022-07-04,22/23,West Brom U21,Inverness CT,free transfer,-,free
zak-delaney,2022-05-31,21/22,Bath City,West Brom U23,End of loan,-,loan end
zak-delaney,2021-10-29,21/22,West Brom U23,Bath City,loan transfer,-,loan
zak-delaney,2020-07-01,20/21,West Brom U18,West Brom U23,-,-,
zak-gilsenan,2026-07-06,26/27,Grimsby Town,Halifax Town,free transfer,€75k,free
zak-gilsenan,2026-04-03,25/26,Gateshead,Grimsby Town,End of loan,€75k,loan end
zak-gilsenan,2026-03-04,25/26,Grimsby Town,Gateshead,loan transfer,€75k,loan
zak-gilsenan,2026-03-03,25/26,Buxton,Grimsby Town,End of loan,€75k,loan end
zak-gilsenan,2026-01-17,25/26,Grimsby Town,Buxton,loan transfer,€75k,loan
zak-gilsenan,2025-07-02,25/26,Blackburn U21,Grimsby Town,free transfer,€100k,free
zak-gilsenan,2021-07-01,21/22,Blackburn U18,Blackburn U23,-,-,
zak-gilsenan,2019-07-01,19/20,Blackburn Acad.,Blackburn U18,-,-,
zak-gilsenan,2018-07-01,18/19,Liverpool Youth,Blackburn Acad.,free transfer,-,free
zak-gilsenan,2015-01-01,14/15,Barça Youth,Liverpool Youth,free transfer,-,free
zak-gilsenan,2012-07-01,12/13,Sorrento FC,Barça Youth,free transfer,-,free
zak-magowan,2026-07-01,26/27,Glentoran U18,West Ham U18,free transfer,-,free
zak-osullivan,2026-07-08,26/27,Waterford FC,Wexford FC,loan transfer,-,loan
zak-osullivan,2026-06-30,25/26,Fleetwood U21,Waterford FC,End of loan,-,loan end
zak-osullivan,2025-07-02,25/26,Waterford FC,Fleetwood U21,loan transfer,-,loan
zak-osullivan,2025-02-15,24/25,WFC Academy,Waterford FC,-,-,
zak-reddy,2026-07-28,26/27,Shamrock Rovers,Bray Wanderers,free transfer,-,free
zak-reddy,2024-04-26,23/24,Rovers Academy,Shamrock Rovers,-,-,
